# Blender 4.5.3 LTS
# www.blender.org
mtllib maze_grass.mtl
o Plane
v -19.450701 0.425248 16.612385
v -19.450701 0.425243 -17.850807
v -3.386406 0.425249 18.909933
v -19.450701 0.425245 -1.767984
v -19.450701 0.425246 0.529562
v -1.070331 0.425246 2.827109
v -17.171682 0.425246 0.529562
v -8.018555 0.425243 -17.850807
v -10.334631 0.425243 -17.850807
v -12.613649 0.425249 18.909933
v -10.334631 0.425249 18.909933
v -10.334631 0.425246 2.827109
v -12.613649 0.425243 -17.850807
v -14.892666 0.425243 -17.850807
v -17.171682 0.425249 18.909933
v -14.892666 0.425249 18.909933
v -14.892666 0.425246 2.827109
v -8.018555 0.425249 18.909933
v -5.702480 0.425249 18.909933
v -3.386406 0.425243 -17.850807
v -5.702480 0.425243 -17.850807
v -5.702480 0.425246 2.827109
v 3.524762 0.425246 2.827109
v 12.714946 0.425243 -15.553262
v -1.070331 0.425245 -6.363076
v -19.450701 0.425244 -10.958170
v -19.450701 0.425244 -8.660623
v 8.119854 0.425245 -6.363076
v -14.892666 0.425244 -8.660623
v -5.702480 0.425245 -6.363076
v 3.524762 0.425245 -6.363076
v 10.417400 0.425244 -8.660623
v -8.018555 0.425244 -8.660623
v -12.613649 0.425244 -8.660623
v -19.450701 0.425247 7.422201
v -19.450701 0.425247 9.719748
v -14.892666 0.425248 12.017293
v -14.892666 0.425247 9.719748
v -5.702480 0.425248 12.017293
v -8.018555 0.425247 9.719748
v -17.171682 0.425247 9.719748
v -1.070331 0.425246 5.124654
v -10.334631 0.425247 7.422201
v -14.892666 0.425246 5.124654
v -5.702480 0.425247 7.422201
v -5.702480 0.425246 5.124654
v 3.524762 0.425246 5.124654
v -19.450701 0.425246 2.827109
v -19.450701 0.425246 5.124654
v 1.227215 0.425246 5.124654
v -8.018555 0.425246 5.124654
v -3.386406 0.425246 5.124654
v -19.450701 0.425245 -6.363076
v -19.450701 0.425245 -4.065530
v -1.070331 0.425245 -4.065530
v 8.119854 0.425245 -4.065530
v -10.334631 0.425245 -4.065530
v -5.702480 0.425245 -4.065530
v 3.524762 0.425245 -4.065530
v 12.714946 0.425245 -4.065530
v -3.386406 0.425245 -4.065530
v 5.822308 0.425245 -4.065530
v -12.613649 0.425245 -4.065530
v -17.171682 0.425245 -4.065530
v -8.018555 0.425245 -4.065530
v 1.227215 0.425245 -4.065530
v 10.417400 0.425245 -4.065530
v -10.334631 0.425244 -10.958170
v -14.892666 0.425244 -10.958170
v -19.450701 0.425243 -15.553262
v -19.450701 0.425243 -13.255715
v -17.171682 0.425243 -13.255715
v 15.012492 0.425243 -13.255715
v -19.450701 0.425248 12.017293
v -19.450701 0.425248 14.314838
v -10.334631 0.425248 16.612385
v -14.892666 0.425248 16.612385
v -5.702480 0.425248 14.314838
v -12.613649 0.425248 14.314838
v -17.171682 0.425248 14.314838
v -8.018555 0.425248 14.314838
v -17.171682 0.425243 -15.553262
v 15.012492 0.425244 -10.958170
v -12.613649 0.425244 -10.958170
v -3.386406 0.425245 -6.363076
v 5.822308 0.425245 -6.363076
v -12.613649 0.425245 -6.363076
v -17.171682 0.425245 -6.363076
v 1.227215 0.425245 -6.363076
v -17.171682 0.425245 -1.767984
v 1.227215 0.425246 2.827109
v -8.018555 0.425246 2.827109
v -12.613649 0.425246 2.827109
v -3.386406 0.425246 2.827109
v -17.171682 0.425247 7.422201
v -17.171682 0.425248 12.017293
v -8.018555 0.425248 12.017293
v -12.613649 0.425248 16.612385
v -3.386406 0.425248 16.612385
v -17.171682 0.425242 -20.147539
v -8.018555 0.425242 -20.147539
v -10.334631 0.425242 -20.147539
v -12.613649 0.425242 -20.147539
v -14.892666 0.425242 -20.147539
v -3.386406 0.425242 -20.147539
v -5.702480 0.425242 -20.147539
v -18.337669 0.425249 18.909933
v -19.450701 0.425249 17.796902
v -18.625742 0.425249 18.872005
v -18.894184 0.425249 18.760813
v -19.124701 0.425249 18.583933
v -19.301580 0.425249 18.353416
v -19.412773 0.425249 18.084974
v -16.058651 0.425243 -17.850807
v -17.171682 0.425243 -16.737776
v -16.346725 0.425243 -17.812883
v -16.615168 0.425243 -17.701691
v -16.845684 0.425243 -17.524809
v -17.022566 0.425243 -17.294292
v -17.133759 0.425243 -17.025850
v -1.070331 0.425249 17.796902
v -2.183362 0.425249 18.909933
v -1.108257 0.425249 18.084974
v -1.219449 0.425249 18.353416
v -1.396330 0.425249 18.583933
v -1.626847 0.425249 18.760813
v -1.895289 0.425249 18.872005
v -1.070331 0.425243 -18.963839
v -2.183362 0.425243 -17.850807
v -1.108257 0.425243 -18.675764
v -1.219449 0.425243 -18.407322
v -1.396330 0.425243 -18.176805
v -1.626847 0.425243 -17.999924
v -1.895289 0.425243 -17.888733
v -11.447662 0.425245 -6.363076
v -10.334631 0.425244 -7.476108
v -11.159590 0.425245 -6.401002
v -10.891148 0.425245 -6.512194
v -10.660631 0.425245 -6.689075
v -10.483750 0.425245 -6.919592
v -10.372558 0.425244 -7.188034
v -10.334631 0.425244 -7.547591
v -11.447662 0.425244 -8.660623
v -10.372558 0.425244 -7.835665
v -10.483750 0.425244 -8.104107
v -10.660631 0.425244 -8.334623
v -10.891148 0.425244 -8.511504
v -11.159590 0.425244 -8.622697
v -14.892666 0.425245 -5.250045
v -13.779634 0.425245 -6.363076
v -14.854741 0.425245 -5.538118
v -14.743549 0.425245 -5.806561
v -14.566669 0.425245 -6.037077
v -14.336151 0.425245 -6.213958
v -14.067710 0.425245 -6.325150
v 12.714946 0.425244 -7.476108
v 13.827977 0.425245 -6.363076
v 12.752872 0.425244 -7.188034
v 12.864065 0.425245 -6.919592
v 13.040946 0.425245 -6.689075
v 13.271462 0.425245 -6.512194
v 13.539905 0.425245 -6.401002
v 13.827977 0.425244 -8.660623
v 12.714946 0.425244 -7.547591
v 13.539905 0.425244 -8.622697
v 13.271462 0.425244 -8.511504
v 13.040946 0.425244 -8.334623
v 12.864065 0.425244 -8.104107
v 12.752872 0.425244 -7.835665
v -16.058651 0.425244 -8.660623
v -17.171682 0.425244 -7.547591
v -16.346725 0.425244 -8.622697
v -16.615168 0.425244 -8.511504
v -16.845684 0.425244 -8.334623
v -17.022566 0.425244 -8.104107
v -17.133759 0.425244 -7.835665
v 15.012492 0.425244 -9.773654
v 13.899461 0.425244 -8.660623
v 14.974567 0.425244 -9.485580
v 14.863375 0.425244 -9.217138
v 14.686494 0.425244 -8.986622
v 14.455976 0.425244 -8.809741
v 14.187535 0.425244 -8.698548
v -11.447662 0.425248 12.017293
v -10.334631 0.425248 13.130324
v -11.159590 0.425248 12.055218
v -10.891148 0.425248 12.166409
v -10.660631 0.425248 12.343291
v -10.483750 0.425248 12.573808
v -10.372558 0.425248 12.842250
v -10.334631 0.425247 8.606716
v -11.447662 0.425247 9.719748
v -10.372558 0.425247 8.894790
v -10.483750 0.425247 9.163232
v -10.660631 0.425247 9.393748
v -10.891148 0.425247 9.570629
v -11.159590 0.425247 9.681822
v -4.589448 0.425247 9.719748
v -5.702480 0.425247 10.832780
v -4.877522 0.425247 9.757673
v -5.145964 0.425247 9.868865
v -5.376481 0.425247 10.045748
v -5.553362 0.425247 10.276263
v -5.664554 0.425247 10.544706
v -11.500618 0.425247 9.719748
v -12.613649 0.425247 10.832780
v -11.788692 0.425247 9.757673
v -12.057134 0.425247 9.868865
v -12.287651 0.425247 10.045748
v -12.464532 0.425247 10.276263
v -12.575725 0.425247 10.544706
v -3.386406 0.425247 8.606716
v -4.499437 0.425247 9.719748
v -3.424331 0.425247 8.894790
v -3.535524 0.425247 9.163232
v -3.712405 0.425247 9.393748
v -3.942922 0.425247 9.570629
v -4.211363 0.425247 9.681822
v -9.221600 0.425246 5.124654
v -10.334631 0.425247 6.237686
v -9.509673 0.425246 5.162580
v -9.778115 0.425246 5.273773
v -10.008632 0.425246 5.450654
v -10.185513 0.425247 5.681170
v -10.296705 0.425247 5.949612
v -14.892666 0.425247 8.535233
v -13.779634 0.425247 7.422201
v -14.854741 0.425247 8.247159
v -14.743549 0.425247 7.978717
v -14.566669 0.425247 7.748200
v -14.336151 0.425247 7.571319
v -14.067710 0.425247 7.460127
v -16.058651 0.425246 5.124654
v -17.171682 0.425247 6.237686
v -16.346725 0.425246 5.162580
v -16.615168 0.425246 5.273773
v -16.845684 0.425246 5.450654
v -17.022566 0.425247 5.681170
v -17.133759 0.425247 5.949612
v -12.613649 0.425247 6.237686
v -13.726681 0.425246 5.124654
v -12.651574 0.425247 5.949612
v -12.762766 0.425247 5.681170
v -12.939648 0.425246 5.450654
v -13.170164 0.425246 5.273773
v -13.438606 0.425246 5.162580
v 5.822308 0.425246 4.011623
v 4.709277 0.425246 5.124654
v 5.784382 0.425246 4.299697
v 5.673190 0.425246 4.568139
v 5.496309 0.425246 4.798655
v 5.265792 0.425246 4.975536
v 4.997350 0.425246 5.086729
v -13.779634 0.425245 -4.065530
v -14.892666 0.425245 -5.178562
v -14.067710 0.425245 -4.103456
v -14.336151 0.425245 -4.214648
v -14.566669 0.425245 -4.391530
v -14.743549 0.425245 -4.622046
v -14.854741 0.425245 -4.890488
v 15.012492 0.425245 -5.178562
v 13.899461 0.425245 -4.065530
v 14.974567 0.425245 -4.890488
v 14.863375 0.425245 -4.622046
v 14.686494 0.425245 -4.391530
v 14.455976 0.425245 -4.214648
v 14.187535 0.425245 -4.103456
v 11.601914 0.425244 -10.958170
v 12.714946 0.425244 -12.071201
v 11.889987 0.425244 -10.996097
v 12.158429 0.425244 -11.107289
v 12.388946 0.425244 -11.284170
v 12.565826 0.425244 -11.514686
v 12.677019 0.425244 -11.783129
v 12.714946 0.425244 -12.142684
v 11.601914 0.425243 -13.255715
v 12.677019 0.425244 -12.430759
v 12.565826 0.425244 -12.699201
v 12.388946 0.425243 -12.929717
v 12.158429 0.425243 -13.106599
v 11.889987 0.425243 -13.217791
v 11.530432 0.425243 -13.255715
v 10.417400 0.425243 -14.368747
v 11.242356 0.425243 -13.293640
v 10.973915 0.425243 -13.404833
v 10.743398 0.425243 -13.581714
v 10.566517 0.425243 -13.812231
v 10.455324 0.425243 -14.080672
v -2.183362 0.425248 16.612385
v -1.070331 0.425249 17.725416
v -1.895289 0.425248 16.650309
v -1.626847 0.425248 16.761501
v -1.396330 0.425248 16.938383
v -1.219449 0.425248 17.168900
v -1.108257 0.425249 17.437342
v -10.334631 0.425248 13.201807
v -11.447662 0.425248 14.314838
v -10.372558 0.425248 13.489880
v -10.483750 0.425248 13.758323
v -10.660631 0.425248 13.988838
v -10.891148 0.425248 14.165719
v -11.159590 0.425248 14.276912
v -13.779634 0.425248 14.314838
v -14.892666 0.425248 13.201807
v -14.067710 0.425248 14.276912
v -14.336151 0.425248 14.165719
v -14.566669 0.425248 13.988838
v -14.743549 0.425248 13.758323
v -14.854741 0.425248 13.489880
v -5.702480 0.425248 15.499353
v -4.589448 0.425248 16.612385
v -5.664554 0.425248 15.787428
v -5.553362 0.425248 16.055870
v -5.376481 0.425248 16.286386
v -5.145964 0.425248 16.463268
v -4.877522 0.425248 16.574459
v 10.417400 0.425243 -14.440230
v 11.530432 0.425243 -15.553262
v 10.455324 0.425243 -14.728303
v 10.566517 0.425243 -14.996745
v 10.743398 0.425243 -15.227261
v 10.973915 0.425243 -15.404142
v 11.242356 0.425243 -15.515334
v 13.899461 0.425243 -15.553262
v 15.012492 0.425243 -14.440230
v 14.187535 0.425243 -15.515334
v 14.455976 0.425243 -15.404142
v 14.686494 0.425243 -15.227261
v 14.863375 0.425243 -14.996745
v 14.974567 0.425243 -14.728303
v -17.171682 0.425244 -12.071201
v -16.058651 0.425244 -10.958170
v -17.133759 0.425244 -11.783129
v -17.022566 0.425244 -11.514686
v -16.845684 0.425244 -11.284170
v -16.615168 0.425244 -11.107289
v -16.346725 0.425244 -10.996097
v -9.131586 0.425244 -10.958170
v -8.018555 0.425244 -9.845139
v -8.843513 0.425244 -10.920242
v -8.575070 0.425244 -10.809051
v -8.344554 0.425244 -10.632169
v -8.167673 0.425244 -10.401653
v -8.056480 0.425244 -10.133211
v 10.417400 0.425244 -9.845139
v 11.530432 0.425244 -10.958170
v 10.455324 0.425244 -10.133211
v 10.566517 0.425244 -10.401653
v 10.743398 0.425244 -10.632169
v 10.973915 0.425244 -10.809051
v 11.242356 0.425244 -10.920242
v 13.899461 0.425245 -6.363076
v 15.012492 0.425245 -5.250045
v 14.187535 0.425245 -6.325150
v 14.455976 0.425245 -6.213958
v 14.686494 0.425245 -6.037077
v 14.863375 0.425245 -5.806561
v 14.974567 0.425245 -5.538118
v -8.018555 0.425244 -7.476108
v -6.905523 0.425245 -6.363076
v -7.980629 0.425244 -7.188034
v -7.869437 0.425245 -6.919592
v -7.692555 0.425245 -6.689075
v -7.462039 0.425245 -6.512194
v -7.193597 0.425245 -6.401002
v 9.304369 0.425245 -6.363076
v 10.417400 0.425244 -7.476108
v 9.592443 0.425245 -6.401002
v 9.860885 0.425245 -6.512194
v 10.091402 0.425245 -6.689075
v 10.268283 0.425245 -6.919592
v 10.379476 0.425244 -7.188034
v -17.171682 0.425246 1.714077
v -16.058651 0.425246 2.827109
v -17.133759 0.425246 2.002151
v -17.022566 0.425246 2.270593
v -16.845684 0.425246 2.501109
v -16.615168 0.425246 2.677991
v -16.346725 0.425246 2.789183
v 4.709277 0.425246 2.827109
v 5.822308 0.425246 3.940140
v 4.997350 0.425246 2.865034
v 5.265792 0.425246 2.976227
v 5.496309 0.425246 3.153108
v 5.673190 0.425246 3.383625
v 5.784382 0.425246 3.652066
v -4.499437 0.425247 7.422201
v -3.386406 0.425247 8.535233
v -4.211363 0.425247 7.460127
v -3.942922 0.425247 7.571319
v -3.712405 0.425247 7.748200
v -3.535524 0.425247 7.978717
v -3.424331 0.425247 8.247159
v -13.726681 0.425247 7.422201
v -12.613649 0.425247 6.309169
v -13.438606 0.425247 7.384275
v -13.170164 0.425247 7.273083
v -12.939648 0.425247 7.096201
v -12.762766 0.425247 6.865685
v -12.651574 0.425247 6.597243
v -8.018555 0.425247 8.535233
v -6.905523 0.425247 7.422201
v -7.980629 0.425247 8.247159
v -7.869437 0.425247 7.978717
v -7.692555 0.425247 7.748200
v -7.462039 0.425247 7.571319
v -7.193597 0.425247 7.460127
v -12.613649 0.425247 10.904262
v -11.500618 0.425248 12.017293
v -12.575725 0.425247 11.192336
v -12.464532 0.425248 11.460777
v -12.287651 0.425248 11.691295
v -12.057134 0.425248 11.868176
v -11.788692 0.425248 11.979368
v -9.131586 0.425248 16.612385
v -8.018555 0.425248 15.499353
v -8.843513 0.425248 16.574459
v -8.575070 0.425248 16.463268
v -8.344554 0.425248 16.286386
v -8.167673 0.425248 16.055870
v -8.056480 0.425248 15.787428
v -17.171682 0.425248 15.499353
v -16.058651 0.425248 16.612385
v -17.133759 0.425248 15.787428
v -17.022566 0.425248 16.055870
v -16.845684 0.425248 16.286386
v -16.615168 0.425248 16.463268
v -16.346725 0.425248 16.574459
v -19.450701 0.425243 -19.034508
v -18.337669 0.425242 -20.147539
v -19.412773 0.425243 -19.322580
v -19.301580 0.425242 -19.591022
v -19.124701 0.425242 -19.821537
v -18.894184 0.425242 -19.998419
v -18.625742 0.425242 -20.109612
v -2.183362 0.425242 -20.147539
v -1.070331 0.425243 -19.034508
v -1.895289 0.425242 -20.109612
v -1.626847 0.425242 -19.998419
v -1.396330 0.425242 -19.821537
v -1.219449 0.425242 -19.591022
v -1.108257 0.425243 -19.322580
v -19.450701 8.293027 16.612383
v -18.337669 9.406058 16.612383
v -19.412773 8.581100 16.612383
v -19.301580 8.849543 16.612383
v -19.124701 9.080059 16.612383
v -18.894184 9.256940 16.612383
v -18.625742 9.368133 16.612383
v -18.337669 8.293027 18.909931
v -18.337669 9.406058 17.796900
v -19.450701 8.293027 17.796900
v -18.337669 8.580999 18.872030
v -18.337669 8.849632 18.760759
v -18.337669 9.080058 18.583931
v -18.625643 8.293026 18.872030
v -18.634705 8.592511 18.826906
v -18.629856 8.851341 18.714369
v -18.623880 9.053238 18.557819
v -18.894276 8.293026 18.760759
v -18.896280 8.586892 18.713650
v -18.867846 8.823462 18.619328
v -18.844524 8.993680 18.497627
v -18.980278 8.935636 18.439507
v -18.625643 9.368159 17.796898
v -18.894276 9.256887 17.796898
v -19.124701 9.080058 17.796898
v -18.337669 9.368159 18.084871
v -18.637154 9.323034 18.093935
v -18.895983 9.210497 18.089085
v -19.097879 9.053947 18.083111
v -18.337669 9.256887 18.353504
v -18.631535 9.209779 18.355509
v -18.868103 9.115456 18.327076
v -19.038322 8.993756 18.303753
v -19.412802 8.293026 18.084871
v -19.301531 8.293026 18.353504
v -19.124701 8.293026 18.583931
v -19.412802 8.580999 17.796898
v -19.367678 8.590063 18.096382
v -19.255138 8.585213 18.355211
v -19.098591 8.579239 18.557110
v -19.301531 8.849632 17.796898
v -19.254421 8.851638 18.090765
v -19.160099 8.823203 18.327333
v -19.038399 8.799881 18.497551
v -17.171682 8.293021 -16.737778
v -16.058651 8.293021 -17.850809
v -18.284714 9.406053 -18.963840
v -17.129183 8.293021 -17.024521
v -17.018389 8.293021 -17.292004
v -16.845684 8.293021 -17.524811
v -17.213709 8.578202 -17.064983
v -17.177021 8.571586 -17.288832
v -17.089331 8.568624 -17.478638
v -16.961458 8.566213 -17.639862
v -17.324533 8.846416 -17.444025
v -17.259638 8.830223 -17.564308
v -17.172022 8.811297 -17.664286
v -17.075447 8.796108 -17.754494
v -17.171680 8.940598 -17.850809
v -16.385857 8.578202 -17.892834
v -16.764898 8.846416 -18.003660
v -17.171680 9.080053 -18.176807
v -16.345392 8.293021 -17.808311
v -16.603989 8.573941 -17.844709
v -16.881565 8.832592 -17.932405
v -17.170965 9.046095 -18.060398
v -16.612877 8.293021 -17.697515
v -16.796759 8.568886 -17.762077
v -16.984520 8.811561 -17.849871
v -17.171602 8.998277 -17.946676
v -17.999531 9.364027 -18.636633
v -17.731316 9.253201 -18.257593
v -17.497681 9.080053 -17.850809
v -17.957504 9.364027 -18.678658
v -17.734783 9.281981 -18.419641
v -17.544432 9.189466 -18.141548
v -17.382629 9.047046 -17.851530
v -17.578466 9.253201 -18.410444
v -17.458780 9.184345 -18.226318
v -17.358503 9.109817 -18.038275
v -17.268000 8.998536 -17.850889
v -18.337669 9.406053 -17.850809
v -19.450701 8.293021 -17.850809
v -18.625742 9.368127 -17.850809
v -18.894184 9.256934 -17.850809
v -19.124701 9.080053 -17.850809
v -19.301580 8.849537 -17.850809
v -19.412773 8.581095 -17.850809
v -3.386406 9.406058 17.796900
v -3.386406 8.293027 18.909931
v -3.386406 9.368133 18.084972
v -3.386406 9.256940 18.353415
v -3.386406 9.080059 18.583931
v -3.386406 8.849543 18.760811
v -3.386406 8.581100 18.872004
v -2.183362 9.406058 17.796900
v -2.183362 8.293027 18.909931
v -1.070331 8.293027 17.796900
v -2.183362 9.368159 18.084871
v -2.183362 9.256887 18.353504
v -2.183362 9.080058 18.583931
v -1.895389 9.368159 17.796898
v -1.886326 9.323034 18.096382
v -1.891176 9.210497 18.355211
v -1.897150 9.053947 18.557110
v -1.626756 9.256887 17.796898
v -1.624751 9.209779 18.090765
v -1.653186 9.115456 18.327333
v -1.676508 8.993756 18.497551
v -1.540753 8.935636 18.439507
v -1.895390 8.293026 18.872030
v -1.626756 8.293026 18.760759
v -1.396330 8.293026 18.583931
v -2.183362 8.580999 18.872030
v -1.883878 8.590063 18.826906
v -1.625048 8.585213 18.714369
v -1.423151 8.579239 18.557819
v -2.183362 8.849632 18.760759
v -1.889497 8.851638 18.713650
v -1.652927 8.823203 18.619328
v -1.482709 8.799881 18.497627
v -1.108230 8.580999 17.796898
v -1.219501 8.849632 17.796898
v -1.396330 9.080058 17.796898
v -1.108230 8.293026 18.084871
v -1.153354 8.592511 18.093935
v -1.265893 8.851341 18.089085
v -1.422442 9.053238 18.083111
v -1.219501 8.293026 18.353504
v -1.266610 8.586892 18.355509
v -1.360933 8.823462 18.327076
v -1.482633 8.993680 18.303753
v -18.337669 9.406055 -1.767985
v -19.450701 8.293024 -1.767985
v -18.625742 9.368129 -1.767985
v -18.894184 9.256937 -1.767985
v -19.124701 9.080055 -1.767985
v -19.301580 8.849540 -1.767985
v -19.412773 8.581098 -1.767985
v -18.337669 9.406055 0.529561
v -19.450701 8.293024 0.529561
v -18.625742 9.368130 0.529561
v -18.894184 9.256937 0.529561
v -19.124701 9.080056 0.529561
v -19.301580 8.849540 0.529561
v -19.412773 8.581098 0.529561
v -18.284714 9.406055 0.529561
v -17.171682 8.293024 0.529561
v -17.996639 9.368130 0.529561
v -17.728197 9.256937 0.529561
v -17.497681 9.080056 0.529561
v -17.320799 8.849540 0.529561
v -17.209606 8.581098 0.529561
v -8.018555 9.406053 -18.963840
v -8.018555 8.293021 -17.850809
v -8.018555 9.368127 -18.675766
v -8.018555 9.256934 -18.407324
v -8.018555 9.080053 -18.176807
v -8.018555 8.849537 -17.999926
v -8.018555 8.581095 -17.888735
v -10.334631 9.406053 -18.963840
v -10.334631 8.293021 -17.850809
v -10.334631 9.368127 -18.675766
v -10.334631 9.256934 -18.407324
v -10.334631 9.080053 -18.176807
v -10.334631 8.849537 -17.999926
v -10.334631 8.581095 -17.888735
v -12.613649 9.406058 17.796900
v -12.613649 8.293027 18.909931
v -12.613649 9.368133 18.084972
v -12.613649 9.256940 18.353415
v -12.613649 9.080059 18.583931
v -12.613649 8.849543 18.760811
v -12.613649 8.581100 18.872004
v -10.334631 9.406058 17.796900
v -10.334631 8.293027 18.909931
v -10.334631 9.368133 18.084972
v -10.334631 9.256940 18.353415
v -10.334631 9.080059 18.583931
v -10.334631 8.849543 18.760811
v -10.334631 8.581100 18.872004
v -12.613649 8.293021 -17.850809
v -12.613649 9.406053 -18.963840
v -12.613649 8.581095 -17.888735
v -12.613649 8.849537 -17.999926
v -12.613649 9.080053 -18.176807
v -12.613649 9.256934 -18.407324
v -12.613649 9.368127 -18.675766
v -14.892666 9.406053 -18.963840
v -14.892666 8.293021 -17.850809
v -14.892666 9.368127 -18.675766
v -14.892666 9.256934 -18.407324
v -14.892666 9.080053 -18.176807
v -14.892666 8.849537 -17.999926
v -14.892666 8.581095 -17.888735
v -17.171682 9.406058 17.796900
v -17.171682 8.293027 18.909931
v -17.171682 9.368133 18.084972
v -17.171682 9.256940 18.353415
v -17.171682 9.080059 18.583931
v -17.171682 8.849543 18.760811
v -17.171682 8.581100 18.872004
v -14.892666 8.293027 18.909931
v -14.892666 9.406058 17.796900
v -14.892666 8.581100 18.872004
v -14.892666 8.849543 18.760811
v -14.892666 9.080059 18.583931
v -14.892666 9.256940 18.353415
v -14.892666 9.368133 18.084972
v -8.018555 8.293027 18.909931
v -8.018555 9.406058 17.796900
v -8.018555 8.581100 18.872004
v -8.018555 8.849543 18.760811
v -8.018555 9.080059 18.583931
v -8.018555 9.256940 18.353415
v -8.018555 9.368133 18.084972
v -5.702480 8.293027 18.909931
v -5.702480 9.406058 17.796900
v -5.702480 8.581100 18.872004
v -5.702480 8.849543 18.760811
v -5.702480 9.080059 18.583931
v -5.702480 9.256940 18.353415
v -5.702480 9.368133 18.084972
v -3.386406 8.293021 -17.850809
v -3.386406 9.406053 -18.963840
v -3.386406 8.581095 -17.888735
v -3.386406 8.849537 -17.999926
v -3.386406 9.080053 -18.176807
v -3.386406 9.256934 -18.407324
v -3.386406 9.368127 -18.675766
v -5.702480 8.293021 -17.850809
v -5.702480 9.406053 -18.963840
v -5.702480 8.581095 -17.888735
v -5.702480 8.849537 -17.999926
v -5.702480 9.080053 -18.176807
v -5.702480 9.256934 -18.407324
v -5.702480 9.368127 -18.675766
v -19.450701 8.293022 -10.958171
v -18.337669 9.406054 -10.958171
v -19.412773 8.581096 -10.958171
v -19.301580 8.849538 -10.958171
v -19.124701 9.080054 -10.958171
v -18.894184 9.256935 -10.958171
v -18.625742 9.368128 -10.958171
v -19.450701 8.293023 -8.660624
v -18.337669 9.406054 -8.660624
v -19.412773 8.581097 -8.660624
v -19.301580 8.849539 -8.660624
v -19.124701 9.080054 -8.660624
v -18.894184 9.256936 -8.660624
v -18.625742 9.368128 -8.660624
v -11.447662 8.293023 -6.363077
v -9.221600 9.406054 -5.250046
v -10.334631 8.293023 -7.476109
v -11.120455 8.578204 -6.321051
v -10.741416 8.846418 -6.210226
v -10.334631 9.080055 -6.037078
v -11.160923 8.293023 -6.405576
v -10.902322 8.573943 -6.369176
v -10.624746 8.832593 -6.281480
v -10.335348 9.046098 -6.153488
v -10.893438 8.293023 -6.516372
v -10.709553 8.568888 -6.451809
v -10.521791 8.811563 -6.364017
v -10.334711 8.998279 -6.267210
v -10.334631 8.940600 -6.363077
v -9.506781 9.364028 -5.577252
v -9.774995 9.253202 -5.956293
v -10.008632 9.080055 -6.363078
v -9.548807 9.364029 -5.535227
v -9.771529 9.281982 -5.794245
v -9.961882 9.189467 -6.072338
v -10.123685 9.047047 -6.362356
v -9.927847 9.253202 -5.803442
v -10.047530 9.184347 -5.987568
v -10.147808 9.109818 -6.175611
v -10.238315 8.998538 -6.362997
v -10.377132 8.293023 -7.189368
v -10.487927 8.293023 -6.921885
v -10.660631 8.293023 -6.689076
v -10.292604 8.578204 -7.148901
v -10.329290 8.571587 -6.925055
v -10.416981 8.568625 -6.735248
v -10.544857 8.566214 -6.574024
v -10.181779 8.846419 -6.769861
v -10.246674 8.830226 -6.649577
v -10.334292 8.811299 -6.549599
v -10.430868 8.796110 -6.459394
v -9.221600 9.406054 -9.773655
v -11.447662 8.293023 -8.660624
v -10.334631 8.293023 -7.547592
v -9.548806 9.364028 -9.488474
v -9.927847 9.253202 -9.220260
v -10.334631 9.080054 -8.986623
v -9.506781 9.364028 -9.446448
v -9.765798 9.281981 -9.223725
v -10.043891 9.189467 -9.033373
v -10.333909 9.047046 -8.871571
v -9.774996 9.253202 -9.067408
v -9.959121 9.184347 -8.947723
v -10.147165 9.109818 -8.847446
v -10.334551 8.998537 -8.756941
v -10.334631 8.940599 -8.660624
v -11.160923 8.293023 -8.618124
v -10.893438 8.293023 -8.507329
v -10.660631 8.293023 -8.334624
v -11.120456 8.578203 -8.702650
v -10.896608 8.571587 -8.665964
v -10.706802 8.568625 -8.578274
v -10.545579 8.566214 -8.450397
v -10.741415 8.846418 -8.813476
v -10.621130 8.830225 -8.748581
v -10.521152 8.811299 -8.660963
v -10.430948 8.796109 -8.564387
v -10.292604 8.578203 -7.874799
v -10.181780 8.846418 -8.253839
v -10.008632 9.080054 -8.660624
v -10.377132 8.293023 -7.834332
v -10.340730 8.573943 -8.092933
v -10.253034 8.832593 -8.370508
v -10.125040 9.046097 -8.659906
v -10.487927 8.293023 -8.101816
v -10.423364 8.568888 -8.285701
v -10.335570 8.811563 -8.473462
v -10.238763 8.998279 -8.660544
v 11.601914 9.406054 -5.250046
v 13.827977 8.293023 -6.363077
v 12.714946 8.293023 -7.476109
v 11.929121 9.364028 -5.535227
v 12.308162 9.253202 -5.803442
v 12.714946 9.080055 -6.037078
v 11.887094 9.364029 -5.577252
v 12.146112 9.281982 -5.799975
v 12.424206 9.189469 -5.990328
v 12.714224 9.047048 -6.152131
v 12.155310 9.253202 -5.956293
v 12.339437 9.184347 -6.075977
v 12.527479 9.109818 -6.176255
v 12.714866 8.998538 -6.266760
v 12.714946 8.940600 -6.363077
v 13.541238 8.293023 -6.405576
v 13.273753 8.293023 -6.516372
v 13.040946 8.293023 -6.689076
v 13.500770 8.578204 -6.321052
v 13.276923 8.571588 -6.357736
v 13.087115 8.568627 -6.445428
v 12.925892 8.566214 -6.573302
v 13.121730 8.846419 -6.210225
v 13.001445 8.830225 -6.275120
v 12.901467 8.811299 -6.362738
v 12.811262 8.796110 -6.459313
v 12.672918 8.578204 -7.148901
v 12.562092 8.846418 -6.769860
v 12.388946 9.080055 -6.363076
v 12.757445 8.293023 -7.189368
v 12.721045 8.573943 -6.930768
v 12.633349 8.832594 -6.653192
v 12.505355 9.046097 -6.363793
v 12.868242 8.293023 -6.921884
v 12.803678 8.568888 -6.738000
v 12.715886 8.811563 -6.550237
v 12.619078 8.998279 -6.363157
v 13.827977 8.293023 -8.660624
v 11.601914 9.406054 -9.773655
v 12.714946 8.293023 -7.547592
v 13.500770 8.578203 -8.702650
v 13.121731 8.846418 -8.813475
v 12.714946 9.080054 -8.986623
v 13.541238 8.293023 -8.618124
v 13.282638 8.573942 -8.654525
v 13.005061 8.832593 -8.742220
v 12.715663 9.046097 -8.870214
v 13.273753 8.293023 -8.507329
v 13.089868 8.568887 -8.571891
v 12.902106 8.811562 -8.659685
v 12.715025 8.998279 -8.756493
v 12.714946 8.940599 -8.660624
v 11.887094 9.364028 -9.446449
v 12.155310 9.253202 -9.067409
v 12.388946 9.080054 -8.660625
v 11.929121 9.364028 -9.488474
v 12.151844 9.281982 -9.229457
v 12.342197 9.189467 -8.951364
v 12.504000 9.047046 -8.661345
v 12.308162 9.253202 -9.220259
v 12.427845 9.184346 -9.036134
v 12.528124 9.109818 -8.848089
v 12.618629 8.998537 -8.660705
v 12.757447 8.293023 -7.834333
v 12.868242 8.293023 -8.101816
v 13.040946 8.293023 -8.334624
v 12.672918 8.578203 -7.874800
v 12.709606 8.571587 -8.098647
v 12.797296 8.568625 -8.288453
v 12.925171 8.566214 -8.449677
v 12.562092 8.846418 -8.253840
v 12.626988 8.830225 -8.374125
v 12.714608 8.811298 -8.474100
v 12.811182 8.796109 -8.564307
v -9.131586 9.406054 -8.660624
v -8.018555 8.293023 -8.660624
v -8.843513 9.368128 -8.660624
v -8.575070 9.256936 -8.660624
v -8.344554 9.080054 -8.660624
v -8.167673 8.849539 -8.660624
v -8.056480 8.581097 -8.660624
v -16.058651 8.293023 -8.660624
v -18.284714 9.406054 -9.773655
v -17.171682 8.293023 -7.547592
v -16.385859 8.578203 -8.702650
v -16.764898 8.846418 -8.813475
v -17.171682 9.080054 -8.986623
v -16.345392 8.293023 -8.618124
v -16.603991 8.573943 -8.654526
v -16.881565 8.832593 -8.742220
v -17.170965 9.046097 -8.870214
v -16.612877 8.293023 -8.507330
v -16.796759 8.568888 -8.571892
v -16.984522 8.811563 -8.659685
v -17.171602 8.998279 -8.756493
v -17.171680 8.940599 -8.660624
v -17.999533 9.364028 -9.446447
v -17.731318 9.253202 -9.067408
v -17.497681 9.080054 -8.660623
v -17.957508 9.364028 -9.488474
v -17.734783 9.281983 -9.229457
v -17.544430 9.189467 -8.951364
v -17.382629 9.047046 -8.661345
v -17.578466 9.253202 -9.220259
v -17.458782 9.184347 -9.036134
v -17.358503 9.109818 -8.848090
v -17.267998 8.998537 -8.660704
v -17.129183 8.293023 -7.834332
v -17.018389 8.293023 -8.101817
v -16.845684 8.293023 -8.334624
v -17.213707 8.578203 -7.874799
v -17.177023 8.571587 -8.098646
v -17.089331 8.568625 -8.288453
v -16.961458 8.566214 -8.449677
v -17.324532 8.846418 -8.253839
v -17.259638 8.830224 -8.374123
v -17.172022 8.811299 -8.474100
v -17.075447 8.796109 -8.564307
v -12.613649 8.293023 -8.660624
v -12.613649 9.406054 -9.773655
v -12.613649 8.581097 -8.698549
v -12.613649 8.849539 -8.809742
v -12.613649 9.080054 -8.986623
v -12.613649 9.256936 -9.217139
v -12.613649 9.368128 -9.485581
v -14.892666 9.406054 -9.773655
v -14.892666 8.293023 -8.660624
v -14.892666 9.368128 -9.485581
v -14.892666 9.256936 -9.217139
v -14.892666 9.080054 -8.986623
v -14.892666 8.849539 -8.809742
v -14.892666 8.581097 -8.698549
v 13.899461 9.406054 -9.773655
v 13.899461 8.293023 -8.660624
v 15.012492 8.293023 -9.773655
v 13.899461 9.368155 -9.485682
v 13.899461 9.256884 -9.217049
v 13.899461 9.080054 -8.986623
v 14.187433 9.368155 -9.773655
v 14.196497 9.323030 -9.474171
v 14.191648 9.210492 -9.215341
v 14.185673 9.053944 -9.013444
v 14.456066 9.256884 -9.773655
v 14.458072 9.209774 -9.479789
v 14.429638 9.115452 -9.243219
v 14.406315 8.993752 -9.073002
v 14.542068 8.935631 -9.131046
v 14.187433 8.293022 -8.698523
v 14.456066 8.293022 -8.809793
v 14.686492 8.293022 -8.986623
v 13.899461 8.580996 -8.698523
v 14.198945 8.590059 -8.743647
v 14.457774 8.585209 -8.856185
v 14.659672 8.579235 -9.012734
v 13.899461 8.849628 -8.809793
v 14.193327 8.851633 -8.856903
v 14.429895 8.823199 -8.951225
v 14.600113 8.799877 -9.072926
v 14.974593 8.580996 -9.773655
v 14.863321 8.849628 -9.773655
v 14.686492 9.080054 -9.773655
v 14.974593 8.293022 -9.485682
v 14.929469 8.592506 -9.476618
v 14.816931 8.851336 -9.481468
v 14.660381 9.053233 -9.487442
v 14.863321 8.293022 -9.217049
v 14.816213 8.586888 -9.215044
v 14.721889 8.823458 -9.243478
v 14.600190 8.993675 -9.266800
v -19.450701 8.293026 7.422200
v -18.337669 9.406057 7.422200
v -19.412773 8.581100 7.422200
v -19.301580 8.849542 7.422200
v -19.124701 9.080057 7.422200
v -18.894184 9.256939 7.422200
v -18.625742 9.368131 7.422200
v -18.337669 9.406057 9.719747
v -19.450701 8.293026 9.719747
v -18.625742 9.368131 9.719747
v -18.894184 9.256939 9.719747
v -19.124701 9.080057 9.719747
v -19.301580 8.849542 9.719747
v -19.412773 8.581100 9.719747
v -13.779634 9.406057 12.017292
v -14.892666 8.293026 12.017292
v -14.067710 9.368132 12.017292
v -14.336151 9.256939 12.017292
v -14.566669 9.080058 12.017292
v -14.743549 8.849542 12.017292
v -14.854741 8.581100 12.017292
v -14.892666 8.293026 9.719747
v -13.779634 9.406057 9.719747
v -14.854741 8.581100 9.719747
v -14.743549 8.849542 9.719747
v -14.566669 9.080057 9.719747
v -14.336151 9.256939 9.719747
v -14.067710 9.368131 9.719747
v -5.702480 8.293026 12.017292
v -6.815511 9.406057 12.017292
v -5.740406 8.581100 12.017292
v -5.851598 8.849542 12.017292
v -6.028479 9.080058 12.017292
v -6.258996 9.256939 12.017292
v -6.527438 9.368132 12.017292
v -5.702480 8.293026 10.832779
v -4.589448 8.293026 9.719747
v -6.815511 9.406057 8.606715
v -5.659980 8.293026 10.546039
v -5.549185 8.293026 10.278553
v -5.376481 8.293026 10.045747
v -5.744506 8.578207 10.505571
v -5.707820 8.571589 10.281723
v -5.620130 8.568628 10.091917
v -5.492254 8.566216 9.930694
v -5.855331 8.846421 10.126532
v -5.790437 8.830227 10.006248
v -5.702819 8.811302 9.906270
v -5.606243 8.796112 9.816064
v -5.702480 8.940602 9.719747
v -4.916655 8.578206 9.677720
v -5.295696 8.846421 9.566895
v -5.702480 9.080057 9.393747
v -4.876189 8.293026 9.762246
v -5.134788 8.573946 9.725844
v -5.412364 8.832596 9.638150
v -5.701764 9.046100 9.510158
v -5.143672 8.293026 9.873041
v -5.327557 8.568891 9.808478
v -5.515319 8.811564 9.720686
v -5.702400 8.998281 9.623879
v -6.530330 9.364031 8.933922
v -6.262116 9.253205 9.312963
v -6.028480 9.080057 9.719747
v -6.488304 9.364031 8.891895
v -6.265582 9.281985 9.150914
v -6.075229 9.189470 9.429007
v -5.913427 9.047049 9.719026
v -6.109264 9.253205 9.160110
v -5.989580 9.184349 9.344236
v -5.889302 9.109821 9.532281
v -5.798797 8.998540 9.719666
v -18.284714 9.406057 9.719747
v -17.171682 8.293026 9.719747
v -17.996639 9.368131 9.719747
v -17.728197 9.256939 9.719747
v -17.497681 9.080057 9.719747
v -17.320799 8.849542 9.719747
v -17.209606 8.581100 9.719747
v -11.500618 8.293026 9.719747
v -13.726681 9.406057 8.606715
v -12.613649 8.293026 10.832779
v -11.827825 8.578206 9.677720
v -12.206865 8.846421 9.566895
v -12.613649 9.080057 9.393747
v -11.787360 8.293026 9.762245
v -12.045959 8.573946 9.725844
v -12.323534 8.832596 9.638150
v -12.612932 9.046100 9.510157
v -12.054843 8.293026 9.873040
v -12.238727 8.568891 9.808478
v -12.426488 8.811564 9.720685
v -12.613570 8.998282 9.623879
v -12.613650 8.940602 9.719747
v -13.441500 9.364031 8.933923
v -13.173285 9.253206 9.312963
v -12.939648 9.080057 9.719748
v -13.399473 9.364031 8.891895
v -13.176749 9.281986 9.150914
v -12.986397 9.189470 9.429008
v -12.824596 9.047049 9.719027
v -13.020433 9.253205 9.160110
v -12.900749 9.184350 9.344237
v -12.800470 9.109821 9.532280
v -12.709966 8.998540 9.719666
v -12.571151 8.293026 10.546039
v -12.460355 8.293026 10.278553
v -12.287651 8.293026 10.045747
v -12.655674 8.578207 10.505572
v -12.618990 8.571589 10.281724
v -12.531300 8.568628 10.091918
v -12.403424 8.566216 9.930695
v -12.766500 8.846421 10.126533
v -12.701605 8.830228 10.006248
v -12.613988 8.811302 9.906269
v -12.517414 8.796112 9.816064
v -4.499437 8.293026 9.719747
v -3.386406 8.293026 8.606715
v -4.499437 9.406057 8.606715
v -4.211464 8.293025 9.681849
v -3.942831 8.293025 9.570577
v -3.712405 8.293025 9.393747
v -4.499437 8.580998 9.681849
v -4.199952 8.590062 9.636724
v -3.941123 8.585212 9.524186
v -3.739226 8.579238 9.367637
v -4.499437 8.849631 9.570577
v -4.205571 8.851636 9.523468
v -3.969001 8.823202 9.429145
v -3.798784 8.799880 9.307446
v -3.856828 8.935634 9.249325
v -3.424304 8.580998 8.606715
v -3.535576 8.849631 8.606715
v -3.712405 9.080057 8.606715
v -3.424304 8.293025 8.894689
v -3.469429 8.592509 8.903752
v -3.581967 8.851339 8.898902
v -3.738516 9.053236 8.892928
v -3.535575 8.293025 9.163321
v -3.582685 8.586891 9.165327
v -3.677008 8.823461 9.136892
v -3.798707 8.993678 9.113570
v -4.499437 9.368157 8.894689
v -4.499437 9.256886 9.163321
v -4.499437 9.080057 9.393747
v -4.211464 9.368157 8.606715
v -4.202400 9.323033 8.906200
v -4.207250 9.210495 9.165030
v -4.213224 9.053946 9.366927
v -3.942831 9.256886 8.606715
v -3.940825 9.209777 8.900581
v -3.969260 9.115455 9.137151
v -3.992582 8.993754 9.307369
v -10.334631 8.293026 7.422200
v -11.447662 9.406057 7.422200
v -10.372558 8.581100 7.422200
v -10.483750 8.849542 7.422200
v -10.660631 9.080057 7.422200
v -10.891148 9.256939 7.422200
v -11.159590 9.368131 7.422200
v -10.334631 8.293025 6.237685
v -9.221600 8.293025 5.124653
v -11.447662 9.406056 4.011621
v -10.292131 8.293025 5.950945
v -10.181336 8.293025 5.683460
v -10.008632 8.293025 5.450653
v -10.376658 8.578206 5.910477
v -10.339972 8.571589 5.686630
v -10.252281 8.568627 5.496824
v -10.124405 8.566216 5.335600
v -10.487485 8.846420 5.531436
v -10.422589 8.830228 5.411153
v -10.334970 8.811301 5.311175
v -10.238394 8.796111 5.220970
v -10.334631 8.940602 5.124653
v -9.548806 8.578206 5.082628
v -9.927847 8.846420 4.971802
v -10.334631 9.080057 4.798654
v -9.508341 8.293025 5.167153
v -9.766939 8.573946 5.130752
v -10.044515 8.832596 5.043057
v -10.333915 9.046099 4.915063
v -9.775824 8.293025 5.277948
v -9.959708 8.568890 5.213385
v -10.147470 8.811565 5.125592
v -10.334551 8.998281 5.028786
v -11.162482 9.364030 4.338828
v -10.894267 9.253204 4.717868
v -10.660631 9.080057 5.124652
v -11.120455 9.364030 4.296803
v -10.897733 9.281984 4.555820
v -10.707379 9.189470 4.833913
v -10.545579 9.047049 5.123930
v -10.741415 9.253205 4.565017
v -10.621730 9.184349 4.749143
v -10.521453 9.109820 4.937187
v -10.430948 8.998539 5.124572
v -19.450701 8.293025 2.827107
v -18.337669 9.406056 2.827107
v -19.412773 8.581099 2.827107
v -19.301580 8.849541 2.827107
v -19.124701 9.080056 2.827107
v -18.894184 9.256938 2.827107
v -18.625742 9.368130 2.827107
v -18.337669 9.406056 5.124653
v -19.450701 8.293025 5.124653
v -18.625742 9.368131 5.124653
v -18.894184 9.256938 5.124653
v -19.124701 9.080057 5.124653
v -19.301580 8.849541 5.124653
v -19.412773 8.581099 5.124653
v 1.227215 9.406056 4.011621
v 1.227215 8.293025 5.124653
v 1.227215 9.368130 4.299695
v 1.227215 9.256938 4.568137
v 1.227215 9.080057 4.798654
v 1.227215 8.849541 4.975535
v 1.227215 8.581099 5.086728
v -1.070331 8.293025 5.124653
v -1.070331 9.406056 4.011621
v -1.070331 8.581099 5.086728
v -1.070331 8.849541 4.975535
v -1.070331 9.080057 4.798654
v -1.070331 9.256938 4.568137
v -1.070331 9.368130 4.299695
v -8.018555 9.406056 4.011621
v -8.018555 8.293025 5.124653
v -8.018555 9.368130 4.299695
v -8.018555 9.256938 4.568137
v -8.018555 9.080057 4.798654
v -8.018555 8.849541 4.975535
v -8.018555 8.581099 5.086728
v -16.058651 8.293025 5.124653
v -18.284714 9.406056 4.011621
v -17.171682 8.293025 6.237685
v -16.385859 8.578206 5.082627
v -16.764898 8.846420 4.971802
v -17.171682 9.080057 4.798654
v -16.345394 8.293025 5.167153
v -16.603991 8.573945 5.130752
v -16.881567 8.832595 5.043057
v -17.170965 9.046099 4.915063
v -16.612877 8.293025 5.277948
v -16.796759 8.568890 5.213385
v -16.984522 8.811564 5.125592
v -17.171602 8.998281 5.028785
v -17.171680 8.940602 5.124654
v -17.999533 9.364030 4.338830
v -17.731318 9.253205 4.717869
v -17.497681 9.080057 5.124654
v -17.957508 9.364030 4.296803
v -17.734783 9.281984 4.555820
v -17.544432 9.189470 4.833914
v -17.382629 9.047049 5.123932
v -17.578466 9.253204 4.565017
v -17.458782 9.184349 4.749143
v -17.358503 9.109820 4.937187
v -17.267998 8.998539 5.124573
v -17.129183 8.293025 5.950944
v -17.018389 8.293025 5.683460
v -16.845684 8.293025 5.450653
v -17.213707 8.578206 5.910479
v -17.177023 8.571588 5.686631
v -17.089331 8.568627 5.496825
v -16.961458 8.566216 5.335600
v -17.324532 8.846420 5.531439
v -17.259638 8.830227 5.411154
v -17.172020 8.811301 5.311177
v -17.075447 8.796112 5.220970
v -11.500618 9.406056 4.011621
v -13.726681 8.293025 5.124653
v -12.613649 8.293025 6.237685
v -11.827826 9.364030 4.296803
v -12.206865 9.253204 4.565017
v -12.613649 9.080057 4.798653
v -11.785800 9.364030 4.338830
v -12.044816 9.281984 4.561552
v -12.322909 9.189469 4.751904
v -12.612927 9.047050 4.913706
v -12.054014 9.253205 4.717869
v -12.238139 9.184349 4.837553
v -12.426184 9.109820 4.937831
v -12.613569 8.998540 5.028337
v -12.613650 8.940602 5.124654
v -13.439939 8.293026 5.167153
v -13.172456 8.293025 5.277947
v -12.939648 8.293025 5.450653
v -13.399473 8.578206 5.082627
v -13.175625 8.571589 5.119313
v -12.985819 8.568627 5.207003
v -12.824594 8.566216 5.334879
v -13.020433 8.846421 4.971802
v -12.900149 8.830228 5.036696
v -12.800170 8.811301 5.124314
v -12.709966 8.796112 5.220890
v -12.571624 8.578206 5.910479
v -12.460799 8.846420 5.531439
v -12.287651 9.080057 5.124654
v -12.656148 8.293025 5.950944
v -12.619747 8.573945 5.692346
v -12.532053 8.832596 5.414770
v -12.404059 9.046099 5.125370
v -12.766943 8.293025 5.683460
v -12.702381 8.568890 5.499577
v -12.614590 8.811564 5.311815
v -12.517782 8.998281 5.124732
v -14.892666 8.293025 5.124653
v -14.892666 9.406056 4.011621
v -14.892666 8.581099 5.086728
v -14.892666 8.849541 4.975535
v -14.892666 9.080057 4.798654
v -14.892666 9.256938 4.568137
v -14.892666 9.368130 4.299695
v 4.709277 9.406056 4.011621
v 4.709277 8.293025 5.124653
v 5.822308 8.293025 4.011622
v 4.709277 9.368156 4.299594
v 4.709277 9.256886 4.568228
v 4.709277 9.080056 4.798653
v 4.997251 9.368156 4.011621
v 5.006314 9.323032 4.311106
v 5.001463 9.210495 4.569935
v 4.995490 9.053946 4.771832
v 5.265883 9.256886 4.011621
v 5.267889 9.209776 4.305487
v 5.239454 9.115454 4.542057
v 5.216132 8.993754 4.712275
v 5.351886 8.935634 4.654231
v 4.997251 8.293024 5.086754
v 5.265883 8.293024 4.975483
v 5.496309 8.293024 4.798654
v 4.709277 8.580997 5.086754
v 5.008762 8.590061 5.041630
v 5.267591 8.585211 4.929092
v 5.469489 8.579237 4.772542
v 4.709277 8.849630 4.975483
v 5.003143 8.851636 4.928374
v 5.239713 8.823201 4.834051
v 5.409931 8.799879 4.712352
v 5.784410 8.580997 4.011622
v 5.673139 8.849630 4.011622
v 5.496309 9.080056 4.011621
v 5.784410 8.293024 4.299595
v 5.739285 8.592508 4.308659
v 5.626747 8.851338 4.303809
v 5.470198 9.053235 4.297834
v 5.673139 8.293024 4.568228
v 5.626029 8.586890 4.570233
v 5.531706 8.823460 4.541799
v 5.410007 8.993678 4.518476
v 3.524762 8.293025 5.124653
v 3.524762 9.406056 4.011621
v 3.524762 8.581099 5.086728
v 3.524762 8.849541 4.975535
v 3.524762 9.080057 4.798654
v 3.524762 9.256938 4.568137
v 3.524762 9.368130 4.299695
v -3.386406 9.406056 4.011621
v -3.386406 8.293025 5.124653
v -3.386406 9.368130 4.299695
v -3.386406 9.256938 4.568137
v -3.386406 9.080057 4.798654
v -3.386406 8.849541 4.975535
v -3.386406 8.581099 5.086728
v -5.702480 8.293025 5.124653
v -5.702480 9.406056 4.011621
v -5.702480 8.581099 5.086728
v -5.702480 8.849541 4.975535
v -5.702480 9.080057 4.798654
v -5.702480 9.256938 4.568137
v -5.702480 9.368130 4.299695
v -18.337669 9.406054 -6.363078
v -19.450701 8.293023 -6.363077
v -18.625742 9.368129 -6.363078
v -18.894184 9.256936 -6.363078
v -19.124701 9.080055 -6.363078
v -19.301580 8.849539 -6.363077
v -19.412773 8.581097 -6.363077
v -19.450701 8.293024 -4.065531
v -18.337669 9.406055 -4.065532
v -19.412773 8.581098 -4.065531
v -19.301580 8.849540 -4.065531
v -19.124701 9.080055 -4.065532
v -18.894184 9.256937 -4.065532
v -18.625742 9.368129 -4.065532
v 13.899461 9.406054 -5.178563
v 13.899461 8.293024 -4.065531
v 15.012492 8.293023 -5.178563
v 13.899461 9.368155 -4.890590
v 13.899461 9.256884 -4.621956
v 13.899461 9.080054 -4.391531
v 14.187433 9.368155 -5.178563
v 14.196497 9.323030 -4.879078
v 14.191648 9.210493 -4.620248
v 14.185673 9.053944 -4.418352
v 14.456066 9.256884 -5.178563
v 14.458072 9.209775 -4.884697
v 14.429638 9.115452 -4.648127
v 14.406315 8.993752 -4.477909
v 14.542068 8.935632 -4.535953
v 14.187433 8.293023 -4.103429
v 14.456066 8.293023 -4.214701
v 14.686492 8.293022 -4.391530
v 13.899461 8.580997 -4.103429
v 14.198945 8.590060 -4.148554
v 14.457774 8.585210 -4.261092
v 14.659672 8.579235 -4.417641
v 13.899461 8.849629 -4.214701
v 14.193327 8.851634 -4.261810
v 14.429895 8.823200 -4.356133
v 14.600113 8.799877 -4.477832
v 14.974593 8.580996 -5.178562
v 14.863321 8.849628 -5.178562
v 14.686492 9.080054 -5.178563
v 14.974593 8.293022 -4.890589
v 14.929469 8.592507 -4.881525
v 14.816931 8.851337 -4.886375
v 14.660381 9.053234 -4.892350
v 14.863321 8.293022 -4.621956
v 14.816213 8.586888 -4.619950
v 14.721889 8.823458 -4.648386
v 14.600190 8.993676 -4.671707
v 12.714946 8.293024 -4.065531
v 12.714946 9.406054 -5.178563
v 12.714946 8.581098 -4.103457
v 12.714946 8.849540 -4.214649
v 12.714946 9.080055 -4.391531
v 12.714946 9.256936 -4.622047
v 12.714946 9.368129 -4.890489
v -3.386406 9.406054 -5.178563
v -3.386406 8.293024 -4.065531
v -3.386406 9.368129 -4.890489
v -3.386406 9.256936 -4.622047
v -3.386406 9.080055 -4.391531
v -3.386406 8.849540 -4.214649
v -3.386406 8.581098 -4.103457
v -5.702480 8.293024 -4.065531
v -5.702480 9.406054 -5.178563
v -5.702480 8.581098 -4.103457
v -5.702480 8.849540 -4.214649
v -5.702480 9.080055 -4.391531
v -5.702480 9.256936 -4.622047
v -5.702480 9.368129 -4.890489
v 5.822308 9.406054 -5.178563
v 5.822308 8.293024 -4.065531
v 5.822308 9.368129 -4.890489
v 5.822308 9.256936 -4.622047
v 5.822308 9.080055 -4.391531
v 5.822308 8.849540 -4.214649
v 5.822308 8.581098 -4.103457
v 3.524762 8.293024 -4.065531
v 3.524762 9.406054 -5.178563
v 3.524762 8.581098 -4.103457
v 3.524762 8.849540 -4.214649
v 3.524762 9.080055 -4.391531
v 3.524762 9.256936 -4.622047
v 3.524762 9.368129 -4.890489
v -12.613649 9.406054 -5.178563
v -12.613649 8.293024 -4.065531
v -12.613649 9.368129 -4.890489
v -12.613649 9.256936 -4.622047
v -12.613649 9.080055 -4.391531
v -12.613649 8.849540 -4.214649
v -12.613649 8.581098 -4.103457
v -13.779634 8.293024 -4.065531
v -13.779634 9.406054 -5.178563
v -14.892666 8.293023 -5.178563
v -13.779634 8.580997 -4.103429
v -13.779634 8.849629 -4.214701
v -13.779634 9.080054 -4.391531
v -14.067608 8.293023 -4.103429
v -14.076671 8.592507 -4.148554
v -14.071822 8.851337 -4.261092
v -14.065847 9.053234 -4.417642
v -14.336241 8.293023 -4.214701
v -14.338246 8.586889 -4.261810
v -14.309813 8.823459 -4.356133
v -14.286489 8.993676 -4.477832
v -14.422243 8.935632 -4.535953
v -14.067608 9.368155 -5.178563
v -14.336241 9.256884 -5.178563
v -14.566667 9.080054 -5.178563
v -13.779634 9.368155 -4.890590
v -14.079120 9.323030 -4.881526
v -14.337949 9.210493 -4.886376
v -14.539846 9.053944 -4.892350
v -13.779634 9.256884 -4.621956
v -14.073502 9.209775 -4.619951
v -14.310070 9.115452 -4.648386
v -14.480288 8.993752 -4.671707
v -14.854768 8.293022 -4.890589
v -14.743496 8.293022 -4.621956
v -14.566667 8.293022 -4.391530
v -14.854768 8.580996 -5.178562
v -14.809644 8.590059 -4.879077
v -14.697104 8.585209 -4.620248
v -14.540556 8.579235 -4.418351
v -14.743496 8.849628 -5.178562
v -14.696386 8.851634 -4.884696
v -14.602064 8.823199 -4.648127
v -14.480365 8.799877 -4.477909
v -18.284714 9.406055 -4.065532
v -17.171682 8.293024 -4.065531
v -17.996639 9.368129 -4.065532
v -17.728197 9.256937 -4.065532
v -17.497681 9.080055 -4.065532
v -17.320799 8.849540 -4.065531
v -17.209606 8.581098 -4.065531
v -8.018555 9.406054 -5.178563
v -8.018555 8.293024 -4.065531
v -8.018555 9.368129 -4.890489
v -8.018555 9.256936 -4.622047
v -8.018555 9.080055 -4.391531
v -8.018555 8.849540 -4.214649
v -8.018555 8.581098 -4.103457
v -10.334631 8.293024 -4.065531
v -10.334631 9.406054 -5.178563
v -10.334631 8.581098 -4.103457
v -10.334631 8.849540 -4.214649
v -10.334631 9.080055 -4.391531
v -10.334631 9.256936 -4.622047
v -10.334631 9.368129 -4.890489
v 1.227215 9.406054 -5.178563
v 1.227215 8.293024 -4.065531
v 1.227215 9.368129 -4.890489
v 1.227215 9.256936 -4.622047
v 1.227215 9.080055 -4.391531
v 1.227215 8.849540 -4.214649
v 1.227215 8.581098 -4.103457
v -1.070331 8.293024 -4.065531
v -1.070331 9.406054 -5.178563
v -1.070331 8.581098 -4.103457
v -1.070331 8.849540 -4.214649
v -1.070331 9.080055 -4.391531
v -1.070331 9.256936 -4.622047
v -1.070331 9.368129 -4.890489
v 10.417400 8.293024 -4.065531
v 10.417400 9.406054 -5.178563
v 10.417400 8.581098 -4.103457
v 10.417400 8.849540 -4.214649
v 10.417400 9.080055 -4.391531
v 10.417400 9.256936 -4.622047
v 10.417400 9.368129 -4.890489
v 8.119854 8.293024 -4.065531
v 8.119854 9.406054 -5.178563
v 8.119854 8.581098 -4.103457
v 8.119854 8.849540 -4.214649
v 8.119854 9.080055 -4.391531
v 8.119854 9.256936 -4.622047
v 8.119854 9.368129 -4.890489
v 11.601914 8.293022 -10.958171
v 13.827977 9.406054 -9.845140
v 12.714946 8.293022 -12.071202
v 11.929123 8.578203 -10.916143
v 12.308163 8.846417 -10.805317
v 12.714949 9.080054 -10.632170
v 11.888654 8.293022 -11.000670
v 12.147254 8.573942 -10.964270
v 12.424831 8.832593 -10.876574
v 12.714231 9.046096 -10.748580
v 12.156138 8.293022 -11.111467
v 12.340024 8.568887 -11.046904
v 12.527787 8.811563 -10.959109
v 12.714869 8.998278 -10.862304
v 12.714949 8.940599 -10.958171
v 13.542797 9.364028 -10.172344
v 13.274582 9.253201 -10.551386
v 13.040948 9.080054 -10.958170
v 13.500772 9.364028 -10.130320
v 13.278049 9.281981 -10.389336
v 13.087697 9.189466 -10.667431
v 12.925894 9.047047 -10.957448
v 13.121731 9.253201 -10.398534
v 13.002048 9.184346 -10.582659
v 12.901769 9.109818 -10.770705
v 12.811264 8.998537 -10.958091
v 12.672444 8.293022 -11.784463
v 12.561649 8.293022 -11.516978
v 12.388946 8.293022 -11.284171
v 12.756973 8.578203 -11.743994
v 12.720286 8.571586 -11.520148
v 12.632595 8.568624 -11.330343
v 12.504721 8.566212 -11.169118
v 12.867800 8.846417 -11.364954
v 12.802903 8.830225 -11.244670
v 12.715283 8.811298 -11.144692
v 12.618711 8.796109 -11.054487
v 13.827977 9.406054 -14.368748
v 11.601914 8.293022 -13.255716
v 12.714946 8.293022 -12.142685
v 13.500769 9.364027 -14.083566
v 13.121729 9.253201 -13.815352
v 12.714945 9.080053 -13.581716
v 13.542797 9.364027 -14.041542
v 13.283780 9.281981 -13.818819
v 13.005686 9.189467 -13.628465
v 12.715669 9.047046 -13.466664
v 13.274582 9.253201 -13.662502
v 13.090456 9.184345 -13.542817
v 12.902411 9.109818 -13.442539
v 12.715028 8.998536 -13.352034
v 12.714946 8.940598 -13.255718
v 11.888654 8.293022 -13.213218
v 12.156137 8.293022 -13.102423
v 12.388946 8.293022 -12.929718
v 11.929120 8.578202 -13.297742
v 12.152968 8.571586 -13.261059
v 12.342774 8.568624 -13.173366
v 12.504000 8.566214 -13.045493
v 12.308161 8.846417 -13.408567
v 12.428447 8.830224 -13.343674
v 12.528424 8.811298 -13.256056
v 12.618629 8.796109 -13.159481
v 12.756973 8.578203 -12.469894
v 12.867800 8.846417 -12.848934
v 13.040946 9.080053 -13.255718
v 12.672444 8.293022 -12.429428
v 12.708847 8.573942 -12.688025
v 12.796542 8.832593 -12.965602
v 12.924535 9.046096 -13.255001
v 12.561650 8.293022 -12.696910
v 12.626214 8.568887 -12.880794
v 12.714008 8.811562 -13.068557
v 12.810813 8.998278 -13.255639
v -19.450701 8.293022 -15.553263
v -18.337669 9.406054 -15.553263
v -19.412773 8.581096 -15.553263
v -19.301580 8.849538 -15.553263
v -19.124701 9.080053 -15.553263
v -18.894184 9.256935 -15.553263
v -18.625742 9.368127 -15.553263
v -18.337669 9.406054 -13.255716
v -19.450701 8.293022 -13.255716
v -18.625742 9.368127 -13.255716
v -18.894184 9.256935 -13.255716
v -19.124701 9.080053 -13.255716
v -19.301580 8.849538 -13.255716
v -19.412773 8.581096 -13.255716
v -18.284714 9.406054 -13.255716
v -17.171682 8.293022 -13.255716
v -17.996639 9.368127 -13.255716
v -17.728197 9.256935 -13.255716
v -17.497681 9.080053 -13.255716
v -17.320799 8.849538 -13.255716
v -17.209606 8.581096 -13.255716
v 15.012492 8.293022 -13.255716
v 13.899461 9.406054 -13.255716
v 14.974567 8.581096 -13.255716
v 14.863375 8.849538 -13.255716
v 14.686494 9.080053 -13.255716
v 14.455976 9.256935 -13.255716
v 14.187535 9.368127 -13.255716
v -19.450701 8.293026 12.017292
v -18.337669 9.406057 12.017292
v -19.412773 8.581100 12.017292
v -19.301580 8.849542 12.017292
v -19.124701 9.080058 12.017292
v -18.894184 9.256939 12.017292
v -18.625742 9.368132 12.017292
v -18.337669 9.406058 14.314837
v -19.450701 8.293027 14.314837
v -18.625742 9.368132 14.314837
v -18.894184 9.256940 14.314837
v -19.124701 9.080058 14.314837
v -19.301580 8.849543 14.314837
v -19.412773 8.581100 14.314837
v -6.815511 9.406058 17.725414
v -4.589448 8.293027 16.612383
v -5.702480 8.293027 15.499352
v -6.488304 9.364033 17.440233
v -6.109264 9.253207 17.172018
v -5.702478 9.080059 16.938381
v -6.530331 9.364033 17.398207
v -6.271313 9.281987 17.175484
v -5.993219 9.189472 16.985130
v -5.703201 9.047050 16.823330
v -6.262116 9.253206 17.019167
v -6.077990 9.184351 16.899483
v -5.889946 9.109822 16.799204
v -5.702560 8.998541 16.708698
v -5.702480 8.940604 16.612381
v -4.876189 8.293026 16.569883
v -5.143672 8.293027 16.459089
v -5.376481 8.293027 16.286385
v -4.916654 8.578208 16.654409
v -5.140502 8.571590 16.617722
v -5.330309 8.568629 16.530031
v -5.491533 8.566217 16.402159
v -5.295694 8.846422 16.765232
v -5.415979 8.830229 16.700338
v -5.515957 8.811303 16.612720
v -5.606163 8.796114 16.516146
v -5.744506 8.578207 15.826558
v -5.855331 8.846422 16.205599
v -6.028479 9.080059 16.612383
v -5.659980 8.293027 15.786094
v -5.696382 8.573947 16.044691
v -5.784077 8.832598 16.322266
v -5.912070 9.046101 16.611666
v -5.549186 8.293027 16.053576
v -5.613748 8.568892 16.237459
v -5.701541 8.811566 16.425220
v -5.798348 8.998282 16.612303
v -6.815511 9.406058 14.314837
v -5.702480 8.293027 14.314837
v -6.527438 9.368132 14.314837
v -6.258996 9.256940 14.314837
v -6.028479 9.080058 14.314837
v -5.851598 8.849543 14.314837
v -5.740406 8.581100 14.314837
v -12.613649 8.293027 14.314837
v -12.613649 9.406058 13.201806
v -12.613649 8.581100 14.276911
v -12.613649 8.849543 14.165718
v -12.613649 9.080058 13.988837
v -12.613649 9.256940 13.758322
v -12.613649 9.368132 13.489879
v -13.779634 8.293027 14.314837
v -13.779634 9.406058 13.201806
v -14.892666 8.293027 13.201806
v -13.779634 8.580999 14.276937
v -13.779634 8.849632 14.165667
v -13.779634 9.080058 13.988837
v -14.067608 8.293026 14.276937
v -14.076671 8.592510 14.231813
v -14.071822 8.851340 14.119275
v -14.065847 9.053237 13.962727
v -14.336241 8.293026 14.165667
v -14.338246 8.586892 14.118557
v -14.309813 8.823462 14.024235
v -14.286489 8.993679 13.902534
v -14.422243 8.935635 13.844414
v -14.067608 9.368158 13.201805
v -14.336241 9.256887 13.201805
v -14.566667 9.080058 13.201805
v -13.779634 9.368158 13.489779
v -14.079120 9.323034 13.498841
v -14.337949 9.210496 13.493992
v -14.539846 9.053947 13.488017
v -13.779634 9.256887 13.758411
v -14.073502 9.209778 13.760416
v -14.310070 9.115456 13.731982
v -14.480288 8.993755 13.708660
v -14.854768 8.293026 13.489779
v -14.743496 8.293026 13.758411
v -14.566667 8.293026 13.988837
v -14.854768 8.580999 13.201805
v -14.809644 8.590063 13.501289
v -14.697104 8.585213 13.760118
v -14.540556 8.579239 13.962016
v -14.743496 8.849632 13.201805
v -14.696386 8.851637 13.495671
v -14.602064 8.823203 13.732240
v -14.480365 8.799881 13.902458
v -18.284714 9.406058 14.314837
v -17.171682 8.293027 14.314837
v -17.996639 9.368132 14.314837
v -17.728197 9.256940 14.314837
v -17.497681 9.080058 14.314837
v -17.320799 8.849543 14.314837
v -17.209606 8.581100 14.314837
v 12.714946 8.293022 -15.553263
v 12.714946 9.406054 -14.440231
v 12.714946 8.581096 -15.515335
v 12.714946 8.849538 -15.404143
v 12.714946 9.080053 -15.227262
v 12.714946 9.256935 -14.996746
v 12.714946 9.368127 -14.728304
v -17.171682 8.293022 -15.553263
v -18.284714 9.406054 -15.553263
v -17.209606 8.581096 -15.553263
v -17.320799 8.849538 -15.553263
v -17.497681 9.080053 -15.553263
v -17.728197 9.256935 -15.553263
v -17.996639 9.368127 -15.553263
v 13.899461 9.406054 -14.440231
v 15.012492 8.293022 -14.440231
v 13.899461 8.293022 -15.553263
v 14.187436 9.368154 -14.440230
v 14.456069 9.256883 -14.440230
v 14.686495 9.080053 -14.440230
v 13.899463 9.368154 -14.728203
v 14.198947 9.323030 -14.737267
v 14.457776 9.210491 -14.732417
v 14.659674 9.053943 -14.726442
v 13.899463 9.256883 -14.996836
v 14.193329 9.209773 -14.998841
v 14.429897 9.115451 -14.970407
v 14.600116 8.993751 -14.947084
v 14.542071 8.935630 -15.082838
v 14.974595 8.293021 -14.728203
v 14.863324 8.293021 -14.996836
v 14.686495 8.293021 -15.227262
v 14.974595 8.580995 -14.440230
v 14.929471 8.590058 -14.739715
v 14.816933 8.585208 -14.998544
v 14.660384 8.579234 -15.200441
v 14.863324 8.849627 -14.440230
v 14.816215 8.851632 -14.734097
v 14.721892 8.823198 -14.970665
v 14.600192 8.799876 -15.140882
v 13.899463 8.580995 -15.515363
v 13.899463 8.849627 -15.404091
v 13.899463 9.080053 -15.227262
v 14.187436 8.293021 -15.515363
v 14.196499 8.592505 -15.470239
v 14.191649 8.851336 -15.357700
v 14.185675 9.053232 -15.201151
v 14.456069 8.293021 -15.404091
v 14.458075 8.586887 -15.356982
v 14.429640 8.823457 -15.262659
v 14.406318 8.993674 -15.140960
v -10.334631 9.406054 -9.845140
v -10.334631 8.293022 -10.958171
v -10.334631 9.368128 -10.133212
v -10.334631 9.256935 -10.401654
v -10.334631 9.080054 -10.632170
v -10.334631 8.849538 -10.809052
v -10.334631 8.581096 -10.920243
v -14.892666 9.406054 -9.845140
v -14.892666 8.293022 -10.958171
v -14.892666 9.368128 -10.133212
v -14.892666 9.256935 -10.401654
v -14.892666 9.080054 -10.632170
v -14.892666 8.849538 -10.809052
v -14.892666 8.581096 -10.920243
v 13.899461 9.406054 -10.958171
v 15.012492 8.293022 -10.958171
v 14.187535 9.368128 -10.958171
v 14.455976 9.256935 -10.958171
v 14.686494 9.080054 -10.958171
v 14.863375 8.849538 -10.958171
v 14.974567 8.581096 -10.958171
v -12.613649 8.293022 -10.958171
v -12.613649 9.406054 -9.845140
v -12.613649 8.581096 -10.920243
v -12.613649 8.849538 -10.809052
v -12.613649 9.080054 -10.632170
v -12.613649 9.256935 -10.401654
v -12.613649 9.368128 -10.133212
v -16.058651 8.293022 -10.958171
v -17.171682 8.293022 -12.071202
v -18.284714 9.406054 -9.845140
v -16.345394 8.293022 -11.000670
v -16.612877 8.293022 -11.111466
v -16.845684 8.293022 -11.284171
v -16.385860 8.578203 -10.916143
v -16.609705 8.571587 -10.952830
v -16.799511 8.568624 -11.040522
v -16.960737 8.566213 -11.168395
v -16.764900 8.846417 -10.805317
v -16.885183 8.830224 -10.870214
v -16.985161 8.811299 -10.957831
v -17.075365 8.796109 -11.054408
v -17.171684 8.940599 -10.958171
v -17.213707 8.578203 -11.743996
v -17.324532 8.846417 -11.364956
v -17.497681 9.080054 -10.958172
v -17.129183 8.293022 -11.784463
v -17.165583 8.573942 -11.525863
v -17.253277 8.832593 -11.248287
v -17.381273 9.046096 -10.958889
v -17.018389 8.293022 -11.516978
v -17.082951 8.568887 -11.333095
v -17.170742 8.811562 -11.145331
v -17.267548 8.998278 -10.958251
v -17.957508 9.364028 -10.130320
v -17.578466 9.253201 -10.398534
v -17.171684 9.080054 -10.632170
v -17.999531 9.364028 -10.172347
v -17.740515 9.281981 -10.395070
v -17.462421 9.189466 -10.585423
v -17.172405 9.047047 -10.747225
v -17.731318 9.253201 -10.551388
v -17.547192 9.184346 -10.671070
v -17.359148 9.109818 -10.771349
v -17.171764 8.998537 -10.861855
v -9.131586 8.293022 -10.958171
v -9.131586 9.406054 -9.845140
v -8.018555 8.293023 -9.845140
v -9.131586 8.580995 -10.920272
v -9.131586 8.849627 -10.809001
v -9.131586 9.080053 -10.632172
v -8.843613 8.293021 -10.920272
v -8.834549 8.592506 -10.875148
v -8.839399 8.851336 -10.762609
v -8.845373 9.053233 -10.606060
v -8.574980 8.293021 -10.809001
v -8.572974 8.586887 -10.761891
v -8.601409 8.823457 -10.667568
v -8.624731 8.993675 -10.545869
v -8.488976 8.935631 -10.487748
v -8.843613 9.368155 -9.845140
v -8.574980 9.256884 -9.845140
v -8.344554 9.080054 -9.845140
v -9.131586 9.368155 -10.133113
v -8.832102 9.323030 -10.142176
v -8.573272 9.210492 -10.137326
v -8.371374 9.053944 -10.131351
v -9.131586 9.256883 -10.401746
v -8.837720 9.209774 -10.403750
v -8.601151 9.115451 -10.375317
v -8.430932 8.993752 -10.351995
v -8.056453 8.293022 -10.133113
v -8.167725 8.293021 -10.401746
v -8.344554 8.293021 -10.632172
v -8.056453 8.580996 -9.845140
v -8.101578 8.590059 -10.144624
v -8.214115 8.585208 -10.403453
v -8.370666 8.579234 -10.605350
v -8.167725 8.849628 -9.845140
v -8.214833 8.851633 -10.139006
v -8.309157 8.823198 -10.375574
v -8.430856 8.799876 -10.545793
v -1.070331 9.406054 -5.250046
v -1.070331 8.293023 -6.363077
v -1.070331 9.368129 -5.538120
v -1.070331 9.256936 -5.806562
v -1.070331 9.080055 -6.037078
v -1.070331 8.849539 -6.213959
v -1.070331 8.581097 -6.325151
v 8.119854 9.406054 -5.250046
v 8.119854 8.293023 -6.363077
v 8.119854 9.368129 -5.538120
v 8.119854 9.256936 -5.806562
v 8.119854 9.080055 -6.037078
v 8.119854 8.849539 -6.213959
v 8.119854 8.581097 -6.325151
v -13.779634 8.293023 -6.363077
v -14.892666 8.293023 -5.250046
v -13.779634 9.406054 -5.250046
v -14.067608 8.293022 -6.325179
v -14.336241 8.293022 -6.213908
v -14.566667 8.293022 -6.037078
v -13.779634 8.580996 -6.325179
v -14.079120 8.590059 -6.280055
v -14.337949 8.585209 -6.167516
v -14.539846 8.579235 -6.010967
v -13.779634 8.849628 -6.213908
v -14.073502 8.851634 -6.166798
v -14.310070 8.823199 -6.072476
v -14.480288 8.799877 -5.950776
v -14.422243 8.935632 -5.892655
v -14.854768 8.580996 -5.250046
v -14.743496 8.849628 -5.250046
v -14.566667 9.080054 -5.250047
v -14.854768 8.293022 -5.538020
v -14.809644 8.592507 -5.547083
v -14.697104 8.851337 -5.542233
v -14.540556 9.053234 -5.536260
v -14.743496 8.293022 -5.806653
v -14.696386 8.586888 -5.808658
v -14.602064 8.823458 -5.780223
v -14.480365 8.993676 -5.756901
v -13.779634 9.368155 -5.538020
v -13.779634 9.256884 -5.806653
v -13.779634 9.080054 -6.037079
v -14.067608 9.368155 -5.250047
v -14.076671 9.323030 -5.549531
v -14.071822 9.210493 -5.808361
v -14.065847 9.053944 -6.010258
v -14.336241 9.256884 -5.250047
v -14.338246 9.209775 -5.543912
v -14.309813 9.115452 -5.780482
v -14.286489 8.993752 -5.950700
v -5.702480 9.406054 -5.250046
v -5.702480 8.293023 -6.363077
v -5.702480 9.368129 -5.538120
v -5.702480 9.256936 -5.806562
v -5.702480 9.080055 -6.037078
v -5.702480 8.849539 -6.213959
v -5.702480 8.581097 -6.325151
v 3.524762 9.406054 -5.250046
v 3.524762 8.293023 -6.363077
v 3.524762 9.368129 -5.538120
v 3.524762 9.256936 -5.806562
v 3.524762 9.080055 -6.037078
v 3.524762 8.849539 -6.213959
v 3.524762 8.581097 -6.325151
v 13.899461 8.293023 -6.363077
v 13.899461 9.406054 -5.250046
v 15.012492 8.293023 -5.250046
v 13.899461 8.580996 -6.325179
v 13.899461 8.849628 -6.213908
v 13.899461 9.080054 -6.037079
v 14.187433 8.293022 -6.325179
v 14.196497 8.592507 -6.280055
v 14.191648 8.851337 -6.167516
v 14.185673 9.053234 -6.010968
v 14.456066 8.293022 -6.213908
v 14.458072 8.586888 -6.166798
v 14.429638 8.823458 -6.072476
v 14.406315 8.993676 -5.950776
v 14.542068 8.935632 -5.892655
v 14.187433 9.368155 -5.250047
v 14.456066 9.256884 -5.250047
v 14.686492 9.080054 -5.250047
v 13.899461 9.368155 -5.538020
v 14.198945 9.323030 -5.547084
v 14.457774 9.210493 -5.542233
v 14.659672 9.053944 -5.536260
v 13.899461 9.256884 -5.806653
v 14.193327 9.209775 -5.808658
v 14.429895 9.115452 -5.780224
v 14.600113 8.993752 -5.756901
v 14.974593 8.293022 -5.538020
v 14.863321 8.293022 -5.806653
v 14.686492 8.293022 -6.037078
v 14.974593 8.580996 -5.250046
v 14.929469 8.590059 -5.549531
v 14.816931 8.585209 -5.808361
v 14.660381 8.579235 -6.010258
v 14.863321 8.849628 -5.250046
v 14.816213 8.851634 -5.543912
v 14.721889 8.823199 -5.780482
v 14.600190 8.799877 -5.950700
v -3.386406 8.293023 -6.363077
v -3.386406 9.406054 -5.250046
v -3.386406 8.581097 -6.325151
v -3.386406 8.849539 -6.213959
v -3.386406 9.080055 -6.037078
v -3.386406 9.256936 -5.806562
v -3.386406 9.368129 -5.538120
v 5.822308 8.293023 -6.363077
v 5.822308 9.406054 -5.250046
v 5.822308 8.581097 -6.325151
v 5.822308 8.849539 -6.213959
v 5.822308 9.080055 -6.037078
v 5.822308 9.256936 -5.806562
v 5.822308 9.368129 -5.538120
v -12.613649 8.293023 -6.363077
v -12.613649 9.406054 -5.250046
v -12.613649 8.581097 -6.325151
v -12.613649 8.849539 -6.213959
v -12.613649 9.080055 -6.037078
v -12.613649 9.256936 -5.806562
v -12.613649 9.368129 -5.538120
v -17.171682 8.293023 -6.363077
v -18.284714 9.406054 -6.363078
v -17.209606 8.581097 -6.363077
v -17.320799 8.849539 -6.363077
v -17.497681 9.080055 -6.363078
v -17.728197 9.256936 -6.363078
v -17.996639 9.368129 -6.363078
v -8.018555 8.293023 -7.476109
v -9.131586 9.406054 -5.250046
v -6.905523 8.293023 -6.363077
v -8.060581 8.578204 -7.148901
v -8.171407 8.846418 -6.769861
v -8.344554 9.080055 -6.363078
v -7.976055 8.293023 -7.189368
v -8.012456 8.573943 -6.930769
v -8.100151 8.832594 -6.653192
v -8.228145 9.046097 -6.363794
v -7.865261 8.293023 -6.921884
v -7.929823 8.568888 -6.738000
v -8.017616 8.811563 -6.550237
v -8.114424 8.998279 -6.363157
v -8.018557 8.940600 -6.363077
v -8.804379 9.364028 -5.535227
v -8.425339 9.253202 -5.803442
v -8.018555 9.080055 -6.037078
v -8.846406 9.364029 -5.577253
v -8.587388 9.281982 -5.799977
v -8.309295 9.189467 -5.990329
v -8.019277 9.047047 -6.152131
v -8.578191 9.253202 -5.956294
v -8.394065 9.184347 -6.075978
v -8.206021 9.109818 -6.176255
v -8.018637 8.998538 -6.266761
v -7.192263 8.293023 -6.405576
v -7.459748 8.293023 -6.516372
v -7.692555 8.293023 -6.689076
v -7.232730 8.578204 -6.321052
v -7.456578 8.571588 -6.357737
v -7.646384 8.568626 -6.445427
v -7.807608 8.566215 -6.573303
v -7.611771 8.846419 -6.210225
v -7.732055 8.830226 -6.275120
v -7.832033 8.811300 -6.362738
v -7.922239 8.796110 -6.459313
v 1.227215 8.293023 -6.363077
v 1.227215 9.406054 -5.250046
v 1.227215 8.581097 -6.325151
v 1.227215 8.849539 -6.213959
v 1.227215 9.080055 -6.037078
v 1.227215 9.256936 -5.806562
v 1.227215 9.368129 -5.538120
v 10.417400 8.293023 -7.476109
v 9.304369 8.293023 -6.363077
v 11.530432 9.406054 -5.250046
v 10.374901 8.293023 -7.189368
v 10.264106 8.293023 -6.921885
v 10.091402 8.293023 -6.689076
v 10.459425 8.578204 -7.148903
v 10.422741 8.571586 -6.925055
v 10.335051 8.568625 -6.735250
v 10.207176 8.566214 -6.574024
v 10.570250 8.846418 -6.769863
v 10.505357 8.830225 -6.649578
v 10.417740 8.811299 -6.549601
v 10.321164 8.796110 -6.459394
v 10.417401 8.940600 -6.363078
v 9.631575 8.578204 -6.321051
v 10.010616 8.846418 -6.210226
v 10.417400 9.080055 -6.037078
v 9.591110 8.293023 -6.405576
v 9.849708 8.573943 -6.369176
v 10.127284 8.832593 -6.281480
v 10.416684 9.046098 -6.153489
v 9.858594 8.293023 -6.516372
v 10.042478 8.568888 -6.451809
v 10.230239 8.811563 -6.364017
v 10.417322 8.998280 -6.267210
v 11.245249 9.364029 -5.577254
v 10.977036 9.253203 -5.956294
v 10.743398 9.080055 -6.363079
v 11.203224 9.364029 -5.535227
v 10.980501 9.281982 -5.794245
v 10.790149 9.189467 -6.072339
v 10.628346 9.047047 -6.362357
v 10.824184 9.253202 -5.803442
v 10.704500 9.184347 -5.987568
v 10.604223 9.109818 -6.175612
v 10.513716 8.998537 -6.362998
v -17.171682 8.293024 -1.767985
v -18.284714 9.406055 -1.767985
v -17.209606 8.581098 -1.767985
v -17.320799 8.849540 -1.767985
v -17.497681 9.080055 -1.767985
v -17.728197 9.256937 -1.767985
v -17.996639 9.368129 -1.767985
v -1.070331 8.293025 2.827107
v -1.070331 9.406056 3.940139
v -1.070331 8.581099 2.865033
v -1.070331 8.849541 2.976225
v -1.070331 9.080056 3.153107
v -1.070331 9.256938 3.383623
v -1.070331 9.368130 3.652065
v -10.334631 8.293025 2.827107
v -10.334631 9.406056 3.940139
v -10.334631 8.581099 2.865033
v -10.334631 8.849541 2.976225
v -10.334631 9.080056 3.153107
v -10.334631 9.256938 3.383623
v -10.334631 9.368130 3.652065
v -14.892666 8.293025 2.827107
v -14.892666 9.406056 3.940139
v -14.892666 8.581099 2.865033
v -14.892666 8.849541 2.976225
v -14.892666 9.080056 3.153107
v -14.892666 9.256938 3.383623
v -14.892666 9.368130 3.652065
v -5.702480 9.406056 3.940139
v -5.702480 8.293025 2.827107
v -5.702480 9.368130 3.652065
v -5.702480 9.256938 3.383623
v -5.702480 9.080056 3.153107
v -5.702480 8.849541 2.976225
v -5.702480 8.581099 2.865033
v 3.524762 8.293025 2.827107
v 3.524762 9.406056 3.940139
v 3.524762 8.581099 2.865033
v 3.524762 8.849541 2.976225
v 3.524762 9.080056 3.153107
v 3.524762 9.256938 3.383623
v 3.524762 9.368130 3.652065
v 1.227215 9.406056 3.940139
v 1.227215 8.293025 2.827107
v 1.227215 9.368130 3.652065
v 1.227215 9.256938 3.383623
v 1.227215 9.080056 3.153107
v 1.227215 8.849541 2.976225
v 1.227215 8.581099 2.865033
v -8.018555 8.293025 2.827107
v -8.018555 9.406056 3.940139
v -8.018555 8.581099 2.865033
v -8.018555 8.849541 2.976225
v -8.018555 9.080056 3.153107
v -8.018555 9.256938 3.383623
v -8.018555 9.368130 3.652065
v -16.058651 8.293025 2.827107
v -17.171682 8.293025 1.714076
v -18.284714 9.406056 3.940139
v -16.345392 8.293025 2.784609
v -16.612877 8.293025 2.673813
v -16.845684 8.293025 2.501108
v -16.385859 8.578205 2.869133
v -16.609703 8.571589 2.832448
v -16.799511 8.568627 2.744758
v -16.960737 8.566216 2.616882
v -16.764898 8.846420 2.979959
v -16.885181 8.830227 2.915064
v -16.985159 8.811301 2.827446
v -17.075367 8.796111 2.730871
v -17.171684 8.940601 2.827107
v -17.213707 8.578205 2.041282
v -17.324532 8.846420 2.420322
v -17.497681 9.080056 2.827106
v -17.129183 8.293025 2.000817
v -17.165583 8.573945 2.259415
v -17.253279 8.832595 2.536991
v -17.381271 9.046099 2.826391
v -17.018389 8.293025 2.268300
v -17.082949 8.568890 2.452184
v -17.170740 8.811563 2.639946
v -17.267551 8.998281 2.827028
v -17.957508 9.364030 3.654958
v -17.578466 9.253204 3.386743
v -17.171682 9.080056 3.153107
v -17.999533 9.364030 3.612931
v -17.740515 9.281984 3.390208
v -17.462421 9.189469 3.199856
v -17.172403 9.047049 3.038054
v -17.731318 9.253204 3.233891
v -17.547192 9.184349 3.114207
v -17.359146 9.109820 3.013930
v -17.171764 8.998539 2.923424
v -12.613649 9.406056 3.940139
v -12.613649 8.293025 2.827107
v -12.613649 9.368130 3.652065
v -12.613649 9.256938 3.383623
v -12.613649 9.080056 3.153107
v -12.613649 8.849541 2.976225
v -12.613649 8.581099 2.865033
v 4.709277 8.293025 2.827107
v 4.709277 9.406056 3.940139
v 5.822308 8.293025 3.940139
v 4.709277 8.580997 2.865006
v 4.709277 8.849630 2.976278
v 4.709277 9.080056 3.153107
v 4.997251 8.293024 2.865006
v 5.006314 8.592508 2.910131
v 5.001463 8.851338 3.022669
v 4.995490 9.053235 3.179218
v 5.265883 8.293024 2.976278
v 5.267889 8.586890 3.023387
v 5.239454 8.823460 3.117710
v 5.216132 8.993677 3.239409
v 5.351886 8.935633 3.297530
v 4.997251 9.368156 3.940139
v 5.265883 9.256886 3.940139
v 5.496309 9.080056 3.940139
v 4.709277 9.368156 3.652166
v 5.008762 9.323032 3.643102
v 5.267591 9.210494 3.647952
v 5.469489 9.053946 3.653927
v 4.709277 9.256886 3.383533
v 5.003143 9.209776 3.381527
v 5.239713 9.115454 3.409962
v 5.409931 8.993753 3.433284
v 5.784410 8.293024 3.652166
v 5.673139 8.293024 3.383533
v 5.496309 8.293024 3.153107
v 5.784410 8.580997 3.940139
v 5.739285 8.590061 3.640655
v 5.626747 8.585211 3.381825
v 5.470198 8.579237 3.179928
v 5.673139 8.849630 3.940139
v 5.626029 8.851635 3.646273
v 5.531706 8.823201 3.409704
v 5.410007 8.799879 3.239486
v -3.386406 9.406056 3.940139
v -3.386406 8.293025 2.827107
v -3.386406 9.368130 3.652065
v -3.386406 9.256938 3.383623
v -3.386406 9.080056 3.153107
v -3.386406 8.849541 2.976225
v -3.386406 8.581099 2.865033
v -11.447662 9.406057 8.606715
v -11.447662 8.293026 9.719747
v -10.334631 8.293026 8.606715
v -11.447662 9.368157 8.894689
v -11.447662 9.256886 9.163321
v -11.447662 9.080057 9.393747
v -11.159689 9.368157 8.606715
v -11.150626 9.323033 8.906200
v -11.155476 9.210495 9.165030
v -11.161450 9.053946 9.366927
v -10.891056 9.256886 8.606715
v -10.889051 9.209777 8.900581
v -10.917485 9.115455 9.137151
v -10.940807 8.993754 9.307369
v -10.805054 8.935634 9.249325
v -11.159689 8.293025 9.681849
v -10.891056 8.293025 9.570577
v -10.660630 8.293025 9.393747
v -11.447662 8.580998 9.681849
v -11.148178 8.590062 9.636724
v -10.889349 8.585212 9.524186
v -10.687451 8.579238 9.367637
v -11.447662 8.849631 9.570577
v -11.153796 8.851636 9.523468
v -10.917228 8.823202 9.429145
v -10.747009 8.799880 9.307446
v -10.372530 8.580998 8.606715
v -10.483801 8.849631 8.606715
v -10.660630 9.080057 8.606715
v -10.372530 8.293025 8.894689
v -10.417654 8.592509 8.903752
v -10.530192 8.851339 8.898902
v -10.686742 9.053236 8.892928
v -10.483801 8.293025 9.163321
v -10.530910 8.586891 9.165327
v -10.625233 8.823461 9.136892
v -10.746933 8.993678 9.113570
v -14.892666 8.293026 8.535232
v -13.779634 9.406057 8.535232
v -13.779634 8.293026 7.422200
v -14.854768 8.580998 8.535231
v -14.743496 8.849631 8.535231
v -14.566667 9.080057 8.535231
v -14.854768 8.293025 8.247257
v -14.809644 8.592509 8.238194
v -14.697104 8.851339 8.243045
v -14.540556 9.053236 8.249018
v -14.743496 8.293025 7.978625
v -14.696386 8.586891 7.976619
v -14.602064 8.823461 8.005054
v -14.480365 8.993678 8.028376
v -14.422243 8.935634 7.892622
v -13.779634 9.368157 8.247257
v -13.779634 9.256886 7.978624
v -13.779634 9.080057 7.748198
v -14.067608 9.368157 8.535231
v -14.076671 9.323033 8.235746
v -14.071822 9.210495 7.976916
v -14.065847 9.053946 7.775019
v -14.336241 9.256886 8.535231
v -14.338246 9.209777 8.241365
v -14.309813 9.115455 8.004795
v -14.286489 8.993754 7.834578
v -14.067608 8.293025 7.460098
v -14.336241 8.293025 7.571370
v -14.566667 8.293025 7.748199
v -13.779634 8.580998 7.460098
v -14.079120 8.590062 7.505223
v -14.337949 8.585212 7.617761
v -14.539846 8.579238 7.774310
v -13.779634 8.849631 7.571370
v -14.073502 8.851636 7.618479
v -14.310070 8.823202 7.712802
v -14.480288 8.799880 7.834501
v -5.702480 9.406057 8.535232
v -5.702480 8.293026 7.422200
v -5.702480 9.368131 8.247158
v -5.702480 9.256939 7.978715
v -5.702480 9.080057 7.748199
v -5.702480 8.849542 7.571318
v -5.702480 8.581100 7.460126
v -4.499437 9.406057 8.535232
v -3.386406 8.293026 8.535232
v -4.499437 8.293026 7.422200
v -4.211464 9.368157 8.535231
v -3.942831 9.256886 8.535231
v -3.712405 9.080057 8.535231
v -4.499437 9.368157 8.247257
v -4.199952 9.323033 8.238194
v -3.941123 9.210495 8.243045
v -3.739226 9.053946 8.249018
v -4.499437 9.256886 7.978624
v -4.205571 9.209777 7.976619
v -3.969001 9.115455 8.005054
v -3.798784 8.993754 8.028376
v -3.856828 8.935634 7.892622
v -3.424304 8.293025 8.247257
v -3.535576 8.293025 7.978625
v -3.712405 8.293025 7.748199
v -3.424304 8.580998 8.535231
v -3.469429 8.590062 8.235746
v -3.581967 8.585212 7.976916
v -3.738516 8.579238 7.775020
v -3.535575 8.849631 8.535231
v -3.582685 8.851636 8.241365
v -3.677008 8.823202 8.004795
v -3.798707 8.799880 7.834578
v -4.499437 8.580998 7.460098
v -4.499437 8.849631 7.571370
v -4.499437 9.080057 7.748198
v -4.211464 8.293025 7.460098
v -4.202400 8.592509 7.505223
v -4.207250 8.851339 7.617761
v -4.213224 9.053236 7.774310
v -3.942831 8.293025 7.571370
v -3.940825 8.586891 7.618479
v -3.969260 8.823461 7.712802
v -3.992582 8.993678 7.834501
v -11.500618 9.406057 8.535232
v -12.613649 8.293025 6.309168
v -13.726681 8.293026 7.422200
v -11.785800 9.364031 8.208024
v -12.054014 9.253205 7.828983
v -12.287651 9.080057 7.422198
v -11.827826 9.364031 8.250051
v -12.050549 9.281986 7.991032
v -12.240901 9.189470 7.712939
v -12.402703 9.047049 7.422921
v -12.206865 9.253205 7.981835
v -12.326549 9.184350 7.797709
v -12.426827 9.109821 7.609665
v -12.517334 8.998540 7.422280
v -12.613650 8.940602 7.422201
v -12.656148 8.293025 6.595909
v -12.766943 8.293025 6.863392
v -12.939648 8.293025 7.096200
v -12.571624 8.578206 6.636374
v -12.608309 8.571589 6.860223
v -12.695999 8.568627 7.050029
v -12.823874 8.566216 7.211254
v -12.460799 8.846420 7.015415
v -12.525693 8.830227 7.135699
v -12.613310 8.811301 7.235677
v -12.709886 8.796112 7.325884
v -13.399474 8.578206 7.464226
v -13.020433 8.846421 7.575051
v -12.613649 9.080057 7.748199
v -13.439939 8.293026 7.379701
v -13.181341 8.573946 7.416102
v -12.903764 8.832596 7.503797
v -12.614365 9.046100 7.631790
v -13.172456 8.293025 7.268906
v -12.988572 8.568891 7.333468
v -12.800810 8.811565 7.421262
v -12.613729 8.998281 7.518067
v -17.171682 8.293026 7.422200
v -18.284714 9.406057 7.422200
v -17.209606 8.581100 7.422200
v -17.320799 8.849542 7.422200
v -17.497681 9.080057 7.422200
v -17.728197 9.256939 7.422200
v -17.996639 9.368131 7.422200
v -11.447662 9.406058 13.201806
v -11.447662 8.293027 14.314837
v -10.334631 8.293027 13.201806
v -11.447662 9.368158 13.489779
v -11.447662 9.256887 13.758411
v -11.447662 9.080058 13.988837
v -11.159689 9.368158 13.201805
v -11.150626 9.323034 13.501289
v -11.155476 9.210496 13.760118
v -11.161450 9.053947 13.962016
v -10.891056 9.256887 13.201805
v -10.889051 9.209778 13.495671
v -10.917485 9.115456 13.732240
v -10.940807 8.993755 13.902458
v -10.805054 8.935635 13.844414
v -11.159689 8.293026 14.276937
v -10.891056 8.293026 14.165667
v -10.660630 8.293026 13.988837
v -11.447662 8.580999 14.276937
v -11.148178 8.590063 14.231813
v -10.889349 8.585213 14.119275
v -10.687451 8.579239 13.962727
v -11.447662 8.849632 14.165667
v -11.153796 8.851637 14.118557
v -10.917228 8.823203 14.024235
v -10.747009 8.799881 13.902534
v -10.372530 8.580999 13.201805
v -10.483801 8.849632 13.201805
v -10.660630 9.080058 13.201805
v -10.372530 8.293026 13.489779
v -10.417654 8.592510 13.498841
v -10.530192 8.851340 13.493992
v -10.686742 9.053237 13.488017
v -10.483801 8.293026 13.758411
v -10.530910 8.586892 13.760416
v -10.625233 8.823462 13.731982
v -10.746933 8.993679 13.708660
v -11.447662 8.293026 12.017292
v -11.447662 9.406057 13.130323
v -10.334631 8.293026 13.130323
v -11.447662 8.580998 12.055190
v -11.447662 8.849631 12.166462
v -11.447662 9.080057 12.343291
v -11.159689 8.293025 12.055190
v -11.150626 8.592510 12.100314
v -11.155476 8.851340 12.212853
v -11.161450 9.053237 12.369402
v -10.891056 8.293025 12.166462
v -10.889051 8.586891 12.213572
v -10.917485 8.823461 12.307894
v -10.940807 8.993679 12.429593
v -10.805054 8.935635 12.487715
v -11.159689 9.368158 13.130323
v -10.891056 9.256886 13.130323
v -10.660630 9.080057 13.130323
v -11.447662 9.368158 12.842350
v -11.148178 9.323033 12.833287
v -10.889349 9.210496 12.838136
v -10.687451 9.053946 12.844110
v -11.447662 9.256886 12.573717
v -11.153796 9.209778 12.571712
v -10.917228 9.115455 12.600145
v -10.747009 8.993755 12.623468
v -10.372530 8.293025 12.842350
v -10.483801 8.293025 12.573717
v -10.660630 8.293025 12.343291
v -10.372530 8.580998 13.130323
v -10.417654 8.590062 12.830839
v -10.530192 8.585212 12.572009
v -10.686742 8.579238 12.370111
v -10.483801 8.849631 13.130323
v -10.530910 8.851637 12.836456
v -10.625233 8.823202 12.599889
v -10.746933 8.799880 12.429670
v -13.726681 9.406057 13.130323
v -11.500618 8.293026 12.017292
v -12.613649 8.293026 10.904261
v -13.399472 9.364032 12.845140
v -13.020433 9.253205 12.576927
v -12.613648 9.080058 12.343290
v -13.441498 9.364032 12.803116
v -13.182481 9.281985 12.580392
v -12.904388 9.189472 12.390040
v -12.614370 9.047050 12.228239
v -13.173285 9.253205 12.424076
v -12.989158 9.184350 12.304390
v -12.801115 9.109821 12.204114
v -12.613729 8.998541 12.113608
v -12.613648 8.940603 12.017292
v -11.787359 8.293026 11.974793
v -12.054843 8.293026 11.863997
v -12.287651 8.293026 11.691294
v -11.827825 8.578207 12.059317
v -12.051672 8.571590 12.022633
v -12.241478 8.568628 11.934942
v -12.402703 8.566217 11.807068
v -12.206864 8.846421 12.170142
v -12.327148 8.830228 12.105247
v -12.427126 8.811302 12.017631
v -12.517333 8.796113 11.921057
v -12.655674 8.578207 11.231466
v -12.766500 8.846421 11.610506
v -12.939648 9.080058 12.017290
v -12.571151 8.293026 11.191003
v -12.607551 8.573946 11.449598
v -12.695246 8.832597 11.727177
v -12.823238 9.046100 12.016574
v -12.460357 8.293026 11.458486
v -12.524918 8.568891 11.642369
v -12.612710 8.811565 11.830131
v -12.709517 8.998281 12.017210
v -17.171682 8.293026 12.017292
v -18.284714 9.406057 12.017292
v -17.209606 8.581100 12.017292
v -17.320799 8.849542 12.017292
v -17.497681 9.080058 12.017292
v -17.728197 9.256939 12.017292
v -17.996639 9.368132 12.017292
v -2.183362 8.293027 16.612383
v -2.183362 9.406058 17.725414
v -1.070331 8.293027 17.725414
v -2.183362 8.580999 16.650282
v -2.183362 8.849632 16.761553
v -2.183362 9.080058 16.938381
v -1.895389 8.293026 16.650282
v -1.886326 8.592511 16.695406
v -1.891176 8.851341 16.807943
v -1.897150 9.053238 16.964493
v -1.626756 8.293026 16.761553
v -1.624751 8.586892 16.808662
v -1.653186 8.823462 16.902985
v -1.676508 8.993680 17.024685
v -1.540753 8.935636 17.082806
v -1.895389 9.368159 17.725414
v -1.626756 9.256887 17.725414
v -1.396330 9.080058 17.725414
v -2.183362 9.368159 17.437441
v -1.883878 9.323034 17.428377
v -1.625048 9.210497 17.433228
v -1.423151 9.053947 17.439201
v -2.183362 9.256887 17.168808
v -1.889497 9.209779 17.166803
v -1.652927 9.115456 17.195236
v -1.482709 8.993756 17.218559
v -1.108230 8.293026 17.437441
v -1.219501 8.293026 17.168808
v -1.396330 8.293026 16.938381
v -1.108230 8.580999 17.725414
v -1.153354 8.590063 17.425930
v -1.265892 8.585213 17.167101
v -1.422442 8.579239 16.965202
v -1.219501 8.849632 17.725414
v -1.266610 8.851638 17.431547
v -1.360933 8.823203 17.194979
v -1.482633 8.799881 17.024761
v -10.334631 9.406058 17.725414
v -10.334631 8.293027 16.612383
v -10.334631 9.368133 17.437340
v -10.334631 9.256940 17.168898
v -10.334631 9.080059 16.938381
v -10.334631 8.849543 16.761499
v -10.334631 8.581100 16.650307
v -14.892666 9.406058 17.725414
v -14.892666 8.293027 16.612383
v -14.892666 9.368133 17.437340
v -14.892666 9.256940 17.168898
v -14.892666 9.080059 16.938381
v -14.892666 8.849543 16.761499
v -14.892666 8.581100 16.650307
v -8.018555 8.293027 15.499352
v -9.131586 8.293027 16.612383
v -6.905523 9.406058 17.725414
v -8.061054 8.293027 15.786094
v -8.171849 8.293027 16.053576
v -8.344554 8.293027 16.286385
v -7.976528 8.578207 15.826558
v -8.013214 8.571590 16.050404
v -8.100905 8.568629 16.240213
v -8.228781 8.566218 16.401438
v -7.865703 8.846422 16.205599
v -7.930598 8.830229 16.325882
v -8.018216 8.811304 16.425859
v -8.114792 8.796114 16.516066
v -8.018557 8.940604 16.612383
v -8.804381 8.578208 16.654409
v -8.425340 8.846422 16.765234
v -8.018556 9.080059 16.938381
v -8.844847 8.293027 16.569883
v -8.586247 8.573947 16.606285
v -8.308672 8.832597 16.693977
v -8.019272 9.046101 16.821970
v -8.577362 8.293027 16.459089
v -8.393478 8.568892 16.523651
v -8.205716 8.811566 16.611444
v -8.018635 8.998282 16.708248
v -7.190704 9.364033 17.398207
v -7.458919 9.253206 17.019167
v -7.692555 9.080059 16.612383
v -7.232731 9.364033 17.440231
v -7.455453 9.281986 17.181215
v -7.645805 9.189472 16.903122
v -7.807608 9.047050 16.613104
v -7.611771 9.253206 17.172018
v -7.731455 9.184351 16.987890
v -7.831732 9.109822 16.799849
v -7.922238 8.998541 16.612465
v -16.058651 8.293027 16.612383
v -17.171682 8.293027 15.499352
v -18.284714 9.406058 17.725414
v -16.345392 8.293027 16.569883
v -16.612877 8.293027 16.459089
v -16.845684 8.293027 16.286385
v -16.385859 8.578208 16.654408
v -16.609707 8.571591 16.617723
v -16.799511 8.568629 16.530031
v -16.960735 8.566218 16.402159
v -16.764896 8.846422 16.765232
v -16.885180 8.830229 16.700338
v -16.985159 8.811303 16.612722
v -17.075365 8.796114 16.516148
v -17.171680 8.940604 16.612381
v -17.213707 8.578207 15.826558
v -17.324532 8.846422 16.205597
v -17.497681 9.080059 16.612381
v -17.129183 8.293027 15.786094
v -17.165583 8.573947 16.044689
v -17.253279 8.832598 16.322266
v -17.381271 9.046101 16.611666
v -17.018389 8.293027 16.053576
v -17.082952 8.568892 16.237459
v -17.170744 8.811566 16.425222
v -17.267550 8.998282 16.612303
v -17.957504 9.364033 17.440231
v -17.578466 9.253206 17.172018
v -17.171680 9.080059 16.938381
v -17.999531 9.364033 17.398207
v -17.740515 9.281986 17.175484
v -17.462420 9.189473 16.985130
v -17.172403 9.047051 16.823330
v -17.731318 9.253206 17.019167
v -17.547192 9.184351 16.899483
v -17.359148 9.109822 16.799204
v -17.171761 8.998542 16.708698
v -12.613649 8.293027 16.612383
v -12.613649 9.406058 17.725414
v -12.613649 8.581100 16.650307
v -12.613649 8.849543 16.761499
v -12.613649 9.080059 16.938381
v -12.613649 9.256940 17.168898
v -12.613649 9.368133 17.437340
v -3.386406 8.293027 16.612383
v -3.386406 9.406058 17.725414
v -3.386406 8.581100 16.650307
v -3.386406 8.849543 16.761499
v -3.386406 9.080059 16.938381
v -3.386406 9.256940 17.168898
v -3.386406 9.368133 17.437340
v -8.018555 8.293026 9.719747
v -6.905523 9.406057 9.719747
v -7.980629 8.581100 9.719747
v -7.869437 8.849542 9.719747
v -7.692555 9.080057 9.719747
v -7.462039 9.256939 9.719747
v -7.193597 9.368131 9.719747
v -8.018555 8.293027 14.314837
v -6.905523 9.406058 14.314837
v -7.980629 8.581100 14.314837
v -7.869437 8.849543 14.314837
v -7.692555 9.080058 14.314837
v -7.462039 9.256940 14.314837
v -7.193597 9.368132 14.314837
v -6.905523 9.406057 8.535232
v -6.905523 8.293026 7.422200
v -8.018555 8.293026 8.535232
v -6.905523 9.368157 8.247257
v -6.905523 9.256886 7.978624
v -6.905523 9.080057 7.748198
v -7.193496 9.368157 8.535231
v -7.202559 9.323033 8.235746
v -7.197709 9.210495 7.976916
v -7.191735 9.053946 7.775019
v -7.462129 9.256886 8.535231
v -7.464134 9.209777 8.241365
v -7.435699 9.115455 8.004795
v -7.412377 8.993754 7.834578
v -7.548131 8.935634 7.892622
v -7.193496 8.293025 7.460098
v -7.462129 8.293025 7.571370
v -7.692554 8.293025 7.748199
v -6.905523 8.580998 7.460098
v -7.205007 8.590062 7.505223
v -7.463837 8.585212 7.617761
v -7.665734 8.579238 7.774310
v -6.905523 8.849631 7.571370
v -7.199389 8.851636 7.618479
v -7.435958 8.823202 7.712802
v -7.606176 8.799880 7.834501
v -7.980655 8.580998 8.535231
v -7.869384 8.849631 8.535231
v -7.692554 9.080057 8.535231
v -7.980655 8.293025 8.247257
v -7.935531 8.592509 8.238194
v -7.822993 8.851339 8.243045
v -7.666443 9.053236 8.249018
v -7.869384 8.293025 7.978625
v -7.822275 8.586891 7.976619
v -7.727952 8.823461 8.005054
v -7.606252 8.993678 8.028376
v -6.905523 9.406057 12.017292
v -8.018555 8.293026 12.017292
v -7.193597 9.368132 12.017292
v -7.462039 9.256939 12.017292
v -7.692555 9.080058 12.017292
v -7.869437 8.849542 12.017292
v -7.980629 8.581100 12.017292
v -2.183362 9.406053 -18.963840
v -2.183362 8.293021 -17.850809
v -1.070331 8.293021 -18.963840
v -2.183362 9.368154 -18.675867
v -2.183362 9.256882 -18.407234
v -2.183362 9.080052 -18.176809
v -1.895389 9.368154 -18.963840
v -1.886326 9.323029 -18.664356
v -1.891176 9.210491 -18.405525
v -1.897150 9.053942 -18.203630
v -1.626756 9.256882 -18.963840
v -1.624751 9.209773 -18.669975
v -1.653186 9.115450 -18.433405
v -1.676508 8.993751 -18.263187
v -1.540753 8.935630 -18.321232
v -1.895390 8.293020 -17.888706
v -1.626756 8.293020 -17.999979
v -1.396330 8.293020 -18.176809
v -2.183362 8.580994 -17.888706
v -1.883878 8.590057 -17.933832
v -1.625048 8.585207 -18.046371
v -1.423151 8.579233 -18.202919
v -2.183362 8.849627 -17.999979
v -1.889497 8.851632 -18.047087
v -1.652927 8.823197 -18.141411
v -1.482709 8.799875 -18.263111
v -1.108230 8.580994 -18.963840
v -1.219501 8.849627 -18.963840
v -1.396330 9.080052 -18.963840
v -1.108230 8.293020 -18.675867
v -1.153354 8.592505 -18.666803
v -1.265893 8.851336 -18.671654
v -1.422442 9.053232 -18.677628
v -1.219501 8.293020 -18.407234
v -1.266610 8.586886 -18.405230
v -1.360933 8.823456 -18.433664
v -1.482633 8.993674 -18.456985
v 11.530432 9.406054 -8.660624
v 10.417400 8.293023 -8.660624
v 11.242356 9.368128 -8.660624
v 10.973915 9.256936 -8.660624
v 10.743398 9.080054 -8.660624
v 10.566517 8.849539 -8.660624
v 10.455324 8.581097 -8.660624
v 11.530432 8.293022 -13.255716
v 11.530432 9.406054 -14.368748
v 10.417400 8.293022 -14.368748
v 11.530432 8.580995 -13.293615
v 11.530432 8.849627 -13.404886
v 11.530432 9.080053 -13.581716
v 11.242458 8.293021 -13.293615
v 11.233396 8.592505 -13.338739
v 11.238244 8.851336 -13.451278
v 11.244219 9.053232 -13.607827
v 10.973825 8.293021 -13.404886
v 10.971820 8.586887 -13.451996
v 11.000254 8.823457 -13.546319
v 11.023577 8.993674 -13.668018
v 10.887823 8.935630 -13.726139
v 11.242458 9.368154 -14.368748
v 10.973825 9.256883 -14.368748
v 10.743400 9.080053 -14.368748
v 11.530432 9.368154 -14.080775
v 11.230947 9.323030 -14.071712
v 10.972117 9.210491 -14.076561
v 10.770220 9.053943 -14.082536
v 11.530432 9.256883 -13.812142
v 11.236565 9.209773 -13.810137
v 10.999996 9.115451 -13.838571
v 10.829779 8.993751 -13.861894
v 10.455298 8.293021 -14.080775
v 10.566570 8.293021 -13.812142
v 10.743400 8.293021 -13.581716
v 10.455298 8.580995 -14.368748
v 10.500422 8.590058 -14.069263
v 10.612962 8.585208 -13.810434
v 10.769510 8.579234 -13.608537
v 10.566570 8.849627 -14.368748
v 10.613679 8.851632 -14.074882
v 10.708002 8.823198 -13.838313
v 10.829701 8.799876 -13.668096
v 11.530432 8.293022 -15.553263
v 10.417400 8.293022 -14.440231
v 11.530432 9.406054 -14.440231
v 11.242458 8.293021 -15.515363
v 10.973825 8.293021 -15.404091
v 10.743400 8.293021 -15.227262
v 11.530432 8.580995 -15.515363
v 11.230947 8.590058 -15.470239
v 10.972117 8.585208 -15.357700
v 10.770220 8.579234 -15.201151
v 11.530432 8.849627 -15.404091
v 11.236565 8.851632 -15.356982
v 10.999996 8.823198 -15.262659
v 10.829779 8.799876 -15.140960
v 10.887823 8.935630 -15.082838
v 10.455298 8.580995 -14.440230
v 10.566570 8.849627 -14.440230
v 10.743400 9.080053 -14.440230
v 10.455298 8.293021 -14.728203
v 10.500422 8.592505 -14.737267
v 10.612962 8.851336 -14.732417
v 10.769510 9.053232 -14.726442
v 10.566570 8.293021 -14.996836
v 10.613679 8.586887 -14.998841
v 10.708002 8.823457 -14.970407
v 10.829701 8.993674 -14.947084
v 11.530432 9.368154 -14.728203
v 11.530432 9.256883 -14.996836
v 11.530432 9.080053 -15.227262
v 11.242458 9.368154 -14.440230
v 11.233396 9.323030 -14.739715
v 11.238244 9.210491 -14.998544
v 11.244219 9.053943 -15.200441
v 10.973825 9.256883 -14.440230
v 10.971820 9.209773 -14.734097
v 11.000254 9.115451 -14.970665
v 11.023577 8.993751 -15.140882
v 11.530432 8.293022 -10.958171
v 10.417400 8.293023 -9.845140
v 11.530432 9.406054 -9.845140
v 11.242458 8.293021 -10.920272
v 10.973825 8.293021 -10.809001
v 10.743400 8.293021 -10.632172
v 11.530432 8.580995 -10.920272
v 11.230947 8.590058 -10.875148
v 10.972117 8.585208 -10.762609
v 10.770220 8.579234 -10.606060
v 11.530432 8.849627 -10.809001
v 11.236565 8.851633 -10.761891
v 10.999996 8.823198 -10.667568
v 10.829779 8.799876 -10.545869
v 10.887823 8.935631 -10.487748
v 10.455298 8.580996 -9.845140
v 10.566570 8.849628 -9.845140
v 10.743400 9.080054 -9.845140
v 10.455298 8.293022 -10.133113
v 10.500422 8.592506 -10.142176
v 10.612962 8.851336 -10.137326
v 10.769510 9.053233 -10.131351
v 10.566570 8.293021 -10.401746
v 10.613679 8.586887 -10.403750
v 10.708002 8.823457 -10.375317
v 10.829701 8.993675 -10.351995
v 11.530432 9.368155 -10.133113
v 11.530432 9.256883 -10.401746
v 11.530432 9.080053 -10.632172
v 11.242458 9.368155 -9.845140
v 11.233396 9.323030 -10.144624
v 11.238244 9.210492 -10.403453
v 11.244219 9.053943 -10.605350
v 10.973825 9.256884 -9.845140
v 10.971820 9.209774 -10.139006
v 11.000254 9.115451 -10.375574
v 11.023577 8.993752 -10.545793
v -17.171682 8.293021 -20.147541
v -17.171682 9.406053 -19.034510
v -17.171682 8.581095 -20.109613
v -17.171682 8.849537 -19.998421
v -17.171682 9.080052 -19.821539
v -17.171682 9.256934 -19.591024
v -17.171682 9.368126 -19.322582
v -14.892666 9.406053 -19.034510
v -14.892666 8.293021 -20.147541
v -14.892666 9.368126 -19.322582
v -14.892666 9.256934 -19.591024
v -14.892666 9.080052 -19.821539
v -14.892666 8.849537 -19.998421
v -14.892666 8.581095 -20.109613
v -8.018555 8.293021 -20.147541
v -8.018555 9.406053 -19.034510
v -8.018555 8.581095 -20.109613
v -8.018555 8.849537 -19.998421
v -8.018555 9.080052 -19.821539
v -8.018555 9.256934 -19.591024
v -8.018555 9.368126 -19.322582
v -5.702480 9.406053 -19.034510
v -5.702480 8.293021 -20.147541
v -5.702480 9.368126 -19.322582
v -5.702480 9.256934 -19.591024
v -5.702480 9.080052 -19.821539
v -5.702480 8.849537 -19.998421
v -5.702480 8.581095 -20.109613
v -18.337669 9.406053 -19.034510
v -18.337669 8.293021 -20.147541
v -19.450701 8.293021 -19.034510
v -18.337669 9.368153 -19.322481
v -18.337669 9.256882 -19.591114
v -18.337669 9.080052 -19.821541
v -18.625643 9.368153 -19.034508
v -18.634705 9.323029 -19.333992
v -18.629856 9.210490 -19.592821
v -18.623880 9.053942 -19.794720
v -18.894276 9.256882 -19.034508
v -18.896280 9.209772 -19.328375
v -18.867846 9.115450 -19.564943
v -18.844524 8.993750 -19.735161
v -18.980278 8.935629 -19.677116
v -18.625643 8.293020 -20.109640
v -18.894276 8.293020 -19.998369
v -19.124701 8.293020 -19.821541
v -18.337669 8.580994 -20.109640
v -18.637154 8.590057 -20.064516
v -18.895983 8.585207 -19.951977
v -19.097879 8.579233 -19.795429
v -18.337669 8.849627 -19.998369
v -18.631535 8.851631 -19.951262
v -18.868103 8.823197 -19.856936
v -19.038322 8.799875 -19.735237
v -19.412802 8.580994 -19.034508
v -19.301531 8.849627 -19.034508
v -19.124701 9.080052 -19.034508
v -19.412802 8.293020 -19.322481
v -19.367678 8.592505 -19.331545
v -19.255138 8.851335 -19.326694
v -19.098591 9.053231 -19.320721
v -19.301531 8.293020 -19.591114
v -19.254421 8.586886 -19.593119
v -19.160099 8.823456 -19.564686
v -19.038399 8.993673 -19.541363
v -10.334631 9.406053 -19.034510
v -10.334631 8.293021 -20.147541
v -10.334631 9.368126 -19.322582
v -10.334631 9.256934 -19.591024
v -10.334631 9.080052 -19.821539
v -10.334631 8.849537 -19.998421
v -10.334631 8.581095 -20.109613
v -12.613649 8.293021 -20.147541
v -12.613649 9.406053 -19.034510
v -12.613649 8.581095 -20.109613
v -12.613649 8.849537 -19.998421
v -12.613649 9.080052 -19.821539
v -12.613649 9.256934 -19.591024
v -12.613649 9.368126 -19.322582
v -3.386406 8.293021 -20.147541
v -3.386406 9.406053 -19.034510
v -3.386406 8.581095 -20.109613
v -3.386406 8.849537 -19.998421
v -3.386406 9.080052 -19.821539
v -3.386406 9.256934 -19.591024
v -3.386406 9.368126 -19.322582
v -2.183362 8.293021 -20.147541
v -2.183362 9.406053 -19.034510
v -1.070331 8.293021 -19.034510
v -2.183362 8.580994 -20.109640
v -2.183362 8.849627 -19.998369
v -2.183362 9.080052 -19.821541
v -1.895389 8.293020 -20.109640
v -1.886326 8.592505 -20.064516
v -1.891176 8.851335 -19.951977
v -1.897150 9.053231 -19.795429
v -1.626756 8.293020 -19.998369
v -1.624751 8.586886 -19.951262
v -1.653186 8.823456 -19.856936
v -1.676508 8.993673 -19.735237
v -1.540753 8.935629 -19.677116
v -1.895389 9.368153 -19.034508
v -1.626756 9.256882 -19.034508
v -1.396330 9.080052 -19.034508
v -2.183362 9.368153 -19.322481
v -1.883878 9.323029 -19.331545
v -1.625048 9.210490 -19.326694
v -1.423151 9.053942 -19.320721
v -2.183362 9.256882 -19.591114
v -1.889497 9.209772 -19.593119
v -1.652927 9.115450 -19.564686
v -1.482709 8.993750 -19.541363
v -1.108230 8.293020 -19.322481
v -1.219501 8.293020 -19.591114
v -1.396330 8.293020 -19.821541
v -1.108230 8.580994 -19.034508
v -1.153354 8.590057 -19.333992
v -1.265892 8.585207 -19.592821
v -1.422442 8.579233 -19.794720
v -1.219501 8.849627 -19.034508
v -1.266610 8.851631 -19.328375
v -1.360933 8.823197 -19.564943
v -1.482633 8.799875 -19.735161
vn -0.0000 1.0000 -0.0000
vn -0.0000 -0.0000 1.0000
vn -0.0000 -0.0000 -1.0000
vn 1.0000 -0.0000 -0.0000
vn -1.0000 -0.0000 -0.0000
vn -0.0892 0.0892 0.9920
vn -0.0678 0.2592 0.9634
vn -0.2623 0.2634 0.9283
vn -0.2595 0.0681 0.9633
vn -0.0648 0.4989 0.8642
vn -0.2502 0.4951 0.8321
vn -0.0628 0.7058 0.7056
vn -0.2410 0.6861 0.6865
vn -0.4950 0.2511 0.8318
vn -0.4987 0.0654 0.8643
vn -0.4635 0.4637 0.7551
vn -0.4392 0.6352 0.6354
vn -0.6865 0.2410 0.6861
vn -0.7056 0.0628 0.7058
vn -0.6354 0.4392 0.6352
vn -0.5773 0.5774 0.5773
vn -0.0892 0.9920 0.0892
vn -0.2592 0.9634 0.0678
vn -0.2634 0.9283 0.2623
vn -0.0681 0.9633 0.2595
vn -0.4989 0.8642 0.0648
vn -0.4951 0.8321 0.2502
vn -0.7058 0.7056 0.0628
vn -0.6861 0.6865 0.2410
vn -0.2511 0.8318 0.4950
vn -0.0654 0.8643 0.4987
vn -0.4637 0.7551 0.4635
vn -0.6352 0.6354 0.4392
vn -0.9920 0.0892 0.0892
vn -0.9634 0.0678 0.2592
vn -0.9283 0.2623 0.2634
vn -0.9633 0.2595 0.0681
vn -0.8642 0.0648 0.4989
vn -0.8321 0.2502 0.4951
vn -0.8318 0.4950 0.2511
vn -0.8643 0.4987 0.0654
vn -0.7551 0.4635 0.4637
vn 0.9906 0.1185 0.0682
vn 0.9545 0.1802 0.2375
vn 0.8236 0.4952 0.2766
vn 0.9350 0.3463 0.0767
vn 0.8444 0.2550 0.4710
vn 0.7080 0.5466 0.4472
vn 0.6777 0.2738 0.6825
vn 0.5823 0.5553 0.5937
vn 0.6089 0.7085 0.3567
vn 0.7788 0.6144 0.1268
vn 0.5774 0.6720 0.4637
vn 0.5328 0.6493 0.5427
vn 0.3502 0.8666 0.3555
vn 0.4726 0.8640 0.1734
vn 0.4134 0.8120 0.4120
vn 0.4725 0.7415 0.4764
vn 0.0720 0.1188 0.9903
vn 0.0910 0.3541 0.9308
vn 0.2879 0.4979 0.8181
vn 0.2448 0.1751 0.9536
vn 0.1430 0.6334 0.7605
vn 0.3519 0.7157 0.6033
vn 0.1684 0.8643 0.4739
vn 0.3520 0.8703 0.3444
vn 0.4323 0.5373 0.7241
vn 0.4668 0.2410 0.8509
vn 0.4450 0.6732 0.5906
vn 0.4036 0.8137 0.4185
vn 0.0730 0.9947 0.0730
vn 0.1545 0.9862 0.0592
vn 0.1792 0.9667 0.1827
vn 0.0589 0.9862 0.1548
vn 0.3095 0.9459 0.0978
vn 0.2139 0.9424 0.2570
vn 0.2735 0.9411 0.1988
vn 0.0949 0.9439 0.3161
vn 0.3058 0.9048 0.2963
vn 0.0892 0.9920 0.0892
vn 0.0678 0.9634 0.2592
vn 0.2623 0.9283 0.2634
vn 0.2594 0.9633 0.0681
vn 0.0648 0.8642 0.4989
vn 0.2502 0.8321 0.4951
vn 0.0628 0.7056 0.7058
vn 0.2410 0.6865 0.6861
vn 0.4950 0.8318 0.2511
vn 0.4987 0.8643 0.0654
vn 0.4635 0.7551 0.4637
vn 0.4392 0.6354 0.6352
vn 0.6865 0.6861 0.2410
vn 0.7056 0.7058 0.0628
vn 0.6354 0.6352 0.4392
vn 0.5774 0.5774 0.5773
vn 0.0892 0.0892 0.9920
vn 0.2592 0.0678 0.9634
vn 0.2634 0.2623 0.9283
vn 0.0681 0.2595 0.9633
vn 0.4989 0.0648 0.8642
vn 0.4951 0.2502 0.8321
vn 0.7058 0.0628 0.7056
vn 0.6861 0.2410 0.6865
vn 0.2511 0.4950 0.8318
vn 0.0654 0.4987 0.8643
vn 0.4637 0.4635 0.7551
vn 0.6352 0.4392 0.6354
vn 0.9920 0.0892 0.0892
vn 0.9634 0.2592 0.0678
vn 0.9283 0.2634 0.2623
vn 0.9633 0.0681 0.2595
vn 0.8642 0.4989 0.0648
vn 0.8321 0.4951 0.2502
vn 0.8318 0.2511 0.4950
vn 0.8643 0.0654 0.4987
vn 0.7551 0.4637 0.4635
vn -0.0720 0.1188 -0.9903
vn -0.0910 0.3541 -0.9308
vn -0.2879 0.4979 -0.8181
vn -0.2448 0.1751 -0.9536
vn -0.1430 0.6334 -0.7605
vn -0.3519 0.7157 -0.6033
vn -0.1684 0.8643 -0.4739
vn -0.3520 0.8703 -0.3444
vn -0.4323 0.5373 -0.7241
vn -0.4668 0.2410 -0.8509
vn -0.4450 0.6732 -0.5906
vn -0.4036 0.8137 -0.4185
vn -0.5823 0.5553 -0.5937
vn -0.6777 0.2738 -0.6825
vn -0.5328 0.6493 -0.5427
vn -0.4725 0.7415 -0.4764
vn -0.0763 0.9944 -0.0733
vn -0.1572 0.9858 -0.0596
vn -0.1792 0.9667 -0.1827
vn -0.0589 0.9862 -0.1548
vn -0.3081 0.9462 -0.0985
vn -0.2139 0.9424 -0.2570
vn -0.4700 0.8654 -0.1739
vn -0.3502 0.8666 -0.3555
vn -0.2735 0.9411 -0.1988
vn -0.0949 0.9439 -0.3161
vn -0.3058 0.9048 -0.2963
vn -0.4134 0.8120 -0.4120
vn -0.9900 0.1229 -0.0691
vn -0.9545 0.1802 -0.2375
vn -0.8236 0.4952 -0.2766
vn -0.9344 0.3477 -0.0780
vn -0.8444 0.2550 -0.4710
vn -0.7080 0.5466 -0.4472
vn -0.6089 0.7085 -0.3567
vn -0.7805 0.6120 -0.1276
vn -0.5774 0.6720 -0.4637
vn -0.0763 0.9944 0.0733
vn -0.0592 0.9862 0.1545
vn -0.1827 0.9667 0.1792
vn -0.1574 0.9857 0.0593
vn -0.0978 0.9459 0.3095
vn -0.2570 0.9424 0.2139
vn -0.1734 0.8640 0.4726
vn -0.3555 0.8666 0.3502
vn -0.1988 0.9411 0.2735
vn -0.3147 0.9443 0.0957
vn -0.2963 0.9048 0.3058
vn -0.4120 0.8120 0.4134
vn -0.3444 0.8703 0.3520
vn -0.4712 0.8657 0.1689
vn -0.4184 0.8137 0.4036
vn -0.4764 0.7415 0.4725
vn -0.0682 0.1185 0.9906
vn -0.2375 0.1802 0.9545
vn -0.2766 0.4952 0.8236
vn -0.0767 0.3462 0.9350
vn -0.4710 0.2550 0.8444
vn -0.4472 0.5466 0.7080
vn -0.6825 0.2738 0.6777
vn -0.5937 0.5553 0.5823
vn -0.3567 0.7085 0.6089
vn -0.1268 0.6143 0.7788
vn -0.4637 0.6720 0.5774
vn -0.5427 0.6493 0.5328
vn -0.9897 0.1233 0.0729
vn -0.9301 0.3556 0.0923
vn -0.8181 0.4979 0.2879
vn -0.9536 0.1751 0.2448
vn -0.7622 0.6311 0.1438
vn -0.6033 0.7157 0.3519
vn -0.7241 0.5373 0.4323
vn -0.8509 0.2410 0.4668
vn -0.5906 0.6732 0.4450
vn 0.0762 0.9944 -0.0734
vn 0.0590 0.9862 -0.1547
vn 0.1827 0.9667 -0.1792
vn 0.1574 0.9857 -0.0593
vn 0.0973 0.9458 -0.3098
vn 0.2570 0.9424 -0.2139
vn 0.1730 0.8639 -0.4729
vn 0.3555 0.8666 -0.3502
vn 0.1988 0.9411 -0.2735
vn 0.3147 0.9443 -0.0957
vn 0.2963 0.9048 -0.3058
vn 0.4120 0.8120 -0.4134
vn 0.3444 0.8703 -0.3520
vn 0.4712 0.8657 -0.1689
vn 0.4184 0.8137 -0.4036
vn 0.4764 0.7415 -0.4725
vn 0.0642 0.1162 -0.9911
vn 0.2375 0.1802 -0.9545
vn 0.2766 0.4952 -0.8236
vn 0.0737 0.3444 -0.9359
vn 0.4710 0.2550 -0.8444
vn 0.4472 0.5466 -0.7080
vn 0.6825 0.2738 -0.6777
vn 0.5937 0.5553 -0.5823
vn 0.3567 0.7085 -0.6089
vn 0.1257 0.6138 -0.7794
vn 0.4637 0.6720 -0.5774
vn 0.5427 0.6493 -0.5328
vn 0.9897 0.1233 -0.0729
vn 0.9301 0.3556 -0.0923
vn 0.8181 0.4979 -0.2879
vn 0.9536 0.1751 -0.2448
vn 0.7622 0.6311 -0.1438
vn 0.6033 0.7157 -0.3519
vn 0.7241 0.5373 -0.4323
vn 0.8509 0.2410 -0.4668
vn 0.5906 0.6732 -0.4450
vn 0.0680 0.1166 0.9908
vn 0.0880 0.3523 0.9317
vn 0.1419 0.6329 0.7611
vn 0.1680 0.8642 0.4742
vn 0.4036 0.8137 0.4184
vn 0.0762 0.9944 0.0734
vn 0.1572 0.9858 0.0596
vn 0.0586 0.9862 0.1549
vn 0.3081 0.9462 0.0985
vn 0.4700 0.8654 0.1739
vn 0.0944 0.9439 0.3165
vn 0.9900 0.1229 0.0691
vn 0.9343 0.3477 0.0780
vn 0.7805 0.6120 0.1276
vn 0.0949 0.9440 0.3161
vn 0.9350 0.3462 0.0767
vn 0.7788 0.6143 0.1268
vn 0.0889 0.9918 0.0920
vn 0.0668 0.9629 0.2616
vn 0.2595 0.9633 0.0681
vn 0.0637 0.8650 0.4977
vn 0.0618 0.7052 0.7063
vn 0.5773 0.5774 0.5774
vn 0.0860 0.0900 0.9922
vn 0.0637 0.2589 0.9638
vn 0.0627 0.4954 0.8664
vn 0.0684 0.1168 0.9908
vn 0.0882 0.3524 0.9317
vn 0.1420 0.6329 0.7611
vn 0.0728 0.9947 0.0730
vn 0.0945 0.9439 0.3164
vn 0.0676 0.1164 0.9909
vn 0.0878 0.3522 0.9318
vn 0.0761 0.9944 0.0734
vn 0.9344 0.3477 0.0780
vn 0.0863 0.0901 0.9922
vn 0.0640 0.2590 0.9638
vn 0.0628 0.4954 0.8664
vn 0.5773 0.5774 0.5773
vn 0.0720 0.1189 0.9903
vn 0.0911 0.3541 0.9308
vn 0.1685 0.8643 0.4739
vn 0.5774 0.5773 0.5774
vn -0.5774 0.5774 0.5773
vn -0.9633 0.2594 0.0681
vn -0.0680 0.1166 -0.9908
vn -0.0880 0.3523 -0.9317
vn -0.1419 0.6329 -0.7611
vn -0.1680 0.8642 -0.4742
vn -0.4036 0.8137 -0.4184
vn -0.0762 0.9944 -0.0734
vn -0.0586 0.9862 -0.1549
vn -0.0944 0.9439 -0.3165
vn -0.9343 0.3477 -0.0780
vn -0.0762 0.9944 0.0734
vn -0.0590 0.9862 0.1547
vn -0.0973 0.9458 0.3098
vn -0.1730 0.8639 0.4729
vn -0.0642 0.1162 0.9911
vn -0.0737 0.3444 0.9359
vn -0.1257 0.6138 0.7794
vn 0.0730 0.9947 -0.0730
vn 0.0592 0.9862 -0.1545
vn 0.1547 0.9862 -0.0589
vn 0.0978 0.9459 -0.3095
vn 0.1734 0.8640 -0.4726
vn 0.3161 0.9440 -0.0949
vn 0.4739 0.8643 -0.1685
vn 0.0682 0.1185 -0.9906
vn 0.0767 0.3463 -0.9350
vn 0.1268 0.6144 -0.7788
vn 0.9903 0.1189 -0.0720
vn 0.9308 0.3541 -0.0910
vn 0.7605 0.6334 -0.1430
vn -0.5774 0.5773 0.5773
vn 0.0892 0.9920 -0.0892
vn 0.2592 0.9634 -0.0678
vn 0.2634 0.9283 -0.2623
vn 0.0681 0.9633 -0.2595
vn 0.4989 0.8642 -0.0648
vn 0.4951 0.8321 -0.2502
vn 0.7058 0.7056 -0.0628
vn 0.6861 0.6865 -0.2410
vn 0.2511 0.8318 -0.4950
vn 0.0654 0.8643 -0.4987
vn 0.4637 0.7551 -0.4635
vn 0.6352 0.6354 -0.4392
vn 0.2410 0.6861 -0.6865
vn 0.0628 0.7058 -0.7056
vn 0.4392 0.6352 -0.6354
vn 0.5774 0.5773 -0.5773
vn 0.9920 0.0892 -0.0892
vn 0.9634 0.0678 -0.2592
vn 0.9283 0.2623 -0.2634
vn 0.9633 0.2594 -0.0681
vn 0.8642 0.0648 -0.4989
vn 0.8321 0.2502 -0.4951
vn 0.7056 0.0628 -0.7058
vn 0.6865 0.2410 -0.6861
vn 0.8318 0.4950 -0.2511
vn 0.8643 0.4987 -0.0654
vn 0.7551 0.4635 -0.4637
vn 0.6354 0.4392 -0.6352
vn 0.0892 0.0892 -0.9920
vn 0.0678 0.2592 -0.9634
vn 0.2623 0.2634 -0.9283
vn 0.2595 0.0681 -0.9633
vn 0.0648 0.4989 -0.8642
vn 0.2502 0.4951 -0.8321
vn 0.4950 0.2511 -0.8318
vn 0.4987 0.0654 -0.8643
vn 0.4635 0.4637 -0.7551
vn 0.0767 0.3462 -0.9350
vn 0.1268 0.6143 -0.7788
vn 0.4739 0.8643 -0.1684
vn 0.4185 0.8137 -0.4036
vn 0.1548 0.9862 -0.0589
vn 0.5774 0.5773 -0.5774
vn -0.0892 0.0892 -0.9920
vn -0.2592 0.0678 -0.9634
vn -0.2634 0.2623 -0.9283
vn -0.0681 0.2594 -0.9633
vn -0.4989 0.0648 -0.8642
vn -0.4951 0.2502 -0.8321
vn -0.7058 0.0628 -0.7056
vn -0.6861 0.2410 -0.6865
vn -0.2511 0.4950 -0.8318
vn -0.0654 0.4987 -0.8643
vn -0.4637 0.4635 -0.7551
vn -0.6352 0.4392 -0.6354
vn -0.2410 0.6865 -0.6861
vn -0.0628 0.7056 -0.7058
vn -0.4392 0.6354 -0.6352
vn -0.5773 0.5773 -0.5774
vn -0.9920 0.0892 -0.0892
vn -0.9634 0.2592 -0.0678
vn -0.9283 0.2634 -0.2623
vn -0.9633 0.0681 -0.2595
vn -0.8642 0.4989 -0.0648
vn -0.8321 0.4951 -0.2502
vn -0.7056 0.7058 -0.0628
vn -0.6865 0.6861 -0.2410
vn -0.8318 0.2511 -0.4950
vn -0.8643 0.0654 -0.4987
vn -0.7551 0.4637 -0.4635
vn -0.6354 0.6352 -0.4392
vn -0.0892 0.9920 -0.0892
vn -0.0678 0.9634 -0.2592
vn -0.2623 0.9283 -0.2634
vn -0.2594 0.9633 -0.0681
vn -0.0648 0.8642 -0.4989
vn -0.2502 0.8321 -0.4951
vn -0.4950 0.8318 -0.2511
vn -0.4987 0.8643 -0.0654
vn -0.4635 0.7551 -0.4637
vn 0.0860 0.0900 -0.9922
vn 0.0633 0.2587 -0.9639
vn 0.0622 0.4956 -0.8663
vn 0.0618 0.7053 -0.7062
vn 0.5773 0.5774 -0.5774
vn 0.0889 0.9918 -0.0920
vn 0.0672 0.9628 -0.2618
vn 0.0643 0.8651 -0.4975
vn -0.9906 0.1185 -0.0682
vn -0.9350 0.3463 -0.0767
vn -0.7788 0.6143 -0.1268
vn -0.4726 0.8640 -0.1734
vn -0.0720 0.1189 -0.9903
vn -0.1685 0.8643 -0.4739
vn -0.0730 0.9947 -0.0730
vn -0.1545 0.9862 -0.0592
vn -0.3095 0.9459 -0.0978
vn -0.0949 0.9440 -0.3161
vn 0.5774 0.5774 -0.5774
vn 0.0617 0.7052 0.7064
vn 0.0858 0.0899 0.9923
vn 0.0635 0.2587 0.9639
vn -0.0889 0.9918 -0.0920
vn -0.0668 0.9629 -0.2616
vn -0.0637 0.8650 -0.4977
vn -0.0617 0.7052 -0.7064
vn -0.0858 0.0898 -0.9923
vn -0.0635 0.2587 -0.9639
vn -0.0627 0.4954 -0.8664
vn -0.0761 0.9944 -0.0734
vn -0.0676 0.1164 -0.9909
vn -0.0878 0.3522 -0.9318
vn 0.0628 0.7057 0.7058
vn 0.0858 0.0899 -0.9923
vn 0.0631 0.2585 -0.9639
vn 0.0621 0.4956 -0.8663
vn 0.0617 0.7053 -0.7062
vn 0.0642 0.8651 -0.4975
vn 0.0761 0.9944 -0.0734
vn 0.0589 0.9862 -0.1547
vn 0.1730 0.8639 -0.4730
vn 0.0638 0.1160 -0.9912
vn 0.0735 0.3443 -0.9360
vn 0.7058 0.7057 -0.0628
vn 0.9634 0.2594 -0.0681
vn -0.7788 0.6144 -0.1268
vn -0.0911 0.3541 -0.9308
vn 0.9903 0.1188 -0.0720
vn -0.2595 0.9633 -0.0681
vn 0.0681 0.2594 0.9633
vn -0.0860 0.0900 0.9922
vn -0.0633 0.2587 0.9639
vn -0.0622 0.4956 0.8663
vn -0.0618 0.7053 0.7062
vn -0.5774 0.5774 0.5774
vn -0.0889 0.9918 0.0920
vn -0.0672 0.9628 0.2618
vn -0.0643 0.8651 0.4975
vn -0.0681 0.2595 -0.9633
vn -0.5773 0.5774 -0.5774
vn -0.0860 0.0900 -0.9922
vn -0.0637 0.2589 -0.9638
vn -0.0618 0.7052 -0.7063
vn -0.5774 0.5773 -0.5774
vn -0.1305 0.9914 -0.0000
vn -0.2588 0.9659 -0.0000
vn -0.5000 0.8660 -0.0000
vn -0.7071 0.7071 -0.0000
vn -0.8660 0.5000 -0.0000
vn -0.9659 0.2588 -0.0000
vn -0.9914 0.1305 -0.0000
vn 0.1305 -0.0000 -0.9914
vn 0.2588 -0.0000 -0.9659
vn 0.5000 -0.0000 -0.8660
vn 0.7071 -0.0000 -0.7071
vn 0.8660 -0.0000 -0.5000
vn 0.9659 -0.0000 -0.2588
vn 0.9914 -0.0000 -0.1305
vn 0.1305 -0.0000 0.9914
vn 0.2588 -0.0000 0.9659
vn 0.5000 -0.0000 0.8660
vn 0.7071 -0.0000 0.7071
vn 0.8660 -0.0000 0.5000
vn 0.9659 -0.0000 0.2588
vn 0.9914 -0.0000 0.1305
vn 0.1345 0.9909 0.0003
vn 0.2609 0.9654 0.0006
vn 0.4985 0.8669 0.0007
vn 0.7074 0.7068 0.0005
vn 0.8674 0.4975 0.0010
vn 0.9656 0.2599 0.0011
vn 0.9910 0.1339 0.0008
vn -0.0000 0.9914 -0.1305
vn -0.0000 0.9659 -0.2588
vn -0.0000 0.8660 -0.5000
vn -0.0000 0.7071 -0.7071
vn -0.0000 0.5000 -0.8660
vn -0.0000 0.2588 -0.9659
vn -0.0000 0.1305 -0.9914
vn 0.0003 0.9909 0.1345
vn -0.0003 0.9909 0.1345
vn -0.0006 0.9654 0.2609
vn 0.0006 0.9654 0.2609
vn -0.0007 0.8669 0.4985
vn 0.0007 0.8669 0.4985
vn -0.0005 0.7068 0.7074
vn 0.0005 0.7068 0.7074
vn -0.0010 0.4975 0.8674
vn 0.0010 0.4975 0.8674
vn -0.0011 0.2599 0.9656
vn 0.0011 0.2599 0.9656
vn -0.0008 0.1339 0.9910
vn 0.0008 0.1339 0.9910
vn -0.1305 -0.0000 -0.9914
vn -0.2588 -0.0000 -0.9659
vn -0.5000 -0.0000 -0.8660
vn -0.7071 -0.0000 -0.7071
vn -0.8660 -0.0000 -0.5000
vn -0.9659 -0.0000 -0.2588
vn -0.9914 -0.0000 -0.1305
vn -0.1345 0.9909 0.0003
vn -0.2609 0.9654 0.0006
vn -0.4985 0.8669 0.0007
vn -0.7074 0.7068 0.0005
vn -0.8674 0.4975 0.0010
vn -0.9656 0.2599 0.0011
vn -0.9910 0.1339 0.0008
vn 0.1386 -0.0003 0.9904
vn 0.2627 -0.0005 0.9649
vn 0.4965 -0.0005 0.8680
vn 0.7071 -0.0003 0.7071
vn 0.8680 -0.0005 0.4965
vn 0.9649 -0.0005 0.2627
vn 0.9904 -0.0003 0.1386
vn 0.1386 -0.0003 -0.9904
vn 0.2627 -0.0005 -0.9649
vn 0.4965 -0.0005 -0.8680
vn 0.7071 -0.0003 -0.7071
vn 0.8680 -0.0005 -0.4965
vn 0.9649 -0.0005 -0.2627
vn 0.9904 -0.0003 -0.1386
vn -0.1386 -0.0003 -0.9904
vn -0.2627 -0.0005 -0.9649
vn -0.4965 -0.0005 -0.8680
vn -0.7071 -0.0003 -0.7071
vn -0.8680 -0.0005 -0.4965
vn -0.9649 -0.0005 -0.2627
vn -0.9904 -0.0003 -0.1386
vn -0.1386 -0.0003 0.9904
vn -0.2627 -0.0005 0.9649
vn -0.4965 -0.0005 0.8680
vn -0.7071 -0.0003 0.7071
vn -0.8680 -0.0005 0.4965
vn -0.9649 -0.0005 0.2627
vn -0.9904 -0.0003 0.1386
vn -0.0003 0.9909 -0.1345
vn -0.0006 0.9654 -0.2609
vn -0.0007 0.8669 -0.4985
vn -0.0005 0.7068 -0.7074
vn -0.0010 0.4975 -0.8674
vn -0.0011 0.2600 -0.9656
vn -0.0008 0.1339 -0.9910
vn 0.1345 0.9909 -0.0003
vn 0.2609 0.9654 -0.0006
vn 0.4985 0.8669 -0.0007
vn 0.7074 0.7068 -0.0005
vn 0.8674 0.4975 -0.0010
vn 0.9656 0.2599 -0.0011
vn 0.9910 0.1339 -0.0008
vn -0.1305 -0.0000 0.9914
vn -0.2588 -0.0000 0.9659
vn -0.5000 -0.0000 0.8660
vn -0.7071 -0.0000 0.7071
vn -0.8660 -0.0000 0.5000
vn -0.9659 -0.0000 0.2588
vn -0.9914 -0.0000 0.1305
vn -0.0000 0.9914 0.1305
vn -0.0000 0.9659 0.2588
vn -0.0000 0.8660 0.5000
vn -0.0000 0.7071 0.7071
vn -0.0000 0.5000 0.8660
vn -0.0000 0.2588 0.9659
vn -0.0000 0.1305 0.9914
vn 0.0003 0.9909 -0.1345
vn 0.0006 0.9654 -0.2609
vn 0.0007 0.8669 -0.4985
vn 0.0005 0.7068 -0.7074
vn 0.0010 0.4975 -0.8674
vn 0.0011 0.2599 -0.9656
vn 0.0008 0.1339 -0.9910
vn -0.0011 0.2600 0.9656
vn -0.0011 0.2599 -0.9656
vn 0.0011 0.2600 -0.9656
vn 0.1305 0.9914 -0.0000
vn 0.2588 0.9659 -0.0000
vn 0.5000 0.8660 -0.0000
vn 0.7071 0.7071 -0.0000
vn 0.8660 0.5000 -0.0000
vn 0.9659 0.2588 -0.0000
vn 0.9914 0.1305 -0.0000
vn 0.0008 0.1338 -0.9910
vn -0.0000 0.1372 0.9905
vn -0.0000 0.2611 0.9653
vn -0.0000 0.4951 0.8689
vn -0.0000 0.7066 0.7076
vn -0.0000 0.8678 0.4970
vn -0.0000 0.9648 0.2631
vn -0.0000 0.9904 0.1385
vt 0.330697 0.113903
vt 0.330171 0.102866
vt 0.330171 0.102157
vt 0.330697 0.091121
vt 0.415967 0.546581
vt 0.415967 0.558511
vt 0.337951 0.558510
vt 0.337951 0.546581
vt 0.267158 0.808957
vt 0.267158 0.820886
vt 0.189142 0.820886
vt 0.189142 0.808957
vt 0.886273 0.820895
vt 0.898018 0.820895
vt 0.898018 0.898911
vt 0.886273 0.898911
vt 0.296536 0.102866
vt 0.273938 0.102866
vt 0.273938 0.102157
vt 0.296536 0.102157
vt 0.330697 0.364507
vt 0.330171 0.375544
vt 0.330171 0.341725
vt 0.330697 0.341725
vt 0.415967 0.706608
vt 0.415967 0.729207
vt 0.337951 0.729207
vt 0.337951 0.706608
vt 0.940614 0.356211
vt 0.941323 0.356211
vt 0.941323 0.434227
vt 0.940614 0.434227
vt 0.683125 0.752724
vt 0.683125 0.764469
vt 0.605109 0.764469
vt 0.605109 0.752724
vt 0.182441 0.376253
vt 0.170512 0.376253
vt 0.170512 0.375544
vt 0.182441 0.375544
vt 0.683125 0.786543
vt 0.683125 0.798288
vt 0.605109 0.798288
vt 0.605109 0.786542
vt 0.683125 0.478602
vt 0.683125 0.501568
vt 0.605109 0.501568
vt 0.605109 0.478602
vt 0.289940 0.861931
vt 0.301686 0.861931
vt 0.301686 0.939947
vt 0.289940 0.939947
vt 0.906428 0.534316
vt 0.917989 0.534316
vt 0.917989 0.612332
vt 0.906428 0.612332
vt 0.427004 0.842776
vt 0.438749 0.842776
vt 0.438749 0.920792
vt 0.427004 0.920792
vt 0.089053 0.455628
vt 0.089053 0.478410
vt 0.011037 0.478410
vt 0.011037 0.455628
vt 0.217337 0.341725
vt 0.216444 0.341725
vt 0.216444 0.318943
vt 0.217337 0.318943
vt 0.605109 0.866635
vt 0.616671 0.866635
vt 0.616671 0.944651
vt 0.605109 0.944651
vt 0.965656 0.909947
vt 0.966181 0.909947
vt 0.966181 0.987963
vt 0.965656 0.987963
vt 0.234707 0.888682
vt 0.235415 0.888682
vt 0.235415 0.966698
vt 0.234707 0.966698
vt 0.415967 0.740768
vt 0.337951 0.740768
vt 0.228373 0.148431
vt 0.205407 0.148431
vt 0.205407 0.147722
vt 0.239410 0.147722
vt 0.505020 0.524167
vt 0.505020 0.547132
vt 0.427004 0.547132
vt 0.427004 0.524167
vt 0.330171 0.239560
vt 0.296536 0.239560
vt 0.296536 0.238851
vt 0.330171 0.238851
vt 0.872267 0.356211
vt 0.884013 0.356211
vt 0.884013 0.434227
vt 0.872267 0.434227
vt 0.113911 0.148431
vt 0.091129 0.148431
vt 0.091129 0.147722
vt 0.113911 0.147722
vt 0.267158 0.706057
vt 0.267158 0.729023
vt 0.189142 0.729023
vt 0.189142 0.706057
vt 0.940614 0.000000
vt 0.952176 0.000000
vt 0.952176 0.078016
vt 0.940614 0.078016
vt 0.290124 0.683826
vt 0.302053 0.683826
vt 0.302053 0.761842
vt 0.290124 0.761842
vt 0.963396 0.178105
vt 0.964105 0.178105
vt 0.964105 0.256121
vt 0.963396 0.256121
vt 0.290124 0.772878
vt 0.302053 0.772878
vt 0.302053 0.850894
vt 0.290124 0.850894
vt 0.963737 0.000000
vt 0.963737 0.078016
vt 0.205407 0.011737
vt 0.182441 0.011737
vt 0.182441 0.011037
vt 0.205407 0.011037
vt 0.278195 0.861931
vt 0.289940 0.939947
vt 0.278195 0.939947
vt 0.228373 0.376253
vt 0.205407 0.376253
vt 0.216444 0.375544
vt 0.217337 0.375544
vt 0.988438 0.820895
vt 0.988963 0.820895
vt 0.988963 0.898911
vt 0.988438 0.898911
vt 0.383515 0.842934
vt 0.384408 0.842934
vt 0.384408 0.920950
vt 0.383515 0.920950
vt 0.805997 0.909947
vt 0.806706 0.909947
vt 0.806706 0.987963
vt 0.805997 0.987963
vt 0.415967 0.500649
vt 0.415967 0.523615
vt 0.337951 0.523615
vt 0.337951 0.500649
vt 0.278195 0.772878
vt 0.278195 0.850894
vt 0.330171 0.318943
vt 0.330697 0.318943
vt 0.296536 0.011737
vt 0.273938 0.011737
vt 0.273938 0.011037
vt 0.296536 0.011037
vt 0.330697 0.273378
vt 0.330171 0.273378
vt 0.330171 0.239560
vt 0.330697 0.250596
vt 0.863490 0.820895
vt 0.863490 0.898911
vt 0.683125 0.410072
vt 0.683125 0.432854
vt 0.605109 0.432854
vt 0.605109 0.410072
vt 0.278195 0.683826
vt 0.290124 0.761842
vt 0.278195 0.761842
vt 0.296536 0.376253
vt 0.273938 0.376253
vt 0.273938 0.375544
vt 0.296536 0.375544
vt 0.251339 0.011737
vt 0.228373 0.011737
vt 0.228373 0.011037
vt 0.251339 0.011037
vt 0.683125 0.524534
vt 0.605109 0.524534
vt 0.605109 0.501568
vt 0.594072 0.842225
vt 0.594072 0.864823
vt 0.516056 0.864823
vt 0.516056 0.842225
vt 0.089053 0.706232
vt 0.089053 0.729015
vt 0.011037 0.729015
vt 0.011037 0.706232
vt 0.985811 0.000000
vt 0.986520 0.000000
vt 0.986520 0.078016
vt 0.985811 0.078016
vt 0.683125 0.570099
vt 0.683125 0.592697
vt 0.605109 0.592697
vt 0.605109 0.570099
vt 0.330697 0.068339
vt 0.330171 0.068339
vt 0.330171 0.045556
vt 0.330697 0.045556
vt 0.683125 0.547500
vt 0.605109 0.570099
vt 0.605109 0.547500
vt 0.605109 0.547500
vt 0.605109 0.524534
vt 0.516056 0.887422
vt 0.516765 0.887422
vt 0.516765 0.965438
vt 0.516056 0.965438
vt 0.178105 0.661044
vt 0.178105 0.672789
vt 0.100089 0.672789
vt 0.100089 0.661044
vt 0.415967 0.661411
vt 0.415967 0.684010
vt 0.337951 0.684010
vt 0.337951 0.661411
vt 0.963396 0.623369
vt 0.964105 0.623369
vt 0.964105 0.701385
vt 0.963396 0.701385
vt 0.594072 0.807697
vt 0.594072 0.819627
vt 0.516056 0.819627
vt 0.516056 0.807697
vt 0.683125 0.604259
vt 0.605109 0.604259
vt 0.605109 0.592697
vt 0.267158 0.843485
vt 0.267158 0.866083
vt 0.189142 0.866083
vt 0.189142 0.843485
vt 0.415967 0.592513
vt 0.415967 0.615479
vt 0.337951 0.615479
vt 0.337951 0.592513
vt 0.906795 0.445264
vt 0.918540 0.445264
vt 0.918540 0.523280
vt 0.906795 0.523280
vt 0.330697 0.182250
vt 0.330171 0.182250
vt 0.330171 0.159467
vt 0.330697 0.159467
vt 0.285500 0.148431
vt 0.273938 0.148431
vt 0.273938 0.147722
vt 0.285500 0.147722
vt 0.505020 0.432854
vt 0.505020 0.455636
vt 0.427004 0.455636
vt 0.427004 0.432854
vt 0.068347 0.148431
vt 0.045564 0.148431
vt 0.034528 0.147722
vt 0.068347 0.147722
vt 0.100089 0.843301
vt 0.111835 0.843301
vt 0.111835 0.921317
vt 0.100089 0.921317
vt 0.022782 0.148431
vt 0.033819 0.147722
vt 0.034528 0.147722
vt 0.217337 0.296161
vt 0.216444 0.285124
vt 0.205407 0.284415
vt 0.217337 0.284415
vt 0.262901 0.239560
vt 0.262376 0.239560
vt 0.251339 0.238851
vt 0.273938 0.238851
vt 0.011746 0.057302
vt 0.011037 0.068339
vt 0.011037 0.056593
vt 0.022782 0.056593
vt 0.884013 0.089053
vt 0.906795 0.089053
vt 0.906795 0.167069
vt 0.884013 0.167069
vt 0.330171 0.102866
vt 0.330171 0.102157
vt 0.240303 0.102866
vt 0.239410 0.113903
vt 0.239410 0.102157
vt 0.251339 0.102157
vt 0.883829 0.534316
vt 0.906428 0.612332
vt 0.883829 0.612332
vt 0.033819 0.102866
vt 0.011037 0.102866
vt 0.011037 0.091121
vt 0.011746 0.102157
vt 0.182441 0.148431
vt 0.182441 0.147722
vt 0.178105 0.592697
vt 0.178105 0.615479
vt 0.100089 0.615479
vt 0.100089 0.592697
vt 0.251339 0.148431
vt 0.239410 0.147722
vt 0.240303 0.147722
vt 0.178105 0.409888
vt 0.178105 0.432487
vt 0.100089 0.432487
vt 0.100089 0.409888
vt 0.011037 0.148431
vt 0.011037 0.147722
vt 0.033819 0.147722
vt 0.267158 0.660860
vt 0.267158 0.683458
vt 0.189142 0.683458
vt 0.189142 0.660860
vt 0.228373 0.011737
vt 0.205407 0.011737
vt 0.205407 0.011037
vt 0.228373 0.011037
vt 0.159475 0.239560
vt 0.136693 0.239560
vt 0.136693 0.238851
vt 0.159475 0.238851
vt 0.683125 0.638261
vt 0.683125 0.661227
vt 0.605109 0.661227
vt 0.605109 0.638261
vt 0.262901 0.239560
vt 0.262376 0.239560
vt 0.228373 0.239560
vt 0.228373 0.238851
vt 0.205407 0.239560
vt 0.205407 0.238851
vt 0.216444 0.285124
vt 0.193478 0.285124
vt 0.193478 0.284415
vt 0.861230 0.684201
vt 0.861230 0.706983
vt 0.783214 0.706983
vt 0.783214 0.684201
vt 0.861230 0.638637
vt 0.861230 0.661419
vt 0.783214 0.661419
vt 0.783214 0.638637
vt 0.217337 0.318943
vt 0.216444 0.318943
vt 0.216444 0.285124
vt 0.217337 0.296161
vt 0.267158 0.751989
vt 0.267158 0.774954
vt 0.189142 0.774954
vt 0.189142 0.751989
vt 0.415967 0.409888
vt 0.415967 0.432487
vt 0.337951 0.432487
vt 0.337951 0.409888
vt 0.415967 0.455085
vt 0.415967 0.477683
vt 0.337951 0.477683
vt 0.337951 0.455085
vt 0.216444 0.375544
vt 0.330171 0.296161
vt 0.330697 0.296161
vt 0.683125 0.729941
vt 0.605109 0.752724
vt 0.605109 0.729941
vt 0.089053 0.569539
vt 0.089053 0.592321
vt 0.011037 0.592321
vt 0.011037 0.569539
vt 0.089053 0.523975
vt 0.089053 0.546757
vt 0.011037 0.546757
vt 0.011037 0.523975
vt 0.330171 0.102157
vt 0.330696 0.376253
vt 0.319135 0.376253
vt 0.330171 0.375544
vt 0.089053 0.501192
vt 0.011037 0.523975
vt 0.011037 0.501192
vt 0.011037 0.569539
vt 0.011037 0.546757
vt 0.089053 0.683450
vt 0.011037 0.706232
vt 0.011037 0.683450
vt 0.240303 0.147722
vt 0.239410 0.147722
vt 0.240303 0.102866
vt 0.089053 0.615104
vt 0.011037 0.615104
vt 0.011037 0.592321
vt 0.330697 0.022774
vt 0.330171 0.011737
vt 0.319135 0.011037
vt 0.330696 0.011037
vt 0.337951 0.455085
vt 0.285500 0.318943
vt 0.284974 0.329980
vt 0.284974 0.285124
vt 0.285500 0.296161
vt 0.906795 0.356211
vt 0.906795 0.434227
vt 0.113911 0.239560
vt 0.102166 0.239560
vt 0.102166 0.238851
vt 0.113911 0.238851
vt 0.330171 0.375544
vt 0.861230 0.570290
vt 0.861230 0.593072
vt 0.783214 0.593072
vt 0.783214 0.570290
vt 0.884013 0.445264
vt 0.884013 0.523280
vt 0.337951 0.477683
vt 0.240303 0.102866
vt 0.251339 0.102157
vt 0.034528 0.147722
vt 0.033819 0.147722
vt 0.033819 0.102866
vt 0.034528 0.113903
vt 0.240303 0.147722
vt 0.683125 0.684193
vt 0.605109 0.684193
vt 0.605109 0.661227
vt 0.178105 0.478418
vt 0.178105 0.501384
vt 0.100089 0.501384
vt 0.100089 0.478418
vt 0.089053 0.660668
vt 0.011037 0.683450
vt 0.011037 0.660668
vt 0.285500 0.330688
vt 0.273938 0.330688
vt 0.284974 0.329980
vt 0.683125 0.707159
vt 0.605109 0.729941
vt 0.605109 0.707159
vt 0.178105 0.524350
vt 0.178105 0.547132
vt 0.100089 0.547132
vt 0.100089 0.524350
vt 0.182441 0.239560
vt 0.182441 0.238851
vt 0.178105 0.569915
vt 0.100089 0.569915
vt 0.262901 0.284415
vt 0.262376 0.273378
vt 0.262376 0.239560
vt 0.033819 0.102866
vt 0.011746 0.102157
vt 0.034528 0.102157
vt 0.089053 0.432846
vt 0.011037 0.455628
vt 0.011037 0.432846
vt 0.034528 0.057302
vt 0.011746 0.057302
vt 0.034528 0.056593
vt 0.330171 0.011737
vt 0.296536 0.011737
vt 0.296536 0.011037
vt 0.319135 0.011037
vt 0.182441 0.011737
vt 0.170512 0.011737
vt 0.170512 0.011037
vt 0.182441 0.011037
vt 0.011037 0.501192
vt 0.011037 0.478410
vt 0.178105 0.638261
vt 0.100089 0.638261
vt 0.089053 0.410064
vt 0.011037 0.432846
vt 0.011037 0.410064
vt 0.251339 0.376253
vt 0.251339 0.375544
vt 0.330171 0.011738
vt 0.217337 0.375544
vt 0.216444 0.375544
vt 0.216444 0.341725
vt 0.217337 0.341725
vt 0.861230 0.524726
vt 0.861230 0.547508
vt 0.783214 0.547508
vt 0.783214 0.524726
vt 0.872267 0.534316
vt 0.872267 0.612332
vt 0.594072 0.876385
vt 0.516056 0.876385
vt 0.089053 0.637886
vt 0.011037 0.660668
vt 0.011037 0.637886
vt 0.940063 0.534316
vt 0.951624 0.534316
vt 0.951624 0.612332
vt 0.940063 0.612332
vt 0.988254 0.909947
vt 0.988779 0.909947
vt 0.988779 0.987963
vt 0.988254 0.987963
vt 0.683125 0.821070
vt 0.683125 0.843852
vt 0.605109 0.843853
vt 0.605109 0.821070
vt 0.986178 0.178105
vt 0.986887 0.178105
vt 0.986887 0.256121
vt 0.986178 0.256121
vt 0.505020 0.398326
vt 0.505020 0.410072
vt 0.427004 0.410072
vt 0.427004 0.398326
vt 0.516056 0.842225
vt 0.262901 0.284415
vt 0.285500 0.284415
vt 0.683125 0.855598
vt 0.605109 0.855598
vt 0.605109 0.843853
vt 0.330697 0.205032
vt 0.330171 0.205032
vt 0.942874 0.909947
vt 0.943575 0.909947
vt 0.943575 0.987963
vt 0.942874 0.987963
vt 0.505020 0.501201
vt 0.427004 0.524167
vt 0.427004 0.501201
vt 0.940614 0.445264
vt 0.941323 0.445264
vt 0.941323 0.523280
vt 0.940614 0.523280
vt 0.262376 0.330688
vt 0.262376 0.329980
vt 0.605109 0.821070
vt 0.605109 0.798288
vt 0.872267 0.623369
vt 0.884013 0.623369
vt 0.884013 0.701385
vt 0.872267 0.701385
vt 0.986178 0.445264
vt 0.986887 0.445264
vt 0.986887 0.523280
vt 0.986178 0.523280
vt 0.918540 0.089053
vt 0.918540 0.167069
vt 0.189142 0.843485
vt 0.159475 0.148431
vt 0.159475 0.147722
vt 0.861230 0.604818
vt 0.783214 0.604818
vt 0.918541 0.356211
vt 0.918541 0.434227
vt 0.906795 0.434227
vt 0.267158 0.877645
vt 0.189142 0.877645
vt 0.861230 0.718729
vt 0.783214 0.718729
vt 0.783214 0.706984
vt 0.505020 0.478418
vt 0.427004 0.501201
vt 0.427004 0.478418
vt 0.415967 0.638445
vt 0.337951 0.638445
vt 0.963186 0.534316
vt 0.963186 0.612332
vt 0.872267 0.445264
vt 0.872267 0.523279
vt 0.683125 0.455636
vt 0.605109 0.455636
vt 0.605109 0.432854
vt 0.415967 0.580584
vt 0.337951 0.580584
vt 0.872267 0.089053
vt 0.872267 0.167069
vt 0.330697 0.136685
vt 0.330171 0.136685
vt 0.330171 0.102866
vt 0.628233 0.866635
vt 0.628233 0.944651
vt 0.211924 0.888682
vt 0.212633 0.888682
vt 0.212633 0.966698
vt 0.211924 0.966698
vt 0.427004 0.478418
vt 0.427004 0.455636
vt 0.330697 0.227814
vt 0.505020 0.559062
vt 0.427004 0.559062
vt 0.427004 0.547132
vt 0.861230 0.512980
vt 0.783214 0.512980
vt 0.683125 0.626332
vt 0.605109 0.638261
vt 0.605109 0.626332
vt 0.605109 0.707159
vt 0.605109 0.684193
vt 0.123580 0.843301
vt 0.123580 0.921317
vt 0.111835 0.921317
vt 0.861230 0.626891
vt 0.783214 0.626891
vt 0.427004 0.432854
vt 0.427004 0.410072
vt 0.874527 0.909947
vt 0.875236 0.909947
vt 0.875236 0.987963
vt 0.874527 0.987963
vt 0.895758 0.623369
vt 0.895758 0.701385
vt 0.783214 0.661419
vt 0.330171 0.238851
vt 0.011037 0.637886
vt 0.011037 0.615104
vt 0.267158 0.649298
vt 0.189142 0.660860
vt 0.189142 0.649298
vt 0.089053 0.398326
vt 0.011037 0.410064
vt 0.011037 0.398326
vt 0.450495 0.842776
vt 0.450495 0.920792
vt 0.438749 0.920792
vt 0.178105 0.455452
vt 0.100089 0.455452
vt 0.739718 0.866451
vt 0.740427 0.866451
vt 0.740427 0.944467
vt 0.739718 0.944467
vt 0.284974 0.285124
vt 0.262376 0.285124
vt 0.851745 0.820895
vt 0.863490 0.898911
vt 0.851745 0.898911
vt 0.089053 0.751797
vt 0.011037 0.751797
vt 0.011037 0.729015
vt 0.683125 0.398326
vt 0.605109 0.410072
vt 0.605109 0.398326
vt 0.940614 0.089053
vt 0.941323 0.089053
vt 0.941323 0.167069
vt 0.940614 0.167069
vt 0.178105 0.398326
vt 0.100089 0.398326
vt 0.415967 0.398326
vt 0.337951 0.398326
vt 0.217337 0.375544
vt 0.605109 0.478602
vt 0.605109 0.455636
vt 0.136693 0.148431
vt 0.136693 0.147722
vt 0.273938 0.011737
vt 0.251339 0.011737
vt 0.251339 0.011037
vt 0.273938 0.011037
vt 0.337951 0.638445
vt 0.828779 0.909947
vt 0.829488 0.909947
vt 0.829488 0.987963
vt 0.828779 0.987963
vt 0.897309 0.909947
vt 0.898018 0.909947
vt 0.898018 0.987963
vt 0.897309 0.987963
vt 0.267158 0.786884
vt 0.189142 0.786884
vt 0.335095 0.398326
vt 0.334981 0.395381
vt 0.337951 0.395471
vt 0.332432 0.398326
vt 0.332415 0.395429
vt 0.326914 0.398326
vt 0.326914 0.395488
vt 0.335037 0.392787
vt 0.337951 0.392807
vt 0.332691 0.393069
vt 0.326914 0.393300
vt 0.335113 0.387290
vt 0.337951 0.387289
vt 0.332925 0.387290
vt 0.326914 0.391954
vt 0.333552 0.376253
vt 0.333666 0.379198
vt 0.330697 0.379108
vt 0.336216 0.376253
vt 0.336233 0.379150
vt 0.341733 0.376253
vt 0.341733 0.379091
vt 0.333610 0.381792
vt 0.330696 0.381772
vt 0.335956 0.381510
vt 0.341733 0.381279
vt 0.333535 0.387290
vt 0.330697 0.387290
vt 0.335722 0.387290
vt 0.341733 0.382625
vt 0.011037 0.763542
vt 0.011037 0.766398
vt 0.008091 0.766512
vt 0.008181 0.763542
vt 0.011037 0.769062
vt 0.008139 0.769079
vt 0.011037 0.774579
vt 0.008199 0.774579
vt 0.005498 0.766456
vt 0.005517 0.763542
vt 0.005780 0.768802
vt 0.006011 0.774579
vt 0.000000 0.766380
vt 0.000000 0.763542
vt 0.000000 0.768568
vt 0.004665 0.774579
vt 0.921384 0.167069
vt 0.924005 0.169831
vt 0.921785 0.169897
vt 0.924036 0.167069
vt 0.925887 0.169802
vt 0.929577 0.167069
vt 0.929577 0.169778
vt 0.926736 0.172396
vt 0.925543 0.172556
vt 0.927728 0.172208
vt 0.929577 0.172057
vt 0.929577 0.178105
vt 0.929577 0.173490
vt 0.186314 0.646053
vt 0.186357 0.643890
vt 0.189142 0.646455
vt 0.183655 0.642295
vt 0.183792 0.641138
vt 0.178105 0.638261
vt 0.178105 0.638268
vt 0.186407 0.641979
vt 0.189142 0.643802
vt 0.184000 0.640117
vt 0.178105 0.638262
vt 0.186433 0.638261
vt 0.189142 0.638261
vt 0.184154 0.638261
vt 0.327344 0.014982
vt 0.324718 0.017134
vt 0.326927 0.014565
vt 0.324684 0.018741
vt 0.322831 0.019891
vt 0.319135 0.022774
vt 0.319135 0.022774
vt 0.321982 0.019051
vt 0.323168 0.017225
vt 0.320987 0.020915
vt 0.319128 0.022774
vt 0.319134 0.022774
vt 0.170512 0.379108
vt 0.167567 0.379222
vt 0.167657 0.376253
vt 0.170512 0.381772
vt 0.167615 0.381789
vt 0.170512 0.387290
vt 0.167674 0.387290
vt 0.164973 0.379167
vt 0.164993 0.376253
vt 0.165255 0.381513
vt 0.165486 0.387290
vt 0.159475 0.379091
vt 0.159475 0.376253
vt 0.159475 0.381279
vt 0.164140 0.387290
vt 0.337951 0.561366
vt 0.335006 0.561480
vt 0.335095 0.558510
vt 0.337951 0.564030
vt 0.335054 0.564047
vt 0.337951 0.569547
vt 0.335113 0.569547
vt 0.332412 0.561424
vt 0.332432 0.558510
vt 0.332694 0.563770
vt 0.332925 0.569547
vt 0.326914 0.561349
vt 0.326914 0.558511
vt 0.326914 0.563536
vt 0.331579 0.569547
vt 0.940614 0.169924
vt 0.937669 0.170038
vt 0.937759 0.167069
vt 0.940614 0.172588
vt 0.937717 0.172605
vt 0.940614 0.178105
vt 0.937776 0.178105
vt 0.935075 0.169983
vt 0.935095 0.167069
vt 0.935357 0.172328
vt 0.935588 0.178105
vt 0.929577 0.169907
vt 0.929577 0.167069
vt 0.929577 0.172095
vt 0.934242 0.178105
vt 0.936818 0.615160
vt 0.934655 0.615118
vt 0.937219 0.612332
vt 0.933060 0.617820
vt 0.931903 0.617683
vt 0.929026 0.623369
vt 0.929033 0.623369
vt 0.932744 0.615068
vt 0.934567 0.612332
vt 0.930882 0.617474
vt 0.929027 0.623369
vt 0.929026 0.615041
vt 0.929026 0.612332
vt 0.929026 0.617321
vt 0.243130 0.144477
vt 0.245756 0.142326
vt 0.243547 0.144894
vt 0.245790 0.140719
vt 0.247643 0.139568
vt 0.251339 0.136685
vt 0.248492 0.140409
vt 0.247306 0.142235
vt 0.249487 0.138544
vt 0.251346 0.136685
vt 0.251340 0.136685
vt 0.966948 0.701385
vt 0.969569 0.704147
vt 0.967349 0.704213
vt 0.969600 0.701385
vt 0.971451 0.704118
vt 0.975142 0.701385
vt 0.975142 0.704094
vt 0.972301 0.706712
vt 0.971108 0.706872
vt 0.973292 0.706524
vt 0.975142 0.706374
vt 0.975142 0.712422
vt 0.975142 0.707806
vt 0.243547 0.105694
vt 0.245699 0.108319
vt 0.243130 0.106111
vt 0.247306 0.108354
vt 0.248456 0.110207
vt 0.251339 0.113903
vt 0.247616 0.111056
vt 0.245790 0.109869
vt 0.249480 0.112050
vt 0.251339 0.113910
vt 0.251339 0.113904
vt 0.920833 0.612332
vt 0.923454 0.615095
vt 0.921234 0.615160
vt 0.923485 0.612332
vt 0.925336 0.615065
vt 0.929026 0.612332
vt 0.929026 0.615041
vt 0.926185 0.617659
vt 0.924993 0.617820
vt 0.927177 0.617472
vt 0.929026 0.617321
vt 0.929026 0.623369
vt 0.929026 0.618754
vt 0.960151 0.704213
vt 0.957989 0.704171
vt 0.960553 0.701385
vt 0.956393 0.706872
vt 0.955236 0.706735
vt 0.952359 0.712422
vt 0.952366 0.712422
vt 0.956077 0.704121
vt 0.957900 0.701385
vt 0.954215 0.706527
vt 0.952360 0.712422
vt 0.952359 0.704094
vt 0.952359 0.701385
vt 0.952359 0.706374
vt 0.030574 0.144894
vt 0.028423 0.142269
vt 0.030991 0.144477
vt 0.026816 0.142234
vt 0.025665 0.140381
vt 0.022782 0.136685
vt 0.026506 0.139532
vt 0.028331 0.140719
vt 0.024641 0.138538
vt 0.022782 0.136678
vt 0.022782 0.136684
vt 0.944166 0.434227
vt 0.946787 0.436989
vt 0.944567 0.437055
vt 0.946818 0.434227
vt 0.948669 0.436960
vt 0.952359 0.434227
vt 0.952359 0.436936
vt 0.949518 0.439554
vt 0.948326 0.439714
vt 0.950510 0.439366
vt 0.952359 0.439215
vt 0.952359 0.445264
vt 0.952359 0.440648
vt 0.982934 0.258949
vt 0.980771 0.258907
vt 0.983335 0.256121
vt 0.979175 0.261609
vt 0.978018 0.261472
vt 0.975142 0.267158
vt 0.975149 0.267158
vt 0.978859 0.258857
vt 0.980683 0.256121
vt 0.976997 0.261263
vt 0.975142 0.267158
vt 0.975142 0.258830
vt 0.975142 0.256121
vt 0.975142 0.261110
vt 0.208680 0.969526
vt 0.206517 0.969484
vt 0.209081 0.966698
vt 0.204921 0.972185
vt 0.203764 0.972048
vt 0.200888 0.977735
vt 0.200895 0.977735
vt 0.204605 0.969433
vt 0.206429 0.966698
vt 0.202744 0.971840
vt 0.200888 0.977735
vt 0.200888 0.969407
vt 0.200888 0.966698
vt 0.200888 0.971687
vt 0.030991 0.106111
vt 0.028366 0.108262
vt 0.030574 0.105694
vt 0.028331 0.109869
vt 0.026478 0.111020
vt 0.022782 0.113903
vt 0.025629 0.110179
vt 0.026816 0.108354
vt 0.024635 0.112044
vt 0.022775 0.113903
vt 0.022781 0.113903
vt 0.989731 0.256121
vt 0.992351 0.258884
vt 0.990132 0.258949
vt 0.992383 0.256121
vt 0.994233 0.258854
vt 0.997924 0.256121
vt 0.997924 0.258830
vt 0.995083 0.261448
vt 0.993890 0.261609
vt 0.996074 0.261261
vt 0.997924 0.261110
vt 0.997924 0.267158
vt 0.997924 0.262543
vt 0.869023 0.615160
vt 0.866860 0.615118
vt 0.869424 0.612332
vt 0.865264 0.617820
vt 0.864107 0.617683
vt 0.861231 0.623369
vt 0.861238 0.623369
vt 0.864948 0.615068
vt 0.866772 0.612332
vt 0.863086 0.617474
vt 0.861231 0.623369
vt 0.861231 0.615041
vt 0.861231 0.612332
vt 0.861231 0.617321
vt 0.327344 0.106111
vt 0.324718 0.108263
vt 0.326927 0.105694
vt 0.324684 0.109869
vt 0.322831 0.111020
vt 0.319135 0.113903
vt 0.319135 0.113903
vt 0.321982 0.110180
vt 0.323168 0.108354
vt 0.320987 0.112044
vt 0.319128 0.113903
vt 0.319134 0.113903
vt 0.783215 0.607661
vt 0.780452 0.610282
vt 0.780387 0.608062
vt 0.783214 0.610314
vt 0.780482 0.612164
vt 0.783214 0.615855
vt 0.780506 0.615855
vt 0.777888 0.613014
vt 0.777727 0.611821
vt 0.778075 0.614005
vt 0.778226 0.615855
vt 0.772178 0.615855
vt 0.776793 0.615855
vt 0.011037 0.105722
vt 0.008091 0.105836
vt 0.008181 0.102866
vt 0.011037 0.108385
vt 0.008139 0.108402
vt 0.011037 0.113903
vt 0.008199 0.113903
vt 0.005498 0.105780
vt 0.005517 0.102866
vt 0.005780 0.108126
vt 0.006011 0.113903
vt 0.000000 0.105704
vt 0.000000 0.102866
vt 0.000000 0.107892
vt 0.004665 0.113903
vt 0.215489 0.966698
vt 0.215603 0.969643
vt 0.212633 0.969553
vt 0.218152 0.966698
vt 0.218169 0.969595
vt 0.223670 0.966698
vt 0.223670 0.969536
vt 0.215547 0.972237
vt 0.212633 0.972217
vt 0.217893 0.971955
vt 0.223670 0.971724
vt 0.215471 0.977735
vt 0.212633 0.977735
vt 0.217659 0.977735
vt 0.223670 0.973070
vt 0.851745 0.901766
vt 0.848799 0.901880
vt 0.848889 0.898911
vt 0.851745 0.904430
vt 0.848848 0.904447
vt 0.851745 0.909947
vt 0.848907 0.909947
vt 0.846206 0.901824
vt 0.846226 0.898911
vt 0.846488 0.904170
vt 0.846719 0.909947
vt 0.840708 0.901749
vt 0.840708 0.898911
vt 0.840708 0.903937
vt 0.845373 0.909947
vt 0.921384 0.434227
vt 0.924005 0.436989
vt 0.921785 0.437055
vt 0.924036 0.434227
vt 0.925887 0.436960
vt 0.929577 0.434227
vt 0.929577 0.436936
vt 0.926736 0.439554
vt 0.925544 0.439714
vt 0.927728 0.439366
vt 0.929577 0.439215
vt 0.929577 0.445264
vt 0.929577 0.440648
vt 0.380271 0.923778
vt 0.378108 0.923736
vt 0.380672 0.920950
vt 0.376512 0.926437
vt 0.375355 0.926300
vt 0.372479 0.931987
vt 0.372486 0.931987
vt 0.376196 0.923685
vt 0.378020 0.920950
vt 0.374335 0.926092
vt 0.372479 0.931987
vt 0.372479 0.923659
vt 0.372479 0.920950
vt 0.372479 0.925938
vt 0.213616 0.288369
vt 0.210991 0.290520
vt 0.213200 0.287952
vt 0.210957 0.292127
vt 0.209104 0.293278
vt 0.205407 0.296161
vt 0.208254 0.292437
vt 0.209441 0.290611
vt 0.207260 0.294302
vt 0.205400 0.296161
vt 0.205407 0.296161
vt 0.962411 0.990791
vt 0.960248 0.990749
vt 0.962813 0.987963
vt 0.958653 0.993451
vt 0.957496 0.993314
vt 0.954619 0.999000
vt 0.954626 0.999000
vt 0.958337 0.990699
vt 0.960160 0.987963
vt 0.956475 0.993105
vt 0.954620 0.999000
vt 0.954619 0.990672
vt 0.954619 0.987963
vt 0.954619 0.992952
vt 0.282147 0.288369
vt 0.279521 0.290520
vt 0.281730 0.287952
vt 0.279487 0.292127
vt 0.277634 0.293278
vt 0.273938 0.296161
vt 0.276785 0.292437
vt 0.277971 0.290611
vt 0.275790 0.294302
vt 0.273931 0.296161
vt 0.273937 0.296161
vt 0.809549 0.987963
vt 0.812170 0.990726
vt 0.809950 0.990791
vt 0.812201 0.987963
vt 0.814052 0.990696
vt 0.817742 0.987963
vt 0.817742 0.990672
vt 0.814901 0.993290
vt 0.813709 0.993451
vt 0.815893 0.993103
vt 0.817742 0.992952
vt 0.817742 0.999000
vt 0.817742 0.994385
vt 0.387263 0.920950
vt 0.387378 0.923895
vt 0.384408 0.923805
vt 0.389927 0.920950
vt 0.389944 0.923847
vt 0.395445 0.920950
vt 0.395445 0.923788
vt 0.387322 0.926489
vt 0.384408 0.926469
vt 0.389668 0.926207
vt 0.395445 0.925976
vt 0.387246 0.931987
vt 0.384408 0.931987
vt 0.389434 0.931987
vt 0.395445 0.927322
vt 0.963396 0.258977
vt 0.960451 0.259091
vt 0.960541 0.256121
vt 0.963396 0.261641
vt 0.960499 0.261658
vt 0.963396 0.267158
vt 0.960558 0.267158
vt 0.957857 0.259035
vt 0.957877 0.256121
vt 0.958139 0.261381
vt 0.958370 0.267158
vt 0.952359 0.258960
vt 0.952359 0.256121
vt 0.952359 0.261147
vt 0.957024 0.267158
vt 0.193478 0.287979
vt 0.190533 0.288094
vt 0.190623 0.285124
vt 0.193478 0.290643
vt 0.190581 0.290660
vt 0.193478 0.296161
vt 0.190640 0.296161
vt 0.187939 0.288038
vt 0.187959 0.285124
vt 0.188221 0.290384
vt 0.188452 0.296161
vt 0.182441 0.287962
vt 0.182441 0.285124
vt 0.182441 0.290150
vt 0.187106 0.296161
vt 0.126424 0.921317
vt 0.129045 0.924080
vt 0.126825 0.924145
vt 0.129076 0.921317
vt 0.130927 0.924050
vt 0.134617 0.921317
vt 0.134617 0.924026
vt 0.131776 0.926644
vt 0.130583 0.926805
vt 0.132768 0.926456
vt 0.134617 0.926306
vt 0.134617 0.932354
vt 0.134617 0.927739
vt 0.602281 0.623088
vt 0.602324 0.620925
vt 0.605109 0.623489
vt 0.599622 0.619329
vt 0.599759 0.618172
vt 0.594072 0.615295
vt 0.594072 0.615303
vt 0.602374 0.619013
vt 0.605109 0.620836
vt 0.599967 0.617151
vt 0.594072 0.615296
vt 0.602400 0.615295
vt 0.605109 0.615295
vt 0.600121 0.615295
vt 0.259548 0.242804
vt 0.256923 0.244956
vt 0.259131 0.242387
vt 0.256889 0.246563
vt 0.255035 0.247713
vt 0.251339 0.250596
vt 0.254186 0.246873
vt 0.255373 0.245047
vt 0.253192 0.248737
vt 0.251332 0.250596
vt 0.251338 0.250596
vt 0.937369 0.080844
vt 0.935206 0.080802
vt 0.937771 0.078016
vt 0.933611 0.083503
vt 0.932454 0.083366
vt 0.929577 0.089053
vt 0.929584 0.089053
vt 0.933295 0.080751
vt 0.935118 0.078016
vt 0.931433 0.083158
vt 0.929578 0.089053
vt 0.929577 0.080725
vt 0.929577 0.078016
vt 0.929577 0.083005
vt 0.327344 0.242804
vt 0.324718 0.244956
vt 0.326927 0.242387
vt 0.324684 0.246563
vt 0.322831 0.247713
vt 0.319135 0.250596
vt 0.321982 0.246873
vt 0.323168 0.245047
vt 0.320987 0.248737
vt 0.319128 0.250596
vt 0.319134 0.250596
vt 0.783214 0.721572
vt 0.780452 0.724193
vt 0.780387 0.721973
vt 0.783214 0.724225
vt 0.780482 0.726075
vt 0.783214 0.729766
vt 0.780506 0.729766
vt 0.777888 0.726925
vt 0.777727 0.725732
vt 0.778075 0.727916
vt 0.778226 0.729766
vt 0.772178 0.729766
vt 0.776793 0.729766
vt 0.266146 0.242387
vt 0.268297 0.245013
vt 0.265729 0.242804
vt 0.269904 0.245047
vt 0.271055 0.246900
vt 0.273938 0.250596
vt 0.270214 0.247749
vt 0.268388 0.246563
vt 0.272079 0.248744
vt 0.273938 0.250603
vt 0.273938 0.250597
vt 0.273938 0.250596
vt 0.966581 0.078016
vt 0.969202 0.080778
vt 0.966982 0.080844
vt 0.969233 0.078016
vt 0.971084 0.080749
vt 0.974774 0.078016
vt 0.974774 0.080725
vt 0.971933 0.083343
vt 0.970741 0.083503
vt 0.972925 0.083155
vt 0.974774 0.083005
vt 0.974774 0.089053
vt 0.974774 0.084437
vt 0.736474 0.947295
vt 0.734311 0.947253
vt 0.736875 0.944467
vt 0.732715 0.949954
vt 0.731558 0.949817
vt 0.728681 0.955504
vt 0.728688 0.955504
vt 0.732399 0.947202
vt 0.734222 0.944467
vt 0.730537 0.949609
vt 0.728682 0.955504
vt 0.728681 0.947176
vt 0.728681 0.944467
vt 0.728681 0.949456
vt 0.102166 0.242415
vt 0.099220 0.242529
vt 0.099310 0.239560
vt 0.102166 0.245079
vt 0.099268 0.245096
vt 0.102166 0.250596
vt 0.099327 0.250596
vt 0.096626 0.242474
vt 0.096646 0.239560
vt 0.096908 0.244819
vt 0.097140 0.250596
vt 0.091129 0.242398
vt 0.091129 0.239560
vt 0.091129 0.244585
vt 0.095793 0.250596
vt 0.605109 0.767325
vt 0.602164 0.767439
vt 0.602254 0.764469
vt 0.605109 0.769988
vt 0.602212 0.770005
vt 0.605109 0.775506
vt 0.602271 0.775506
vt 0.599570 0.767383
vt 0.599590 0.764469
vt 0.599852 0.769729
vt 0.600083 0.775506
vt 0.594072 0.767307
vt 0.594072 0.764469
vt 0.594072 0.769495
vt 0.598737 0.775506
vt 0.874527 0.990819
vt 0.871582 0.990933
vt 0.871671 0.987963
vt 0.874527 0.993482
vt 0.871630 0.993499
vt 0.874527 0.999000
vt 0.871689 0.999000
vt 0.868988 0.990877
vt 0.869008 0.987963
vt 0.869270 0.993223
vt 0.869501 0.999000
vt 0.863490 0.990801
vt 0.863490 0.987963
vt 0.863490 0.992989
vt 0.868155 0.999000
vt 0.011037 0.151286
vt 0.008091 0.151400
vt 0.008181 0.148431
vt 0.011037 0.153950
vt 0.008139 0.153967
vt 0.011037 0.159467
vt 0.008199 0.159467
vt 0.005498 0.151345
vt 0.005517 0.148431
vt 0.005780 0.153690
vt 0.006011 0.159467
vt 0.000000 0.151269
vt 0.000000 0.148431
vt 0.000000 0.153457
vt 0.004665 0.159467
vt 0.100089 0.675645
vt 0.097144 0.675759
vt 0.097234 0.672789
vt 0.100089 0.678308
vt 0.097192 0.678325
vt 0.100089 0.683826
vt 0.097251 0.683826
vt 0.094550 0.675703
vt 0.094570 0.672789
vt 0.094832 0.678049
vt 0.095064 0.683826
vt 0.089053 0.675627
vt 0.089053 0.672789
vt 0.089053 0.677815
vt 0.093717 0.683826
vt 0.828779 0.990819
vt 0.825834 0.990933
vt 0.825923 0.987963
vt 0.828779 0.993483
vt 0.825882 0.993499
vt 0.828779 0.999000
vt 0.825941 0.999000
vt 0.823240 0.990877
vt 0.823260 0.987963
vt 0.823522 0.993223
vt 0.823753 0.999000
vt 0.817742 0.990801
vt 0.817742 0.987963
vt 0.817742 0.992989
vt 0.822407 0.999000
vt 0.097234 0.398326
vt 0.097120 0.395381
vt 0.100089 0.395471
vt 0.094570 0.398326
vt 0.094553 0.395429
vt 0.089053 0.398326
vt 0.089053 0.395488
vt 0.097176 0.392787
vt 0.100089 0.392807
vt 0.094830 0.393069
vt 0.089053 0.393300
vt 0.097251 0.387290
vt 0.100089 0.387290
vt 0.095064 0.387290
vt 0.089053 0.391954
vt 0.288355 0.148431
vt 0.288469 0.151376
vt 0.285500 0.151286
vt 0.291019 0.148431
vt 0.291036 0.151328
vt 0.296536 0.148431
vt 0.296536 0.151269
vt 0.288413 0.153970
vt 0.285499 0.153950
vt 0.290759 0.153688
vt 0.296536 0.153457
vt 0.288338 0.159467
vt 0.285500 0.159467
vt 0.290525 0.159467
vt 0.296536 0.154803
vt 0.900874 0.987963
vt 0.900988 0.990909
vt 0.898018 0.990819
vt 0.903537 0.987963
vt 0.903554 0.990861
vt 0.909055 0.987963
vt 0.909055 0.990801
vt 0.900932 0.993502
vt 0.898018 0.993483
vt 0.903278 0.993221
vt 0.909055 0.992989
vt 0.900856 0.999000
vt 0.898018 0.999000
vt 0.903044 0.999000
vt 0.909055 0.994335
vt 0.231462 0.969526
vt 0.229299 0.969484
vt 0.231863 0.966698
vt 0.227703 0.972185
vt 0.226547 0.972048
vt 0.223670 0.977735
vt 0.223677 0.977735
vt 0.227388 0.969433
vt 0.229211 0.966698
vt 0.225526 0.971840
vt 0.223671 0.977735
vt 0.223670 0.969407
vt 0.223670 0.966698
vt 0.223670 0.971687
vt 0.014573 0.098913
vt 0.017199 0.096761
vt 0.014990 0.099330
vt 0.017233 0.095154
vt 0.019086 0.094004
vt 0.022782 0.091121
vt 0.019935 0.094844
vt 0.018749 0.096670
vt 0.020930 0.092980
vt 0.022789 0.091121
vt 0.022783 0.091121
vt 0.989730 0.523280
vt 0.992351 0.526042
vt 0.990132 0.526107
vt 0.992383 0.523280
vt 0.994233 0.526012
vt 0.997924 0.523280
vt 0.997924 0.525988
vt 0.995083 0.528606
vt 0.993890 0.528767
vt 0.996074 0.528419
vt 0.997924 0.528268
vt 0.997924 0.534316
vt 0.997924 0.529701
vt 0.014990 0.060130
vt 0.017142 0.062755
vt 0.014573 0.060546
vt 0.018749 0.062789
vt 0.019899 0.064642
vt 0.022782 0.068339
vt 0.022782 0.068339
vt 0.019059 0.065492
vt 0.017233 0.064305
vt 0.020923 0.066486
vt 0.022782 0.068346
vt 0.022782 0.068339
vt 0.519608 0.965438
vt 0.522229 0.968200
vt 0.520010 0.968266
vt 0.522261 0.965438
vt 0.524111 0.968171
vt 0.527802 0.965438
vt 0.527802 0.968147
vt 0.524961 0.970765
vt 0.523768 0.970925
vt 0.525952 0.970577
vt 0.527802 0.970426
vt 0.527802 0.976475
vt 0.527802 0.971859
vt 0.982934 0.526107
vt 0.980771 0.526065
vt 0.983335 0.523280
vt 0.979175 0.528767
vt 0.978018 0.528630
vt 0.975142 0.534316
vt 0.975149 0.534316
vt 0.978859 0.526015
vt 0.980683 0.523280
vt 0.976997 0.528421
vt 0.975142 0.534316
vt 0.975142 0.525988
vt 0.975142 0.523280
vt 0.975142 0.528268
vt 0.213200 0.372716
vt 0.211048 0.370091
vt 0.213616 0.372299
vt 0.209441 0.370057
vt 0.208290 0.368203
vt 0.205407 0.364507
vt 0.209131 0.367354
vt 0.210957 0.368541
vt 0.207266 0.366360
vt 0.205407 0.364500
vt 0.205407 0.364507
vt 0.304897 0.850894
vt 0.307518 0.853657
vt 0.305298 0.853722
vt 0.307549 0.850894
vt 0.309400 0.853627
vt 0.313090 0.850894
vt 0.313090 0.853603
vt 0.310249 0.856221
vt 0.309056 0.856382
vt 0.311240 0.856034
vt 0.313090 0.855883
vt 0.313090 0.861931
vt 0.313090 0.857316
vt 0.869023 0.437055
vt 0.866860 0.437012
vt 0.869424 0.434227
vt 0.865264 0.439714
vt 0.864107 0.439577
vt 0.861231 0.445264
vt 0.861238 0.445264
vt 0.864948 0.436962
vt 0.866772 0.434227
vt 0.863086 0.439369
vt 0.861231 0.445264
vt 0.861231 0.436936
vt 0.861231 0.434227
vt 0.861231 0.439215
vt 0.605109 0.947506
vt 0.602164 0.947620
vt 0.602254 0.944651
vt 0.605109 0.950170
vt 0.602212 0.950187
vt 0.605109 0.955687
vt 0.602271 0.955687
vt 0.599570 0.947564
vt 0.599590 0.944651
vt 0.599852 0.949910
vt 0.600083 0.955687
vt 0.594072 0.947489
vt 0.594072 0.944651
vt 0.594072 0.949677
vt 0.598737 0.955687
vt 0.288355 0.330688
vt 0.288469 0.333634
vt 0.285500 0.333544
vt 0.291019 0.330688
vt 0.291036 0.333586
vt 0.296536 0.330688
vt 0.296536 0.333526
vt 0.288413 0.336228
vt 0.285499 0.336208
vt 0.290759 0.335946
vt 0.296536 0.335714
vt 0.288338 0.341725
vt 0.285500 0.341725
vt 0.290525 0.341725
vt 0.296536 0.337060
vt 0.921396 0.523279
vt 0.921510 0.526225
vt 0.918540 0.526135
vt 0.924060 0.523280
vt 0.924077 0.526177
vt 0.929577 0.523280
vt 0.929577 0.526118
vt 0.921454 0.528819
vt 0.918540 0.528799
vt 0.923800 0.528537
vt 0.929577 0.528305
vt 0.921378 0.534316
vt 0.918540 0.534316
vt 0.923566 0.534316
vt 0.929577 0.529652
vt 0.008181 0.056593
vt 0.008067 0.053648
vt 0.011037 0.053738
vt 0.005517 0.056593
vt 0.005500 0.053696
vt 0.000000 0.056593
vt 0.000000 0.053755
vt 0.008123 0.051054
vt 0.011037 0.051074
vt 0.005777 0.051336
vt 0.000000 0.051567
vt 0.008199 0.045556
vt 0.011037 0.045556
vt 0.006011 0.045556
vt 0.000000 0.050221
vt 0.900874 0.898911
vt 0.900988 0.901856
vt 0.898018 0.901766
vt 0.903537 0.898911
vt 0.903554 0.901808
vt 0.909055 0.898911
vt 0.909055 0.901749
vt 0.900932 0.904450
vt 0.898018 0.904430
vt 0.903278 0.904168
vt 0.909055 0.903937
vt 0.900856 0.909947
vt 0.898018 0.909947
vt 0.903044 0.909947
vt 0.909055 0.905283
vt 0.278195 0.942803
vt 0.275249 0.942917
vt 0.275339 0.939947
vt 0.278195 0.945466
vt 0.275298 0.945483
vt 0.278195 0.950984
vt 0.275357 0.950984
vt 0.272656 0.942861
vt 0.272676 0.939947
vt 0.272938 0.945207
vt 0.273169 0.950984
vt 0.267158 0.942785
vt 0.267158 0.939947
vt 0.267158 0.944973
vt 0.271823 0.950984
vt 0.189142 0.880489
vt 0.186380 0.883109
vt 0.186314 0.880890
vt 0.189142 0.883141
vt 0.186409 0.884992
vt 0.189142 0.888682
vt 0.186433 0.888682
vt 0.183815 0.885841
vt 0.183655 0.884648
vt 0.184003 0.886832
vt 0.184154 0.888682
vt 0.178105 0.888682
vt 0.182721 0.888682
vt 0.869023 0.169897
vt 0.866860 0.169854
vt 0.869424 0.167069
vt 0.865264 0.172556
vt 0.864107 0.172419
vt 0.861230 0.178105
vt 0.861238 0.178105
vt 0.864948 0.169804
vt 0.866772 0.167069
vt 0.863086 0.172211
vt 0.861231 0.178105
vt 0.861231 0.169778
vt 0.861230 0.167069
vt 0.861230 0.172057
vt 0.326927 0.099330
vt 0.324775 0.096704
vt 0.327344 0.098913
vt 0.323168 0.096670
vt 0.322018 0.094817
vt 0.319135 0.091121
vt 0.322858 0.093968
vt 0.324684 0.095154
vt 0.320994 0.092973
vt 0.319135 0.091114
vt 0.319135 0.091120
vt 0.186287 0.808957
vt 0.186172 0.806012
vt 0.189142 0.806102
vt 0.183623 0.808957
vt 0.183606 0.806060
vt 0.178105 0.808957
vt 0.178105 0.806119
vt 0.186228 0.803418
vt 0.189142 0.803438
vt 0.183882 0.803700
vt 0.178105 0.803931
vt 0.186304 0.797921
vt 0.189142 0.797921
vt 0.184116 0.797921
vt 0.178105 0.802585
vt 0.236554 0.102157
vt 0.236440 0.099212
vt 0.239410 0.099302
vt 0.233891 0.102157
vt 0.233874 0.099260
vt 0.228373 0.102157
vt 0.228373 0.099319
vt 0.236496 0.096618
vt 0.239410 0.096638
vt 0.234150 0.096900
vt 0.228373 0.097131
vt 0.236572 0.091121
vt 0.239410 0.091121
vt 0.234384 0.091121
vt 0.228373 0.095785
vt 0.453350 0.920792
vt 0.453464 0.923737
vt 0.450495 0.923648
vt 0.456014 0.920792
vt 0.456031 0.923689
vt 0.461531 0.920792
vt 0.461531 0.923630
vt 0.453409 0.926331
vt 0.450495 0.926311
vt 0.455754 0.926049
vt 0.461531 0.925818
vt 0.453333 0.931829
vt 0.450495 0.931829
vt 0.455521 0.931829
vt 0.461531 0.927164
vt 0.966042 0.612332
vt 0.966156 0.615278
vt 0.963186 0.615188
vt 0.968706 0.612332
vt 0.968722 0.615230
vt 0.974223 0.612332
vt 0.974223 0.615170
vt 0.966100 0.617872
vt 0.963186 0.617852
vt 0.968446 0.617590
vt 0.974223 0.617358
vt 0.966024 0.623369
vt 0.963186 0.623369
vt 0.968212 0.623369
vt 0.974223 0.618704
vt 0.897309 0.990819
vt 0.894364 0.990933
vt 0.894454 0.987963
vt 0.897309 0.993483
vt 0.894412 0.993499
vt 0.897309 0.999000
vt 0.894471 0.999000
vt 0.891770 0.990877
vt 0.891790 0.987963
vt 0.892052 0.993223
vt 0.892283 0.999000
vt 0.886273 0.990801
vt 0.886273 0.987963
vt 0.886273 0.992989
vt 0.890937 0.999000
vt 0.285500 0.144866
vt 0.288445 0.144752
vt 0.288355 0.147722
vt 0.285500 0.142203
vt 0.288397 0.142186
vt 0.285500 0.136685
vt 0.288338 0.136685
vt 0.291039 0.144808
vt 0.291019 0.147722
vt 0.290757 0.142462
vt 0.290525 0.136685
vt 0.296536 0.144884
vt 0.296536 0.147722
vt 0.296536 0.142696
vt 0.291872 0.136685
vt 0.940614 0.437082
vt 0.937668 0.437197
vt 0.937758 0.434227
vt 0.940614 0.439746
vt 0.937716 0.439763
vt 0.940614 0.445264
vt 0.937776 0.445264
vt 0.935075 0.437141
vt 0.935095 0.434227
vt 0.935357 0.439487
vt 0.935588 0.445264
vt 0.929577 0.437065
vt 0.929577 0.434227
vt 0.929577 0.439253
vt 0.934242 0.445264
vt 0.008181 0.147722
vt 0.008067 0.144776
vt 0.011037 0.144866
vt 0.005517 0.147722
vt 0.005501 0.144825
vt 0.000000 0.147722
vt 0.000000 0.144884
vt 0.008123 0.142183
vt 0.011037 0.142203
vt 0.005777 0.142465
vt 0.000000 0.142696
vt 0.008199 0.136685
vt 0.011037 0.136685
vt 0.006011 0.136685
vt 0.000000 0.141350
vt 0.832343 0.987963
vt 0.832457 0.990909
vt 0.829488 0.990819
vt 0.835007 0.987963
vt 0.835024 0.990861
vt 0.840524 0.987963
vt 0.840524 0.990801
vt 0.832402 0.993502
vt 0.829488 0.993483
vt 0.834747 0.993221
vt 0.840524 0.992989
vt 0.832326 0.999000
vt 0.829488 0.999000
vt 0.834514 0.999000
vt 0.840524 0.994335
vt 0.423759 0.923620
vt 0.421596 0.923578
vt 0.424160 0.920792
vt 0.420001 0.926280
vt 0.418844 0.926142
vt 0.415967 0.931829
vt 0.415974 0.931829
vt 0.419685 0.923528
vt 0.421508 0.920792
vt 0.417823 0.925934
vt 0.415968 0.931829
vt 0.415967 0.923501
vt 0.415967 0.920792
vt 0.415967 0.925781
vt 0.236165 0.144894
vt 0.234014 0.142269
vt 0.236582 0.144477
vt 0.232407 0.142235
vt 0.231256 0.140381
vt 0.228373 0.136685
vt 0.232097 0.139532
vt 0.233923 0.140719
vt 0.230232 0.138538
vt 0.228373 0.136678
vt 0.228373 0.136684
vt 0.427004 0.561905
vt 0.424241 0.564526
vt 0.424176 0.562306
vt 0.427004 0.564557
vt 0.424271 0.566408
vt 0.427004 0.570098
vt 0.424295 0.570098
vt 0.421677 0.567257
vt 0.421516 0.566065
vt 0.421864 0.568249
vt 0.422015 0.570098
vt 0.415967 0.570098
vt 0.420582 0.570098
vt 0.898601 0.701385
vt 0.901222 0.704147
vt 0.899003 0.704213
vt 0.901254 0.701385
vt 0.903105 0.704118
vt 0.906795 0.701385
vt 0.906795 0.704094
vt 0.903954 0.706712
vt 0.902761 0.706872
vt 0.904945 0.706524
vt 0.906795 0.706374
vt 0.906795 0.712422
vt 0.906795 0.707806
vt 0.424176 0.395082
vt 0.424218 0.392919
vt 0.427004 0.395483
vt 0.421516 0.391323
vt 0.421653 0.390166
vt 0.415967 0.387290
vt 0.415967 0.387297
vt 0.424268 0.391007
vt 0.427004 0.392831
vt 0.421862 0.389145
vt 0.415967 0.387290
vt 0.424295 0.387290
vt 0.427004 0.387290
vt 0.422015 0.387290
vt 0.037356 0.144477
vt 0.039981 0.142326
vt 0.037772 0.144894
vt 0.040015 0.140719
vt 0.041868 0.139568
vt 0.045564 0.136685
vt 0.042718 0.140409
vt 0.041531 0.142234
vt 0.043712 0.138544
vt 0.045572 0.136685
vt 0.045565 0.136685
vt 0.045564 0.136685
vt 0.605109 0.607102
vt 0.602347 0.609723
vt 0.602281 0.607503
vt 0.605109 0.609754
vt 0.602376 0.611605
vt 0.605109 0.615295
vt 0.599782 0.612454
vt 0.599622 0.611262
vt 0.599970 0.613446
vt 0.598688 0.615295
vt 0.780387 0.509736
vt 0.780429 0.507573
vt 0.783214 0.510137
vt 0.777727 0.505977
vt 0.777864 0.504820
vt 0.772178 0.501944
vt 0.772178 0.501951
vt 0.780479 0.505661
vt 0.783214 0.507485
vt 0.778073 0.503799
vt 0.772178 0.501944
vt 0.780506 0.501944
vt 0.783214 0.501944
vt 0.778226 0.501944
vt 0.326927 0.236023
vt 0.324775 0.233398
vt 0.327344 0.235606
vt 0.323168 0.233363
vt 0.322018 0.231510
vt 0.319135 0.227814
vt 0.322858 0.230661
vt 0.324684 0.231848
vt 0.320994 0.229667
vt 0.319135 0.227807
vt 0.319135 0.227813
vt 0.602254 0.398326
vt 0.602139 0.395381
vt 0.605109 0.395471
vt 0.599590 0.398326
vt 0.599573 0.395429
vt 0.594072 0.398326
vt 0.594072 0.395488
vt 0.602195 0.392787
vt 0.605109 0.392807
vt 0.599849 0.393069
vt 0.594072 0.393300
vt 0.602271 0.387290
vt 0.605109 0.387290
vt 0.600083 0.387290
vt 0.594072 0.391954
vt 0.099310 0.238851
vt 0.099196 0.235905
vt 0.102166 0.235995
vt 0.096646 0.238851
vt 0.096629 0.235953
vt 0.091129 0.238851
vt 0.091129 0.236013
vt 0.099252 0.233312
vt 0.102166 0.233332
vt 0.096906 0.233594
vt 0.091129 0.233825
vt 0.099327 0.227814
vt 0.102166 0.227814
vt 0.097140 0.227814
vt 0.091129 0.232479
vt 0.878091 0.987963
vt 0.878205 0.990909
vt 0.875236 0.990819
vt 0.880755 0.987963
vt 0.880772 0.990861
vt 0.886273 0.987963
vt 0.886273 0.990801
vt 0.878150 0.993502
vt 0.875236 0.993482
vt 0.880496 0.993220
vt 0.886273 0.992989
vt 0.878074 0.999000
vt 0.875236 0.999000
vt 0.880262 0.999000
vt 0.886273 0.994335
vt 0.262376 0.287980
vt 0.259431 0.288094
vt 0.259520 0.285124
vt 0.262376 0.290643
vt 0.259479 0.290660
vt 0.262376 0.296161
vt 0.259538 0.296161
vt 0.256837 0.288038
vt 0.256857 0.285124
vt 0.257119 0.290384
vt 0.257350 0.296161
vt 0.251339 0.287962
vt 0.251339 0.285124
vt 0.251339 0.290150
vt 0.256004 0.296161
vt 0.969037 0.987963
vt 0.969151 0.990909
vt 0.966181 0.990819
vt 0.971700 0.987963
vt 0.971717 0.990861
vt 0.977218 0.987963
vt 0.977218 0.990801
vt 0.969095 0.993502
vt 0.966181 0.993482
vt 0.971441 0.993220
vt 0.977218 0.992989
vt 0.969019 0.999000
vt 0.966181 0.999000
vt 0.971207 0.999000
vt 0.977218 0.994335
vt 0.100089 0.924173
vt 0.097144 0.924287
vt 0.097234 0.921317
vt 0.100089 0.926837
vt 0.097192 0.926853
vt 0.100089 0.932354
vt 0.097251 0.932354
vt 0.094550 0.924231
vt 0.094570 0.921317
vt 0.094832 0.926577
vt 0.095063 0.932354
vt 0.089053 0.924155
vt 0.089053 0.921317
vt 0.089053 0.926343
vt 0.093717 0.932354
vt 0.872267 0.526135
vt 0.869322 0.526249
vt 0.869412 0.523280
vt 0.872267 0.528799
vt 0.869370 0.528816
vt 0.872267 0.534316
vt 0.869429 0.534316
vt 0.866728 0.526193
vt 0.866748 0.523280
vt 0.867010 0.528539
vt 0.867241 0.534316
vt 0.861230 0.526118
vt 0.861230 0.523280
vt 0.861230 0.528305
vt 0.865895 0.534316
vt 0.285500 0.281560
vt 0.288445 0.281446
vt 0.288355 0.284415
vt 0.285500 0.278896
vt 0.288397 0.278879
vt 0.285500 0.273378
vt 0.288338 0.273378
vt 0.291039 0.281501
vt 0.291019 0.284415
vt 0.290757 0.279155
vt 0.290525 0.273378
vt 0.296536 0.281577
vt 0.296536 0.284415
vt 0.296536 0.279389
vt 0.291872 0.273378
vt 0.991819 0.898911
vt 0.991933 0.901856
vt 0.988963 0.901766
vt 0.994482 0.898911
vt 0.994499 0.901808
vt 1.000000 0.898911
vt 1.000000 0.901749
vt 0.991877 0.904450
vt 0.988963 0.904430
vt 0.994223 0.904168
vt 1.000000 0.903937
vt 0.991801 0.909947
vt 0.988963 0.909947
vt 0.993989 0.909947
vt 1.000000 0.905283
vt 0.190623 0.284415
vt 0.190508 0.281470
vt 0.193478 0.281560
vt 0.187959 0.284415
vt 0.187942 0.281518
vt 0.182441 0.284415
vt 0.182441 0.281577
vt 0.190564 0.278876
vt 0.193478 0.278896
vt 0.188218 0.279158
vt 0.182441 0.279389
vt 0.190640 0.273378
vt 0.193478 0.273378
vt 0.188452 0.273378
vt 0.182441 0.278043
vt 0.966960 0.256121
vt 0.967075 0.259067
vt 0.964105 0.258977
vt 0.969624 0.256121
vt 0.969641 0.259019
vt 0.975142 0.256121
vt 0.975142 0.258960
vt 0.967019 0.261661
vt 0.964105 0.261641
vt 0.969365 0.261379
vt 0.975142 0.261147
vt 0.966943 0.267158
vt 0.964105 0.267158
vt 0.969131 0.267158
vt 0.975142 0.262493
vt 0.278195 0.764697
vt 0.275249 0.764811
vt 0.275339 0.761842
vt 0.278195 0.767361
vt 0.275298 0.767378
vt 0.278195 0.772879
vt 0.275357 0.772879
vt 0.272656 0.764756
vt 0.272676 0.761842
vt 0.272938 0.767102
vt 0.273169 0.772879
vt 0.267158 0.764680
vt 0.267158 0.761842
vt 0.267158 0.766868
vt 0.271823 0.772879
vt 0.265729 0.281171
vt 0.268354 0.279019
vt 0.266146 0.281587
vt 0.268388 0.277412
vt 0.270242 0.276261
vt 0.273938 0.273378
vt 0.271091 0.277102
vt 0.269904 0.278928
vt 0.272085 0.275237
vt 0.273945 0.273378
vt 0.273939 0.273378
vt 0.743270 0.944467
vt 0.745891 0.947229
vt 0.743671 0.947295
vt 0.745923 0.944467
vt 0.747773 0.947200
vt 0.751464 0.944467
vt 0.751464 0.947176
vt 0.748623 0.949794
vt 0.747430 0.949955
vt 0.749614 0.949606
vt 0.751464 0.949456
vt 0.751464 0.955504
vt 0.751464 0.950888
vt 0.985194 0.901738
vt 0.983031 0.901696
vt 0.985595 0.898911
vt 0.981435 0.904398
vt 0.980278 0.904261
vt 0.977401 0.909947
vt 0.977409 0.909947
vt 0.981119 0.901646
vt 0.982943 0.898911
vt 0.979257 0.904052
vt 0.977402 0.909947
vt 0.977401 0.901620
vt 0.977401 0.898911
vt 0.977401 0.903899
vt 0.262376 0.333544
vt 0.259431 0.333658
vt 0.259520 0.330688
vt 0.262376 0.336208
vt 0.259479 0.336225
vt 0.262376 0.341725
vt 0.259538 0.341725
vt 0.256837 0.333602
vt 0.256857 0.330688
vt 0.257119 0.335948
vt 0.257350 0.341725
vt 0.251339 0.333526
vt 0.251339 0.330688
vt 0.251339 0.335714
vt 0.256004 0.341725
vt 0.631088 0.944651
vt 0.631202 0.947596
vt 0.628233 0.947506
vt 0.633752 0.944651
vt 0.633769 0.947548
vt 0.639269 0.944651
vt 0.639269 0.947489
vt 0.631147 0.950190
vt 0.628233 0.950170
vt 0.633492 0.949908
vt 0.639269 0.949677
vt 0.631071 0.955687
vt 0.628233 0.955687
vt 0.633259 0.955687
vt 0.639269 0.951023
vt 0.985811 0.080872
vt 0.982866 0.080986
vt 0.982956 0.078016
vt 0.985811 0.083535
vt 0.982914 0.083552
vt 0.985811 0.089053
vt 0.982973 0.089053
vt 0.980272 0.080930
vt 0.980292 0.078016
vt 0.980554 0.083276
vt 0.980785 0.089053
vt 0.974774 0.080854
vt 0.974774 0.078016
vt 0.974774 0.083042
vt 0.979439 0.089053
vt 0.988254 0.990819
vt 0.985309 0.990933
vt 0.985399 0.987963
vt 0.988254 0.993482
vt 0.985357 0.993499
vt 0.988254 0.999000
vt 0.985416 0.999000
vt 0.982715 0.990877
vt 0.982735 0.987963
vt 0.982997 0.993223
vt 0.983228 0.999000
vt 0.977218 0.990801
vt 0.977218 0.987963
vt 0.977218 0.992989
vt 0.981882 0.999000
vt 0.259520 0.329980
vt 0.259406 0.327034
vt 0.262376 0.327124
vt 0.256857 0.329980
vt 0.256840 0.327082
vt 0.251339 0.329980
vt 0.251339 0.327142
vt 0.259462 0.324440
vt 0.262376 0.324460
vt 0.257116 0.324722
vt 0.251339 0.324954
vt 0.259538 0.318943
vt 0.262376 0.318943
vt 0.257350 0.318943
vt 0.251339 0.323608
vt 0.989375 0.078016
vt 0.989489 0.080961
vt 0.986520 0.080872
vt 0.992039 0.078016
vt 0.992056 0.080913
vt 0.997556 0.078016
vt 0.997556 0.080854
vt 0.989434 0.083555
vt 0.986520 0.083535
vt 0.991779 0.083273
vt 0.997556 0.083042
vt 0.989358 0.089053
vt 0.986520 0.089053
vt 0.991546 0.089053
vt 0.997556 0.084388
vt 0.281730 0.327152
vt 0.279578 0.324527
vt 0.282147 0.326735
vt 0.277971 0.324492
vt 0.276821 0.322639
vt 0.273938 0.318943
vt 0.277661 0.321790
vt 0.279487 0.322976
vt 0.275797 0.320795
vt 0.273938 0.318936
vt 0.273938 0.318942
vt 0.991623 0.987963
vt 0.994244 0.990725
vt 0.992024 0.990791
vt 0.994275 0.987963
vt 0.996126 0.990696
vt 0.999816 0.987963
vt 0.999816 0.990672
vt 0.996975 0.993290
vt 0.995782 0.993451
vt 0.997967 0.993102
vt 0.999816 0.992952
vt 0.999816 0.999000
vt 0.999816 0.994385
vt 0.802752 0.990791
vt 0.800589 0.990749
vt 0.803153 0.987963
vt 0.798994 0.993451
vt 0.797837 0.993314
vt 0.794960 0.999000
vt 0.794967 0.999000
vt 0.798678 0.990699
vt 0.800501 0.987963
vt 0.796816 0.993105
vt 0.794961 0.999000
vt 0.794960 0.990672
vt 0.794960 0.987963
vt 0.794960 0.992952
vt 0.278195 0.853750
vt 0.275249 0.853864
vt 0.275339 0.850894
vt 0.278195 0.856414
vt 0.275298 0.856431
vt 0.278195 0.861931
vt 0.275357 0.861931
vt 0.272656 0.853808
vt 0.272676 0.850894
vt 0.272938 0.856154
vt 0.273169 0.861931
vt 0.267158 0.853733
vt 0.267158 0.850894
vt 0.267158 0.855920
vt 0.271823 0.861931
vt 0.167657 0.375544
vt 0.167542 0.372599
vt 0.170512 0.372688
vt 0.164993 0.375544
vt 0.164976 0.372647
vt 0.159475 0.375544
vt 0.159475 0.372706
vt 0.167598 0.370005
vt 0.170512 0.370025
vt 0.165252 0.370287
vt 0.159475 0.370518
vt 0.167674 0.364507
vt 0.170512 0.364507
vt 0.165486 0.364507
vt 0.159475 0.369172
vt 0.944178 0.167069
vt 0.944292 0.170014
vt 0.941323 0.169924
vt 0.946842 0.167069
vt 0.946859 0.169966
vt 0.952359 0.167069
vt 0.952359 0.169907
vt 0.944237 0.172608
vt 0.941323 0.172588
vt 0.946582 0.172326
vt 0.952359 0.172095
vt 0.944161 0.178105
vt 0.941323 0.178105
vt 0.946349 0.178105
vt 0.952359 0.173441
vt 0.605109 0.858441
vt 0.602347 0.861062
vt 0.602281 0.858842
vt 0.605109 0.861094
vt 0.602376 0.862944
vt 0.605109 0.866635
vt 0.602400 0.866635
vt 0.599782 0.863794
vt 0.599622 0.862601
vt 0.599970 0.864785
vt 0.600121 0.866635
vt 0.594072 0.866635
vt 0.598688 0.866635
vt 0.513229 0.804453
vt 0.513271 0.802290
vt 0.516056 0.804854
vt 0.510569 0.800694
vt 0.510706 0.799537
vt 0.505020 0.796661
vt 0.505020 0.796668
vt 0.513321 0.800378
vt 0.516056 0.802202
vt 0.510915 0.798516
vt 0.505020 0.796661
vt 0.513348 0.796661
vt 0.516056 0.796661
vt 0.511068 0.796661
vt 0.220164 0.372299
vt 0.222790 0.370148
vt 0.220581 0.372716
vt 0.222824 0.368541
vt 0.224677 0.367390
vt 0.228373 0.364507
vt 0.225526 0.368231
vt 0.224340 0.370057
vt 0.226521 0.366366
vt 0.228380 0.364507
vt 0.228374 0.364507
vt 0.516056 0.879229
vt 0.513294 0.881849
vt 0.513229 0.879630
vt 0.516056 0.881881
vt 0.513324 0.883731
vt 0.516056 0.887422
vt 0.513348 0.887422
vt 0.510730 0.884581
vt 0.510569 0.883388
vt 0.510917 0.885572
vt 0.511068 0.887422
vt 0.505020 0.887422
vt 0.509635 0.887422
vt 0.780387 0.623647
vt 0.780429 0.621484
vt 0.783214 0.624048
vt 0.777727 0.619888
vt 0.777864 0.618731
vt 0.772178 0.615862
vt 0.780479 0.619572
vt 0.783214 0.621396
vt 0.778073 0.617710
vt 0.772178 0.615855
vt 0.326927 0.372716
vt 0.324775 0.370091
vt 0.327344 0.372299
vt 0.323168 0.370057
vt 0.322018 0.368203
vt 0.319135 0.364507
vt 0.322858 0.367354
vt 0.324684 0.368541
vt 0.320994 0.366360
vt 0.319135 0.364500
vt 0.319135 0.364507
vt 0.217337 0.281560
vt 0.220282 0.281446
vt 0.220192 0.284415
vt 0.217337 0.278896
vt 0.220234 0.278879
vt 0.217337 0.273378
vt 0.220175 0.273378
vt 0.222876 0.281501
vt 0.222856 0.284415
vt 0.222594 0.279155
vt 0.222363 0.273378
vt 0.228373 0.281577
vt 0.228373 0.284415
vt 0.228373 0.279389
vt 0.223709 0.273378
vt 0.304909 0.761842
vt 0.305023 0.764787
vt 0.302053 0.764697
vt 0.307573 0.761842
vt 0.307590 0.764739
vt 0.313090 0.761842
vt 0.313090 0.764680
vt 0.304967 0.767381
vt 0.302053 0.767361
vt 0.307313 0.767099
vt 0.313090 0.766868
vt 0.304891 0.772879
vt 0.302053 0.772879
vt 0.307079 0.772879
vt 0.313090 0.768214
vt 0.602254 0.786543
vt 0.602139 0.783597
vt 0.605109 0.783687
vt 0.599590 0.786543
vt 0.599573 0.783645
vt 0.594072 0.786543
vt 0.594072 0.783704
vt 0.602195 0.781003
vt 0.605109 0.781023
vt 0.599849 0.781285
vt 0.594072 0.781517
vt 0.602271 0.775506
vt 0.600083 0.775506
vt 0.594072 0.780170
vt 0.170512 0.014593
vt 0.167567 0.014707
vt 0.167657 0.011737
vt 0.170512 0.017257
vt 0.167615 0.017274
vt 0.170512 0.022774
vt 0.167674 0.022774
vt 0.164973 0.014651
vt 0.164993 0.011737
vt 0.165255 0.016997
vt 0.165486 0.022774
vt 0.159475 0.014576
vt 0.159475 0.011737
vt 0.159475 0.016763
vt 0.164140 0.022774
vt 0.189142 0.789739
vt 0.186197 0.789853
vt 0.186287 0.786884
vt 0.189142 0.792403
vt 0.186245 0.792420
vt 0.189142 0.797920
vt 0.186304 0.797920
vt 0.183603 0.789798
vt 0.183623 0.786884
vt 0.183885 0.792143
vt 0.184116 0.797920
vt 0.178105 0.789722
vt 0.178105 0.786884
vt 0.178105 0.791910
vt 0.182770 0.797920
vt 0.942874 0.990819
vt 0.939928 0.990933
vt 0.940018 0.987963
vt 0.942874 0.993483
vt 0.939977 0.993500
vt 0.942874 0.999000
vt 0.940036 0.999000
vt 0.937335 0.990877
vt 0.937355 0.987963
vt 0.937617 0.993223
vt 0.937848 0.999000
vt 0.931837 0.990801
vt 0.931837 0.987963
vt 0.931837 0.992989
vt 0.936502 0.999000
vt 0.516056 0.968293
vt 0.513111 0.968408
vt 0.513201 0.965438
vt 0.516056 0.970957
vt 0.513159 0.970974
vt 0.516056 0.976475
vt 0.513218 0.976475
vt 0.510517 0.968352
vt 0.510537 0.965438
vt 0.510799 0.970698
vt 0.511030 0.976475
vt 0.505020 0.968276
vt 0.505020 0.965438
vt 0.505020 0.970464
vt 0.509684 0.976475
vt 0.037383 0.057302
vt 0.037497 0.060247
vt 0.034528 0.060157
vt 0.040047 0.057302
vt 0.040064 0.060199
vt 0.045564 0.057302
vt 0.045564 0.060140
vt 0.037442 0.062841
vt 0.034528 0.062821
vt 0.039787 0.062559
vt 0.045564 0.062328
vt 0.037366 0.068339
vt 0.034528 0.068339
vt 0.039554 0.068339
vt 0.045564 0.063674
vt 0.944178 0.523280
vt 0.944292 0.526225
vt 0.941323 0.526135
vt 0.946842 0.523280
vt 0.946859 0.526177
vt 0.952359 0.523280
vt 0.952359 0.526118
vt 0.944237 0.528819
vt 0.941323 0.528799
vt 0.946582 0.528537
vt 0.952359 0.528306
vt 0.944161 0.534316
vt 0.941323 0.534316
vt 0.946349 0.534316
vt 0.952359 0.529652
vt 0.304541 0.939947
vt 0.304656 0.942893
vt 0.301686 0.942803
vt 0.307205 0.939947
vt 0.307222 0.942844
vt 0.312723 0.939947
vt 0.312723 0.942785
vt 0.304600 0.945486
vt 0.301686 0.945466
vt 0.306946 0.945204
vt 0.312723 0.944973
vt 0.304524 0.950984
vt 0.301686 0.950984
vt 0.306712 0.950984
vt 0.312723 0.946319
vt 0.940614 0.526135
vt 0.937669 0.526249
vt 0.937758 0.523280
vt 0.940614 0.528799
vt 0.937717 0.528816
vt 0.940614 0.534316
vt 0.937776 0.534316
vt 0.935075 0.526193
vt 0.935095 0.523280
vt 0.935357 0.528539
vt 0.935588 0.534316
vt 0.929577 0.526118
vt 0.929577 0.523280
vt 0.929577 0.528306
vt 0.934242 0.534316
vt 0.034528 0.053737
vt 0.037473 0.053623
vt 0.037383 0.056593
vt 0.034528 0.051074
vt 0.037425 0.051057
vt 0.034528 0.045556
vt 0.037366 0.045556
vt 0.040067 0.053679
vt 0.040047 0.056593
vt 0.039785 0.051333
vt 0.039554 0.045556
vt 0.045564 0.053755
vt 0.045564 0.056593
vt 0.045564 0.051567
vt 0.040900 0.045556
vt 0.238271 0.966698
vt 0.238385 0.969643
vt 0.235415 0.969553
vt 0.240935 0.966698
vt 0.240952 0.969595
vt 0.246452 0.966698
vt 0.246452 0.969536
vt 0.238329 0.972237
vt 0.235415 0.972217
vt 0.240675 0.971955
vt 0.246452 0.971724
vt 0.238253 0.977735
vt 0.235415 0.977735
vt 0.240441 0.977735
vt 0.246452 0.973070
vt 0.872267 0.704241
vt 0.869322 0.704355
vt 0.869412 0.701385
vt 0.872267 0.706904
vt 0.869370 0.706921
vt 0.872267 0.712422
vt 0.869429 0.712422
vt 0.866728 0.704299
vt 0.866748 0.701385
vt 0.867010 0.706645
vt 0.867241 0.712422
vt 0.861230 0.704223
vt 0.861230 0.701385
vt 0.861230 0.706411
vt 0.865895 0.712422
vt 0.034528 0.099302
vt 0.037473 0.099188
vt 0.037383 0.102157
vt 0.034528 0.096638
vt 0.037425 0.096621
vt 0.034528 0.091121
vt 0.037366 0.091121
vt 0.040067 0.099243
vt 0.040047 0.102157
vt 0.039785 0.096898
vt 0.039554 0.091121
vt 0.045564 0.099319
vt 0.045564 0.102157
vt 0.045564 0.097131
vt 0.040900 0.091121
vt 0.330697 0.008181
vt 0.333642 0.008067
vt 0.333552 0.011037
vt 0.330697 0.005517
vt 0.333594 0.005501
vt 0.330697 0.000000
vt 0.333535 0.000000
vt 0.336236 0.008123
vt 0.336216 0.011037
vt 0.335954 0.005777
vt 0.335722 0.000000
vt 0.341733 0.008199
vt 0.341733 0.011037
vt 0.341733 0.006011
vt 0.337069 0.000000
vt 0.337951 0.743624
vt 0.335006 0.743738
vt 0.335095 0.740768
vt 0.337951 0.746288
vt 0.335054 0.746305
vt 0.337951 0.751805
vt 0.335113 0.751805
vt 0.332412 0.743682
vt 0.332432 0.740768
vt 0.332694 0.746028
vt 0.332925 0.751805
vt 0.326914 0.743606
vt 0.326914 0.740768
vt 0.326914 0.745794
vt 0.331579 0.751805
vt 0.008181 0.398326
vt 0.008067 0.395381
vt 0.011037 0.395471
vt 0.005517 0.398326
vt 0.005501 0.395429
vt 0.000000 0.398326
vt 0.000000 0.395488
vt 0.008123 0.392787
vt 0.011037 0.392807
vt 0.005777 0.393069
vt 0.000000 0.393300
vt 0.008199 0.387290
vt 0.011037 0.387289
vt 0.006011 0.387290
vt 0.000000 0.391954
vt 0.335095 0.580584
vt 0.334981 0.577639
vt 0.337951 0.577729
vt 0.332432 0.580584
vt 0.332415 0.577687
vt 0.326914 0.580584
vt 0.326914 0.577746
vt 0.335037 0.575045
vt 0.337951 0.575065
vt 0.332691 0.575327
vt 0.326914 0.575558
vt 0.335113 0.569547
vt 0.337951 0.569547
vt 0.332925 0.569547
vt 0.326914 0.574212
vt 0.167657 0.011037
vt 0.167543 0.008091
vt 0.170512 0.008181
vt 0.164993 0.011037
vt 0.164976 0.008139
vt 0.159475 0.011037
vt 0.159475 0.008199
vt 0.167598 0.005498
vt 0.170512 0.005517
vt 0.165252 0.005780
vt 0.159475 0.006011
vt 0.167674 0.000000
vt 0.170512 0.000000
vt 0.165486 0.000000
vt 0.159475 0.004665
vt 0.946430 0.987963
vt 0.946544 0.990909
vt 0.943574 0.990819
vt 0.949094 0.987963
vt 0.949111 0.990861
vt 0.954611 0.987963
vt 0.954611 0.990801
vt 0.946488 0.993502
vt 0.943575 0.993483
vt 0.948834 0.993220
vt 0.954611 0.992989
vt 0.946413 0.999000
vt 0.943575 0.999000
vt 0.948600 0.999000
vt 0.954611 0.994335
vt 0.333553 0.068339
vt 0.333553 0.091121
vt 0.336215 0.068339
vt 0.336215 0.091121
vt 0.341733 0.068339
vt 0.341733 0.091121
vt 0.000000 0.478410
vt 0.000000 0.455628
vt 0.005518 0.455628
vt 0.005518 0.478410
vt 0.008180 0.455628
vt 0.008180 0.478410
vt 0.275338 0.772878
vt 0.272677 0.772878
vt 0.267158 0.772878
vt 0.952359 0.089053
vt 0.946841 0.089053
vt 0.944179 0.089053
vt 0.415967 0.561367
vt 0.415967 0.564029
vt 0.415967 0.569547
vt 0.929577 0.089053
vt 0.935096 0.089053
vt 0.937757 0.089053
vt 0.267158 0.806101
vt 0.267158 0.803439
vt 0.267158 0.797921
vt 0.461531 0.842776
vt 0.456013 0.842776
vt 0.453351 0.842776
vt 0.236554 0.113903
vt 0.233892 0.113903
vt 0.228373 0.113903
vt 0.438749 0.931829
vt 0.438749 0.926311
vt 0.438749 0.923649
vt 0.022782 0.053737
vt 0.022782 0.051075
vt 0.022782 0.045556
vt 0.289940 0.950984
vt 0.289940 0.945466
vt 0.289940 0.942804
vt 0.900875 0.820895
vt 0.903536 0.820895
vt 0.909055 0.820895
vt 0.267158 0.861931
vt 0.272676 0.861931
vt 0.275338 0.861931
vt 0.296536 0.105723
vt 0.273938 0.105723
vt 0.296536 0.108385
vt 0.273938 0.108385
vt 0.296536 0.113903
vt 0.273938 0.113903
vt 0.906428 0.623369
vt 0.883829 0.623369
vt 0.883829 0.617851
vt 0.906428 0.617851
vt 0.883829 0.615189
vt 0.906428 0.615189
vt 0.333553 0.341725
vt 0.333553 0.364507
vt 0.336215 0.341725
vt 0.336215 0.364507
vt 0.341733 0.341725
vt 0.341733 0.364507
vt 0.000000 0.751797
vt 0.000000 0.729015
vt 0.005518 0.729015
vt 0.005518 0.751797
vt 0.008180 0.729015
vt 0.008180 0.751797
vt 0.220193 0.296161
vt 0.222855 0.296161
vt 0.228373 0.296161
vt 0.594072 0.798288
vt 0.599591 0.798288
vt 0.602253 0.798288
vt 0.304910 0.683826
vt 0.307572 0.683826
vt 0.313090 0.683826
vt 0.683125 0.775506
vt 0.683125 0.781024
vt 0.683125 0.783686
vt 0.220193 0.318943
vt 0.220193 0.341725
vt 0.222855 0.318943
vt 0.222855 0.341725
vt 0.228373 0.318943
vt 0.228373 0.341725
vt 0.594072 0.843852
vt 0.594072 0.821070
vt 0.599591 0.821070
vt 0.599591 0.843852
vt 0.602253 0.821070
vt 0.602253 0.843852
vt 0.209068 0.888682
vt 0.206406 0.888682
vt 0.200888 0.888682
vt 0.997924 0.178105
vt 0.992406 0.178105
vt 0.989744 0.178105
vt 0.030991 0.144477
vt 0.028332 0.140719
vt 0.944179 0.356211
vt 0.946841 0.356211
vt 0.952359 0.356211
vt 0.975142 0.178105
vt 0.980660 0.178105
vt 0.983322 0.178105
vt 0.683125 0.395470
vt 0.683125 0.392808
vt 0.683125 0.387290
vt 0.886273 0.909947
vt 0.880754 0.909947
vt 0.878092 0.909947
vt 0.683125 0.767326
vt 0.683125 0.769987
vt 0.683125 0.775506
vt 0.863490 0.909947
vt 0.869009 0.909947
vt 0.871671 0.909947
vt 0.333553 0.022774
vt 0.333553 0.045556
vt 0.336215 0.022774
vt 0.336215 0.045556
vt 0.341733 0.022774
vt 0.341733 0.045556
vt 0.000000 0.432846
vt 0.000000 0.410064
vt 0.005518 0.410064
vt 0.005518 0.432846
vt 0.008180 0.410064
vt 0.008180 0.432846
vt 0.205407 0.281559
vt 0.205407 0.278897
vt 0.205407 0.273378
vt 0.290124 0.772879
vt 0.290124 0.767360
vt 0.290124 0.764698
vt 0.415967 0.577727
vt 0.415967 0.575066
vt 0.415967 0.569547
vt 0.954611 0.909947
vt 0.949093 0.909947
vt 0.946431 0.909947
vt 0.267158 0.789740
vt 0.267158 0.792402
vt 0.267158 0.797920
vt 0.931837 0.909947
vt 0.937356 0.909947
vt 0.940017 0.909947
vt 0.205407 0.235994
vt 0.228373 0.235994
vt 0.205407 0.233332
vt 0.228373 0.233332
vt 0.205407 0.227814
vt 0.228373 0.227814
vt 0.594072 0.524534
vt 0.594072 0.501568
vt 0.599591 0.501568
vt 0.599591 0.524534
vt 0.602253 0.501568
vt 0.602253 0.524534
vt 0.937206 0.534316
vt 0.934544 0.534316
vt 0.929026 0.534316
vt 0.975142 0.623369
vt 0.969623 0.623369
vt 0.966961 0.623369
vt 0.243130 0.106111
vt 0.245790 0.109869
vt 0.920846 0.534316
vt 0.923508 0.534316
vt 0.929026 0.534316
vt 0.952359 0.623369
vt 0.957878 0.623369
vt 0.960540 0.623369
vt 0.333553 0.296161
vt 0.333553 0.318943
vt 0.336215 0.296161
vt 0.336215 0.318943
vt 0.341733 0.296161
vt 0.341733 0.318943
vt 0.000000 0.706232
vt 0.000000 0.683450
vt 0.005518 0.683450
vt 0.005518 0.706232
vt 0.008180 0.683450
vt 0.008180 0.706232
vt 0.424147 0.842776
vt 0.421485 0.842776
vt 0.415967 0.842776
vt 0.505020 0.570098
vt 0.505020 0.564580
vt 0.505020 0.561918
vt 0.205407 0.144865
vt 0.205407 0.142204
vt 0.205407 0.136685
vt 0.415967 0.547132
vt 0.421485 0.547132
vt 0.424147 0.547132
vt 0.333553 0.113903
vt 0.336215 0.113903
vt 0.341733 0.113903
vt 0.000000 0.501192
vt 0.005518 0.478410
vt 0.005518 0.501192
vt 0.008180 0.478410
vt 0.008180 0.501192
vt 0.213588 0.341725
vt 0.213588 0.318943
vt 0.210926 0.341725
vt 0.210926 0.318943
vt 0.205407 0.341725
vt 0.205407 0.318943
vt 0.906795 0.445264
vt 0.884013 0.445264
vt 0.884013 0.439745
vt 0.906795 0.439745
vt 0.884013 0.437083
vt 0.906795 0.437083
vt 0.602253 0.866635
vt 0.599591 0.866635
vt 0.594072 0.866635
vt 0.929577 0.445264
vt 0.924059 0.445264
vt 0.921397 0.445264
vt 0.288356 0.318943
vt 0.291018 0.318943
vt 0.296536 0.318943
vt 0.906795 0.534316
vt 0.906795 0.528798
vt 0.906795 0.526136
vt 0.985398 0.909947
vt 0.982736 0.909947
vt 0.977218 0.909947
vt 0.997556 0.000000
vt 0.992038 0.000000
vt 0.989376 0.000000
vt 0.631089 0.866635
vt 0.633751 0.866635
vt 0.639269 0.866635
vt 0.974774 0.000000
vt 0.980293 0.000000
vt 0.982954 0.000000
vt 0.005518 0.410064
vt 0.415967 0.743625
vt 0.415967 0.746287
vt 0.415967 0.751805
vt 0.089053 0.387290
vt 0.089053 0.392808
vt 0.089053 0.395470
vt 0.228373 0.151287
vt 0.205407 0.151287
vt 0.228373 0.153949
vt 0.205407 0.153949
vt 0.228373 0.159467
vt 0.205407 0.159467
vt 0.089053 0.478418
vt 0.089053 0.455452
vt 0.094571 0.455452
vt 0.094571 0.478418
vt 0.097233 0.455452
vt 0.097233 0.478418
vt 0.068347 0.144865
vt 0.091129 0.144865
vt 0.068347 0.142204
vt 0.091129 0.142204
vt 0.068347 0.136685
vt 0.091129 0.136685
vt 0.415967 0.432854
vt 0.415967 0.410072
vt 0.421485 0.410072
vt 0.421485 0.432854
vt 0.424147 0.410072
vt 0.424147 0.432854
vt 0.228373 0.242416
vt 0.205407 0.242416
vt 0.228373 0.245078
vt 0.205407 0.245078
vt 0.228373 0.250596
vt 0.205407 0.250596
vt 0.594072 0.661227
vt 0.594072 0.638261
vt 0.599591 0.638261
vt 0.599591 0.661227
vt 0.602253 0.638261
vt 0.602253 0.661227
vt 0.251339 0.379109
vt 0.228373 0.379109
vt 0.251339 0.381771
vt 0.228373 0.381771
vt 0.251339 0.387290
vt 0.228373 0.387290
vt 0.326914 0.500649
vt 0.326914 0.477683
vt 0.332433 0.477683
vt 0.332433 0.500649
vt 0.335094 0.477683
vt 0.335094 0.500649
vt 0.273938 0.333545
vt 0.273938 0.336207
vt 0.273938 0.341725
vt 0.616671 0.955687
vt 0.616671 0.950169
vt 0.616671 0.947507
vt 0.091129 0.151287
vt 0.068347 0.151287
vt 0.091129 0.153949
vt 0.068347 0.153949
vt 0.091129 0.159467
vt 0.068347 0.159467
vt 0.089053 0.615479
vt 0.089053 0.592697
vt 0.094571 0.592697
vt 0.094571 0.615479
vt 0.097233 0.592697
vt 0.097233 0.615479
vt 0.228373 0.014594
vt 0.205407 0.014594
vt 0.228373 0.017256
vt 0.205407 0.017256
vt 0.228373 0.022774
vt 0.205407 0.022774
vt 0.178105 0.751989
vt 0.178105 0.729023
vt 0.183624 0.729023
vt 0.183624 0.751989
vt 0.186286 0.729023
vt 0.186286 0.751989
vt 0.869411 0.445264
vt 0.866749 0.445264
vt 0.861230 0.445264
vt 1.000000 0.820895
vt 0.994482 0.820895
vt 0.991820 0.820895
vt 0.266146 0.281587
vt 0.743283 0.866451
vt 0.745945 0.866451
vt 0.751464 0.866451
vt 0.977401 0.820895
vt 0.982920 0.820895
vt 0.985582 0.820895
vt 0.290124 0.764698
vt 0.966961 0.178105
vt 0.969623 0.178105
vt 0.975142 0.178105
vt 0.267158 0.683826
vt 0.272676 0.683826
vt 0.275338 0.683826
vt 0.962799 0.909947
vt 0.960137 0.909947
vt 0.954619 0.909947
vt 0.817742 0.909947
vt 0.812224 0.909947
vt 0.809562 0.909947
vt 0.282147 0.326735
vt 0.279487 0.322977
vt 0.991636 0.909947
vt 0.994298 0.909947
vt 0.999816 0.909947
vt 0.794960 0.909947
vt 0.800478 0.909947
vt 0.803140 0.909947
vt 0.213616 0.372299
vt 0.213588 0.341725
vt 0.210957 0.368541
vt 0.210926 0.341725
vt 0.884013 0.439745
vt 0.304910 0.772878
vt 0.307572 0.772878
vt 0.313090 0.772878
vt 0.861231 0.356211
vt 0.866749 0.356211
vt 0.869411 0.356211
vt 0.265729 0.242804
vt 0.268388 0.246563
vt 0.966594 0.000000
vt 0.969256 0.000000
vt 0.974774 0.000000
vt 0.728681 0.866451
vt 0.734200 0.866451
vt 0.736862 0.866451
vt 0.205407 0.014594
vt 0.182441 0.014594
vt 0.205407 0.017256
vt 0.182441 0.017256
vt 0.182441 0.022774
vt 0.178105 0.774954
vt 0.183624 0.774954
vt 0.186286 0.774954
vt 0.205407 0.379109
vt 0.205407 0.381771
vt 0.205407 0.387290
vt 0.326914 0.523615
vt 0.332433 0.500649
vt 0.332433 0.523615
vt 0.335094 0.523615
vt 0.288356 0.296161
vt 0.291018 0.296161
vt 0.296536 0.296161
vt 0.884013 0.534316
vt 0.884013 0.528798
vt 0.884013 0.526136
vt 0.259519 0.273378
vt 0.256858 0.273378
vt 0.251339 0.273378
vt 0.111835 0.932354
vt 0.111835 0.926836
vt 0.111835 0.924174
vt 0.969037 0.909947
vt 0.971699 0.909947
vt 0.977218 0.909947
vt 0.089053 0.843301
vt 0.094571 0.843301
vt 0.097233 0.843301
vt 0.319135 0.379109
vt 0.296536 0.379109
vt 0.319135 0.381771
vt 0.296536 0.381771
vt 0.319135 0.387290
vt 0.296536 0.387290
vt 0.326914 0.432487
vt 0.326914 0.409888
vt 0.332433 0.409888
vt 0.332433 0.432487
vt 0.335094 0.409888
vt 0.335094 0.432487
vt 0.005518 0.706232
vt 0.005518 0.729015
vt 0.296536 0.014594
vt 0.273938 0.014594
vt 0.296536 0.017256
vt 0.273938 0.017256
vt 0.296536 0.022774
vt 0.273938 0.022774
vt 0.178105 0.683458
vt 0.178105 0.660860
vt 0.183624 0.660860
vt 0.183624 0.683458
vt 0.186286 0.660860
vt 0.186286 0.683458
vt 0.333553 0.250596
vt 0.333553 0.273378
vt 0.336215 0.250596
vt 0.336215 0.273378
vt 0.341733 0.250596
vt 0.341733 0.273378
vt 0.000000 0.660668
vt 0.000000 0.637886
vt 0.005518 0.637886
vt 0.005518 0.660668
vt 0.008180 0.637886
vt 0.008180 0.660668
vt 0.182441 0.235994
vt 0.205407 0.235994
vt 0.182441 0.233332
vt 0.205407 0.233332
vt 0.182441 0.227814
vt 0.594072 0.478602
vt 0.599591 0.478602
vt 0.602253 0.478602
vt 0.273938 0.379109
vt 0.273938 0.381771
vt 0.273938 0.387290
vt 0.326914 0.455085
vt 0.332433 0.455085
vt 0.332433 0.477683
vt 0.335094 0.455085
vt 0.113911 0.235994
vt 0.113911 0.233332
vt 0.113911 0.227814
vt 0.594072 0.410072
vt 0.599591 0.410072
vt 0.602253 0.410072
vt 0.251339 0.014594
vt 0.228373 0.014594
vt 0.251339 0.017256
vt 0.228373 0.017256
vt 0.251339 0.022774
vt 0.178105 0.706057
vt 0.183624 0.706057
vt 0.186286 0.706057
vt 0.273938 0.235994
vt 0.296536 0.235994
vt 0.273938 0.233332
vt 0.296536 0.233332
vt 0.273938 0.227814
vt 0.296536 0.227814
vt 0.594072 0.592697
vt 0.594072 0.570099
vt 0.599591 0.570099
vt 0.599591 0.592697
vt 0.602253 0.570099
vt 0.602253 0.592697
vt 0.251339 0.372687
vt 0.273938 0.372687
vt 0.251339 0.370026
vt 0.273938 0.370026
vt 0.251339 0.364507
vt 0.273938 0.364507
vt 0.505020 0.842225
vt 0.505020 0.819627
vt 0.510538 0.819627
vt 0.510538 0.842225
vt 0.513200 0.819627
vt 0.513200 0.842225
vt 0.008180 0.091121
vt 0.008180 0.068339
vt 0.005518 0.091121
vt 0.005518 0.068339
vt 0.000000 0.091121
vt 0.000000 0.068339
vt 0.886273 0.909947
vt 0.863490 0.909947
vt 0.863490 0.904429
vt 0.886273 0.904429
vt 0.863490 0.901767
vt 0.886273 0.901767
vt 0.228373 0.235994
vt 0.251339 0.235994
vt 0.228373 0.233332
vt 0.251339 0.233332
vt 0.251339 0.227814
vt 0.594072 0.547500
vt 0.599591 0.547500
vt 0.602253 0.547500
vt 0.008180 0.068339
vt 0.886273 0.904429
vt 0.005518 0.432846
vt 0.005518 0.455628
vt 0.136693 0.235994
vt 0.159475 0.235994
vt 0.136693 0.233332
vt 0.159475 0.233332
vt 0.136693 0.227814
vt 0.159475 0.227814
vt 0.594072 0.455636
vt 0.594072 0.432854
vt 0.599591 0.432854
vt 0.599591 0.455636
vt 0.602253 0.432854
vt 0.602253 0.455636
vt 0.251339 0.235994
vt 0.273938 0.235994
vt 0.251339 0.233332
vt 0.273938 0.233332
vt 0.008180 0.091121
vt 0.863490 0.904429
vt 0.215490 0.888682
vt 0.218152 0.888682
vt 0.223670 0.888682
vt 0.840708 0.820895
vt 0.846227 0.820895
vt 0.848888 0.820895
vt 0.231850 0.888682
vt 0.229188 0.888682
vt 0.997924 0.445264
vt 0.992405 0.445264
vt 0.989744 0.445264
vt 0.014573 0.060546
vt 0.017233 0.064305
vt 0.519622 0.887422
vt 0.522284 0.887422
vt 0.527802 0.887422
vt 0.975142 0.445264
vt 0.980660 0.445264
vt 0.983322 0.445264
vt 0.937757 0.356211
vt 0.935095 0.356211
vt 0.929577 0.356211
vt 0.840524 0.909947
vt 0.835006 0.909947
vt 0.832344 0.909947
vt 0.178105 0.675646
vt 0.178105 0.678307
vt 0.178105 0.683826
vt 0.823261 0.909947
vt 0.825922 0.909947
vt 0.333553 0.205032
vt 0.333553 0.227814
vt 0.336215 0.205032
vt 0.336215 0.227814
vt 0.341733 0.205032
vt 0.341733 0.227814
vt 0.000000 0.615104
vt 0.000000 0.592321
vt 0.005518 0.592321
vt 0.005518 0.615104
vt 0.008180 0.592321
vt 0.008180 0.615104
vt 0.243547 0.144894
vt 0.273938 0.144865
vt 0.247306 0.142235
vt 0.273938 0.142204
vt 0.273938 0.136685
vt 0.951624 0.623369
vt 0.951624 0.617851
vt 0.951624 0.615189
vt 0.251339 0.099301
vt 0.273938 0.099301
vt 0.251339 0.096639
vt 0.273938 0.096639
vt 0.251339 0.091121
vt 0.273938 0.091121
vt 0.178105 0.843485
vt 0.178105 0.820886
vt 0.183624 0.820886
vt 0.183624 0.843485
vt 0.186286 0.820886
vt 0.186286 0.843485
vt 0.182441 0.008180
vt 0.182441 0.005518
vt 0.182441 0.000000
vt 0.326914 0.592513
vt 0.332433 0.592513
vt 0.335094 0.592513
vt 0.205407 0.008180
vt 0.228373 0.008180
vt 0.205407 0.005518
vt 0.228373 0.005518
vt 0.205407 0.000000
vt 0.228373 0.000000
vt 0.326914 0.638445
vt 0.326914 0.615479
vt 0.332433 0.615479
vt 0.332433 0.638445
vt 0.335094 0.615479
vt 0.335094 0.638445
vt 0.616671 0.950169
vt 0.113911 0.235994
vt 0.136693 0.235994
vt 0.113911 0.233332
vt 0.136693 0.233332
vt 0.251339 0.008180
vt 0.273938 0.008180
vt 0.251339 0.005518
vt 0.273938 0.005518
vt 0.251339 0.000000
vt 0.273938 0.000000
vt 0.326914 0.684010
vt 0.326914 0.661411
vt 0.332433 0.661411
vt 0.332433 0.684010
vt 0.335094 0.661411
vt 0.335094 0.684010
vt 0.333553 0.182250
vt 0.333553 0.205032
vt 0.336215 0.182250
vt 0.336215 0.205032
vt 0.341733 0.182250
vt 0.000000 0.569539
vt 0.005518 0.569539
vt 0.005518 0.592321
vt 0.008180 0.569539
vt 0.296536 0.008180
vt 0.319135 0.008180
vt 0.296536 0.005518
vt 0.319135 0.005518
vt 0.296536 0.000000
vt 0.319135 0.000000
vt 0.326914 0.729207
vt 0.326914 0.706608
vt 0.332433 0.706608
vt 0.332433 0.729207
vt 0.335094 0.706608
vt 0.335094 0.729207
vt 0.273938 0.151287
vt 0.251339 0.151287
vt 0.273938 0.153949
vt 0.251339 0.153949
vt 0.273938 0.159467
vt 0.251339 0.159467
vt 0.089053 0.432487
vt 0.089053 0.409888
vt 0.094571 0.409888
vt 0.094571 0.432487
vt 0.097233 0.409888
vt 0.097233 0.432487
vt 0.113911 0.144865
vt 0.136693 0.144865
vt 0.113911 0.142204
vt 0.136693 0.142204
vt 0.113911 0.136685
vt 0.136693 0.136685
vt 0.415967 0.478418
vt 0.415967 0.455636
vt 0.421485 0.455636
vt 0.421485 0.478418
vt 0.424147 0.455636
vt 0.424147 0.478418
vt 0.045564 0.151287
vt 0.045564 0.153949
vt 0.045564 0.159467
vt 0.089053 0.638261
vt 0.094571 0.615479
vt 0.094571 0.638261
vt 0.097233 0.638261
vt 0.281730 0.287952
vt 0.884013 0.704242
vt 0.884013 0.706903
vt 0.884013 0.712422
vt 0.045564 0.113903
vt 0.040046 0.113903
vt 0.037384 0.113903
vt 0.210926 0.318943
vt 0.213588 0.318943
vt 0.111835 0.926836
vt 0.256858 0.273378
vt 0.289940 0.945466
vt 0.273938 0.108385
vt 0.883829 0.617851
vt 0.296536 0.108385
vt 0.323168 0.108354
vt 0.326927 0.105694
vt 0.186286 0.866083
vt 0.183624 0.866084
vt 0.178105 0.866083
vt 0.296536 0.091121
vt 0.296536 0.096639
vt 0.296536 0.099301
vt 0.018749 0.096670
vt 0.014990 0.099330
vt 0.884013 0.706903
vt 0.097233 0.524350
vt 0.097233 0.501384
vt 0.094571 0.524350
vt 0.094571 0.501384
vt 0.089053 0.524350
vt 0.089053 0.501384
vt 0.182441 0.159467
vt 0.159475 0.159467
vt 0.159475 0.153949
vt 0.182441 0.153949
vt 0.159475 0.151287
vt 0.182441 0.151287
vt 0.424147 0.524167
vt 0.424147 0.501201
vt 0.421485 0.524167
vt 0.421485 0.501201
vt 0.415967 0.524167
vt 0.415967 0.501201
vt 0.159475 0.136685
vt 0.182441 0.136685
vt 0.182441 0.142204
vt 0.159475 0.142204
vt 0.182441 0.144865
vt 0.159475 0.144865
vt 0.097233 0.569915
vt 0.097233 0.547132
vt 0.094571 0.569915
vt 0.094571 0.547132
vt 0.089053 0.569915
vt 0.089053 0.547132
vt 0.136693 0.159467
vt 0.113911 0.159467
vt 0.113911 0.153949
vt 0.136693 0.153949
vt 0.113911 0.151287
vt 0.136693 0.151287
vt 0.097233 0.661044
vt 0.094571 0.661044
vt 0.094571 0.638261
vt 0.089053 0.661044
vt 0.022782 0.159467
vt 0.022782 0.153949
vt 0.022782 0.151287
vt 0.602253 0.752724
vt 0.602253 0.729941
vt 0.599591 0.752724
vt 0.599591 0.729941
vt 0.594072 0.752724
vt 0.594072 0.729941
vt 0.136693 0.250596
vt 0.113911 0.250596
vt 0.113911 0.245078
vt 0.136693 0.245078
vt 0.113911 0.242416
vt 0.136693 0.242416
vt 0.952176 0.080873
vt 0.952176 0.083534
vt 0.952176 0.089053
vt 0.296536 0.250596
vt 0.296536 0.245078
vt 0.323168 0.245047
vt 0.296536 0.242416
vt 0.326927 0.242387
vt 0.602253 0.592697
vt 0.296536 0.233332
vt 0.296536 0.235994
vt 0.602253 0.707159
vt 0.602253 0.684193
vt 0.599591 0.707159
vt 0.599591 0.684193
vt 0.594072 0.707159
vt 0.594072 0.684193
vt 0.182441 0.250596
vt 0.159475 0.250596
vt 0.159475 0.245078
vt 0.182441 0.245078
vt 0.159475 0.242416
vt 0.182441 0.242416
vt 0.182441 0.233332
vt 0.159475 0.233332
vt 0.182441 0.235994
vt 0.159475 0.235994
vt 0.513200 0.864823
vt 0.510538 0.864824
vt 0.505020 0.864823
vt 0.296536 0.364507
vt 0.296536 0.370026
vt 0.296536 0.372687
vt 0.335094 0.546581
vt 0.332433 0.546581
vt 0.326914 0.546581
vt 0.182441 0.387290
vt 0.182441 0.381771
vt 0.182441 0.379109
vt 0.290124 0.853751
vt 0.290124 0.856413
vt 0.290124 0.861931
vt 0.182441 0.364507
vt 0.182441 0.370026
vt 0.182441 0.372687
vt 0.332433 0.409888
vt 0.011037 0.751797
vt 0.008180 0.751797
vt 0.005518 0.751797
vt 0.780358 0.661419
vt 0.780358 0.638637
vt 0.777696 0.661419
vt 0.777696 0.638637
vt 0.772178 0.661419
vt 0.772178 0.638637
vt 0.319135 0.341725
vt 0.319135 0.318943
vt 0.324653 0.318943
vt 0.324653 0.341725
vt 0.327315 0.318943
vt 0.327315 0.341725
vt 0.780358 0.706983
vt 0.780358 0.684201
vt 0.777696 0.706983
vt 0.777696 0.684201
vt 0.772178 0.706983
vt 0.772178 0.684201
vt 0.319135 0.296161
vt 0.319135 0.273378
vt 0.324653 0.273378
vt 0.324653 0.296161
vt 0.327315 0.273378
vt 0.327315 0.296161
vt 0.005518 0.683450
vt 0.005518 0.660668
vt 0.005518 0.637886
vt 0.005518 0.615104
vt 0.780358 0.547508
vt 0.780358 0.524726
vt 0.777696 0.547508
vt 0.777696 0.524726
vt 0.772178 0.547508
vt 0.772178 0.524726
vt 0.319135 0.205032
vt 0.319135 0.182250
vt 0.324653 0.182250
vt 0.324653 0.205032
vt 0.327315 0.182250
vt 0.327315 0.205032
vt 0.780358 0.593072
vt 0.780358 0.570290
vt 0.777696 0.593072
vt 0.777696 0.570290
vt 0.772178 0.593072
vt 0.772178 0.570290
vt 0.319135 0.159467
vt 0.319135 0.136685
vt 0.324653 0.136685
vt 0.324653 0.159467
vt 0.327315 0.136685
vt 0.327315 0.159467
vt 0.008180 0.546757
vt 0.008180 0.523975
vt 0.005518 0.546757
vt 0.005518 0.523975
vt 0.000000 0.546757
vt 0.000000 0.523975
vt 0.341733 0.136685
vt 0.341733 0.159467
vt 0.336215 0.159467
vt 0.336215 0.136685
vt 0.333553 0.159467
vt 0.333553 0.136685
vt 0.906795 0.169925
vt 0.884013 0.169925
vt 0.906795 0.172587
vt 0.884013 0.172587
vt 0.906795 0.178105
vt 0.884013 0.178105
vt 0.319135 0.068339
vt 0.319135 0.045556
vt 0.324653 0.045556
vt 0.324653 0.068339
vt 0.327315 0.045556
vt 0.327315 0.068339
vt 0.777696 0.638637
vt 0.324684 0.368541
vt 0.327315 0.341725
vt 0.327344 0.372299
vt 0.324684 0.095154
vt 0.327315 0.068339
vt 0.327344 0.098913
vt 0.327315 0.159467
vt 0.327315 0.182250
vt 0.005518 0.569539
vt 0.005518 0.546757
vt 0.327315 0.273378
vt 0.327315 0.296161
vt 0.327315 0.318943
vt 0.327315 0.136685
vt 0.008180 0.501192
vt 0.005518 0.523975
vt 0.005518 0.501192
vt 0.324684 0.231848
vt 0.327315 0.205032
vt 0.327344 0.235606
vt 0.327315 0.045556
vt 0.332433 0.455085
vt 0.332433 0.432487
vt 0.510538 0.864823
vt 0.296536 0.370026
vt 0.273938 0.370026
vt 0.296536 0.245078
vt 0.296536 0.242416
vt 0.094571 0.409888
vt 0.273938 0.144865
vt 0.186286 0.866083
vt 0.186286 0.843485
vt 0.183624 0.866083
vt 0.296536 0.096639
vt 0.273938 0.096639
vt 0.296536 0.099301
vt 0.273938 0.099301
vt 0.906795 0.528798
vt 0.884013 0.528798
vt 0.251339 0.370026
vt 0.224340 0.370057
vt 0.220581 0.372716
vt 0.228373 0.245078
vt 0.255373 0.245047
vt 0.228373 0.242416
vt 0.259131 0.242387
vt 0.094571 0.455452
vt 0.094571 0.432487
vt 0.228373 0.153949
vt 0.251339 0.096639
vt 0.438749 0.923649
vt 0.438749 0.926310
vt 0.233892 0.113903
vt 0.233923 0.140719
vt 0.236582 0.144477
vt 0.332433 0.546581
vt 0.332433 0.523615
vt 0.182441 0.381771
vt 0.290124 0.853751
vt 0.182441 0.370026
vt 0.209441 0.290611
vt 0.213200 0.287952
vt 0.599591 0.661227
vt 0.182441 0.245078
vt 0.205407 0.245078
vt 0.182441 0.242416
vt 0.205407 0.242416
vt 0.094571 0.501384
vt 0.094571 0.478418
vt 0.205407 0.153949
vt 0.421485 0.547132
vt 0.421485 0.524167
vt 0.205407 0.142204
vt 0.205407 0.144865
vt 0.182441 0.144865
vt 0.602253 0.729941
vt 0.136693 0.245078
vt 0.159475 0.245078
vt 0.136693 0.242416
vt 0.159475 0.242416
vt 0.094571 0.547132
vt 0.094571 0.524350
vt 0.421485 0.501201
vt 0.421485 0.478418
vt 0.159475 0.144865
vt 0.136693 0.144865
vt 0.113911 0.245078
vt 0.113911 0.242416
vt 0.094571 0.592697
vt 0.094571 0.569915
vt 0.113911 0.153949
vt 0.421485 0.455636
vt 0.421485 0.432854
vt 0.113911 0.142204
vt 0.113911 0.144865
vt 0.421485 0.410072
vt 0.041531 0.142234
vt 0.037772 0.144894
vt 0.094571 0.661044
vt 0.026816 0.108354
vt 0.030574 0.105694
vt 0.332433 0.729207
vt 0.319135 0.005518
vt 0.319135 0.008180
vt 0.332433 0.615479
vt 0.332433 0.592513
vt 0.205407 0.005518
vt 0.182441 0.005518
vt 0.205407 0.008180
vt 0.182441 0.008180
vt 0.296536 0.017256
vt 0.323168 0.017225
vt 0.296536 0.014594
vt 0.326927 0.014565
vt 0.332433 0.661411
vt 0.332433 0.638445
vt 0.251339 0.005518
vt 0.228373 0.005518
vt 0.251339 0.008180
vt 0.228373 0.008180
vt 0.182441 0.017256
vt 0.182441 0.014594
vt 0.183624 0.683458
vt 0.251339 0.017256
vt 0.273938 0.017256
vt 0.251339 0.014594
vt 0.273938 0.014594
vt 0.332433 0.706608
vt 0.332433 0.684010
vt 0.296536 0.005518
vt 0.273938 0.005518
vt 0.296536 0.008180
vt 0.273938 0.008180
vt 0.594072 0.804841
vt 0.594072 0.802179
vt 0.594072 0.796661
vt 0.683125 0.866635
vt 0.683125 0.861116
vt 0.683125 0.858454
vt 0.380659 0.842934
vt 0.377997 0.842934
vt 0.372479 0.842934
vt 0.929577 0.356211
vt 0.924059 0.356211
vt 0.921397 0.356211
vt 0.944179 0.445264
vt 0.946841 0.445264
vt 0.952359 0.445264
vt 0.505020 0.887422
vt 0.510538 0.887422
vt 0.513200 0.887422
vt 0.937757 0.445264
vt 0.935096 0.445264
vt 0.929577 0.445264
vt 0.312723 0.861931
vt 0.307204 0.861931
vt 0.304542 0.861931
vt 0.869411 0.623369
vt 0.866749 0.623369
vt 0.861230 0.623369
vt 0.246452 0.888682
vt 0.240934 0.888682
vt 0.238272 0.888682
vt 0.921397 0.089053
vt 0.924059 0.089053
vt 0.929577 0.089053
vt 0.267158 0.638261
vt 0.267158 0.643780
vt 0.267158 0.646441
vt 0.089053 0.763542
vt 0.089053 0.766399
vt 0.089053 0.769061
vt 0.089053 0.774579
vt 0.415967 0.387290
vt 0.415967 0.392808
vt 0.415967 0.395470
vt 0.861230 0.607674
vt 0.861230 0.610336
vt 0.861230 0.615855
vt 0.861231 0.534316
vt 0.866749 0.534316
vt 0.869411 0.534316
vt 0.960539 0.178105
vt 0.957878 0.178105
vt 0.952359 0.178105
vt 0.395445 0.842934
vt 0.389926 0.842934
vt 0.387264 0.842934
vt 0.861230 0.721585
vt 0.861230 0.724247
vt 0.861230 0.729766
vt 0.929577 0.000000
vt 0.935095 0.000000
vt 0.937757 0.000000
vt 0.178105 0.395470
vt 0.178105 0.392808
vt 0.178105 0.387290
vt 0.909055 0.909947
vt 0.903537 0.909947
vt 0.900875 0.909947
vt 0.966043 0.534316
vt 0.968705 0.534316
vt 0.974223 0.534316
vt 0.886273 0.909947
vt 0.891791 0.909947
vt 0.894453 0.909947
vt 0.683125 0.623476
vt 0.683125 0.620814
vt 0.683125 0.615295
vt 0.134617 0.843301
vt 0.129099 0.843301
vt 0.126437 0.843301
vt 0.869411 0.089053
vt 0.866749 0.089053
vt 0.861230 0.089053
vt 0.267158 0.888682
vt 0.267158 0.883164
vt 0.267158 0.880502
vt 0.861230 0.510124
vt 0.861230 0.507462
vt 0.861230 0.501944
vt 0.683125 0.609777
vt 0.683125 0.607115
vt 0.861230 0.624035
vt 0.861230 0.621373
vt 0.594072 0.887422
vt 0.594072 0.881904
vt 0.594072 0.879242
vt 0.898615 0.623369
vt 0.901277 0.623369
vt 0.906795 0.623369
vt 0.505020 0.387290
vt 0.505020 0.392808
vt 0.505020 0.395470
s 1
usemtl Grass2
f 688/1/1 850/2/1 1779/3/1 681/4/1
f 3/5/2 122/6/2 539/7/2 532/8/2
f 338/9/3 68/10/3 1750/11/3 1814/12/3
f 73/13/4 325/14/4 1713/15/4 1582/16/4
f 893/17/1 887/18/1 1771/19/1 1756/20/1
f 444/21/1 2576/22/1 1691/23/1 1596/24/1
f 104/25/3 100/26/3 2838/27/3 2846/28/3
f 352/29/3 157/30/3 769/31/3 1916/32/3
f 47/33/2 248/34/2 1251/35/2 1287/36/2
f 531/37/1 538/38/1 2487/39/1 2619/40/1
f 401/41/5 40/42/5 2625/43/5 2641/44/5
f 94/45/3 22/46/3 2091/47/3 2200/48/3
f 24/49/3 318/50/3 2764/51/3 1698/52/3
f 34/53/2 143/54/2 732/55/2 886/56/2
f 359/57/4 33/58/4 843/59/4 1981/60/4
f 71/61/5 26/62/5 680/63/5 1569/64/5
f 2633/65/1 1640/66/1 966/67/1 2676/68/1
f 303/69/2 79/70/2 1647/71/2 1654/72/2
f 205/73/2 192/74/2 2207/75/2 1016/76/2
f 268/77/3 346/78/3 2801/79/3 1487/80/3
f 100/26/3 430/81/3 2867/82/3 2838/27/3
f 1445/83/1 1374/84/1 1902/85/1 1982/86/1
f 85/87/3 30/88/3 1903/89/3 1953/90/3
f 1170/91/1 1244/92/1 2084/93/1 2120/94/1
f 310/95/4 78/96/4 1641/97/4 1605/98/4
f 1388/99/1 1380/100/1 1961/101/1 1909/102/1
f 9/103/2 8/104/2 597/105/2 604/106/2
f 233/107/2 44/108/2 1243/109/2 1169/110/2
f 45/111/3 402/112/3 2640/113/3 2281/114/3
f 212/115/4 388/116/4 2288/117/4 1054/118/4
f 99/119/3 311/120/3 1604/121/3 2618/122/3
f 44/108/2 241/123/2 1207/124/2 1243/109/2
f 674/125/1 667/126/1 2918/127/1 2859/128/1
f 324/129/3 24/49/3 1698/130/3 1714/131/3
f 653/132/1 660/133/1 1603/134/1 2539/135/1
f 394/136/3 227/137/3 2245/138/3 2326/139/3
f 198/140/2 213/141/2 1053/142/2 973/143/2
f 408/144/4 206/145/4 1018/146/4 2444/147/4
f 18/148/2 19/149/2 659/150/2 652/151/2
f 289/152/3 99/119/3 2618/122/3 2486/153/3
f 1596/24/1 1691/23/1 2480/154/1 1590/155/1
f 631/156/1 625/157/1 2911/158/1 2845/159/1
f 938/160/1 2362/161/1 1170/162/1 1141/163/1
f 83/164/4 73/13/4 1582/16/4 1764/165/4
f 23/166/3 91/167/3 2105/168/3 2097/169/3
f 387/170/3 45/111/3 2281/171/3 2289/172/3
f 646/173/1 610/174/1 2612/175/1 2530/176/1
f 603/177/1 596/178/1 2853/179/1 2903/180/1
f 22/46/3 92/181/3 2111/182/3 2091/183/3
f 98/184/3 77/185/3 2531/186/3 2611/187/3
f 74/188/5 75/189/5 1597/190/5 1589/191/5
f 296/192/4 185/193/4 2407/194/4 2370/195/4
f 93/196/3 17/197/3 2083/198/3 2156/199/3
f 1568/200/1 1575/201/1 1706/202/1 1562/203/1
f 12/204/3 93/196/3 2156/205/3 2076/206/3
f 92/181/3 12/204/3 2076/207/3 2111/208/3
f 282/209/2 276/210/2 1525/211/2 2727/212/2
f 60/213/2 262/214/2 1323/215/2 1359/216/2
f 102/217/3 103/218/3 2910/219/3 2904/220/3
f 142/221/5 136/222/5 696/223/5 733/224/5
f 415/225/3 76/226/3 2524/227/3 2538/228/3
f 17/197/3 374/229/3 2118/230/3 2083/231/3
f 84/232/3 69/233/3 1757/234/3 1770/235/3
f 105/236/3 106/237/3 2860/238/3 2917/239/3
f 37/240/5 304/241/5 1656/242/5 952/243/5
f 575/244/1 2063/245/1 1438/246/1 1316/247/1
f 103/218/3 104/25/3 2846/28/3 2910/219/3
f 1402/248/1 1394/249/1 1968/250/1 1867/251/1
f 86/252/3 31/253/3 1910/254/3 1960/255/3
f 1481/256/1 1474/257/1 2027/258/1 1858/259/1
f 191/260/4 43/261/4 1090/262/4 2208/263/4
f 1474/257/1 1360/264/1 768/265/1 2027/266/1
f 2626/267/1 974/268/1 2280/269/1 2639/270/1
f 1206/271/1 1099/272/1 2077/273/1 2155/274/1
f 1524/275/1 1583/276/1 1712/277/1 1699/278/1
f 72/279/4 82/280/4 1705/281/4 1576/282/4
f 850/283/1 893/17/1 1756/20/1 1779/284/1
f 731/285/1 842/286/1 1815/287/1 1749/288/1
f 29/289/2 34/53/2 886/290/2 894/291/2
f 806/292/1 900/293/1 1763/294/1 1488/295/1
f 1374/84/1 1366/296/1 1954/297/1 1902/85/1
f 62/298/2 56/299/2 1480/300/2 1381/301/2
f 1453/302/1 1445/83/1 1982/303/1 695/304/1
f 1380/100/1 1481/256/1 1858/259/1 1961/101/1
f 63/305/2 57/306/2 1452/307/2 1395/308/2
f 1360/264/1 1322/309/1 1917/310/1 768/311/1
f 14/312/2 13/313/2 624/314/2 632/315/2
f 596/316/1 674/317/1 2859/318/1 2853/319/1
f 1156/320/1 1148/321/1 2104/322/1 2070/323/1
f 51/324/2 46/325/2 1301/326/2 1163/327/2
f 1244/92/1 1206/328/1 2155/274/1 2084/93/1
f 1099/329/1 1162/330/1 2112/331/1 2077/273/1
f 1162/330/1 1302/332/1 2090/333/1 2112/331/1
f 974/334/1 1055/335/1 2287/336/1 2280/269/1
f 41/337/4 95/338/4 2361/339/4 1010/340/4
f 80/341/4 96/342/4 2479/343/4 1692/344/4
f 2676/345/1 966/346/1 974/347/1 2626/348/1
f 21/349/2 20/350/2 666/351/2 673/352/2
f 15/353/2 16/354/2 645/355/2 639/356/2
f 10/357/2 11/358/2 618/359/2 611/360/2
f 660/133/1 531/37/1 2619/40/1 1603/361/1
f 1590/155/1 2480/154/1 1009/362/1 944/363/1
f 50/364/2 47/33/2 1287/365/2 1149/366/2
f 4/367/5 5/368/5 583/369/5 576/370/5
f 53/371/5 54/372/5 1315/373/5 1309/374/5
f 681/4/1 1779/375/1 1575/201/1 1568/200/1
f 451/376/1 638/377/1 2576/378/1 444/21/1
f 27/379/5 53/371/5 1309/380/5 687/381/5
f 54/372/5 4/367/5 576/382/5 1315/383/5
f 944/363/1 1009/362/1 2362/161/1 938/160/1
f 36/384/5 74/188/5 1589/385/5 945/386/5
f 695/387/1 1982/388/1 842/286/1 731/389/1
f 5/368/5 48/390/5 1134/391/5 583/392/5
f 524/393/1 489/394/1 2839/395/1 2866/396/1
f 16/354/2 10/357/2 611/397/2 645/355/2
f 951/398/1 2442/399/1 1017/400/1 959/401/1
f 78/96/4 39/402/4 965/403/4 1641/97/4
f 1288/404/1 1250/405/1 2163/406/1 2098/407/1
f 638/377/1 646/173/1 2530/176/1 2576/408/1
f 64/409/4 88/410/4 1974/411/4 1439/412/4
f 38/413/5 37/240/5 952/243/5 958/414/5
f 11/358/2 18/148/2 652/151/2 618/415/2
f 887/18/1 731/416/1 1749/417/1 1771/19/1
f 2027/418/1 768/419/1 806/420/1 2720/421/1
f 1394/249/1 1453/302/1 695/422/1 1968/250/1
f 19/149/2 3/5/2 532/8/2 659/150/2
f 46/325/2 52/423/2 1295/424/2 1301/425/2
f 58/426/2 61/427/2 1367/428/2 1373/429/2
f 35/430/5 36/384/5 945/431/5 937/432/5
f 1488/295/1 1763/294/1 1583/276/1 1524/275/1
f 1655/433/1 1648/434/1 2442/435/1 951/398/1
f 42/436/2 50/364/2 1149/437/2 1155/438/2
f 55/439/2 66/440/2 1460/441/2 1466/442/2
f 1302/332/1 1294/443/1 2199/444/1 2090/333/1
f 59/445/2 62/298/2 1381/301/2 1387/446/2
f 2324/447/1 1091/448/1 1099/449/1 1206/328/1
f 2720/421/1 806/450/1 1488/451/1 2803/452/1
f 70/453/5 71/61/5 1569/454/5 1561/455/5
f 2728/456/1 1524/457/1 1699/278/1 2766/458/1
f 489/459/1 631/460/1 2845/461/1 2839/462/1
f 667/463/1 2683/464/1 2925/465/1 2918/466/1
f 26/62/5 27/379/5 687/467/5 680/468/5
f 67/469/2 60/213/2 1359/216/2 1473/470/2
f 2/471/5 70/453/5 1561/472/5 525/473/5
f 8/104/2 21/349/2 673/352/2 597/105/2
f 13/313/2 9/103/2 604/106/2 624/314/2
f 610/174/1 617/474/1 2523/475/1 2612/175/1
f 1562/203/1 1706/202/1 489/476/1 524/393/1
f 2539/477/1 1603/478/1 1640/479/1 2633/480/1
f 7/481/4 90/482/4 2062/483/4 590/484/4
f 170/485/2 29/289/2 894/291/2 849/486/2
f 77/185/3 423/487/3 2574/488/3 2531/186/3
f 49/489/5 35/430/5 937/490/5 1142/491/5
f 135/492/3 87/493/3 1967/494/3 694/495/3
f 184/496/3 409/497/3 2443/498/3 2405/499/3
f 97/500/5 81/501/5 2632/502/5 2677/503/5
f 156/504/4 164/505/4 807/506/4 770/507/4
f 366/508/3 28/509/3 1859/510/3 2026/511/3
f 76/226/3 98/184/3 2611/512/3 2524/227/3
f 959/401/1 1017/400/1 2324/513/1 2244/514/1
f 81/501/5 416/515/5 2537/516/5 2632/517/5
f 582/518/1 589/519/1 2063/245/1 575/244/1
f 61/427/2 55/439/2 1466/442/2 1367/428/2
f 128/520/4 437/521/4 2926/522/4 2685/523/4
f 25/524/3 85/87/3 1953/525/3 1852/526/3
f 317/527/5 283/528/5 2729/529/5 2765/530/5
f 1648/434/1 2368/531/1 2406/532/1 2442/435/1
f 40/42/5 97/500/5 2677/533/5 2625/534/5
f 345/535/5 32/536/5 2721/537/5 2802/538/5
f 275/539/5 269/540/5 1489/541/5 1526/542/5
f 1294/443/1 1156/320/1 2070/323/1 2199/444/1
f 82/280/4 115/543/4 487/544/4 1705/281/4
f 68/10/3 84/232/3 1770/545/3 1750/11/3
f 1366/296/1 1467/546/1 1851/547/1 1954/297/1
f 88/410/4 171/548/4 851/549/4 1974/411/4
f 39/402/4 199/550/4 972/551/4 965/552/4
f 69/233/3 332/553/3 1777/554/3 1757/234/3
f 95/338/4 234/555/4 1171/556/4 2361/557/4
f 89/558/3 25/524/3 1852/559/3 2018/560/3
f 101/561/3 102/217/3 2904/220/3 2852/562/3
f 87/493/3 150/563/3 1865/564/3 1967/494/3
f 226/565/5 38/413/5 958/414/5 2243/566/5
f 91/167/3 6/567/3 2069/568/3 2105/569/3
f 436/570/3 105/236/3 2917/239/3 2924/571/3
f 331/572/4 72/279/4 1576/282/4 1778/573/4
f 1308/574/1 1975/575/1 850/576/1 688/1/1
f 79/70/2 297/577/2 2369/578/2 1647/71/2
f 163/579/2 178/580/2 901/581/2 805/582/2
f 31/253/3 89/558/3 2018/583/3 1910/584/3
f 1141/163/1 1170/91/1 2120/94/1 1135/585/1
f 30/88/3 360/586/3 1983/587/3 1903/588/3
f 373/589/4 7/481/4 590/484/4 2119/590/4
f 219/591/2 51/324/2 1163/592/2 1098/593/2
f 52/423/2 42/436/2 1155/594/2 1295/595/2
f 43/261/4 220/596/4 1097/597/4 1090/598/4
f 422/599/4 80/341/4 1692/344/4 2575/600/4
f 28/509/3 86/252/3 1960/601/3 1859/602/3
f 247/603/4 381/604/4 2164/605/4 1252/606/4
f 32/536/5 367/607/5 2025/608/5 2721/537/5
f 96/342/4 41/337/4 1010/340/4 2479/609/4
f 1135/585/1 2120/610/1 589/519/1 582/518/1
f 48/390/5 49/489/5 1142/611/5 1134/612/5
f 1316/247/1 1438/246/1 1975/575/1 1308/574/1
f 90/482/4 64/409/4 1439/412/4 2062/483/4
f 114/613/2 14/312/2 632/614/2 488/615/2
f 429/616/5 2/471/5 525/617/5 2868/618/5
f 33/58/4 339/619/4 1816/620/4 843/621/4
f 57/306/2 65/622/2 1446/623/2 1452/307/2
f 240/624/5 395/625/5 2325/626/5 1208/627/5
f 1017/628/1 2206/629/1 1091/448/1 2324/513/1
f 177/630/4 83/164/4 1764/631/4 902/632/4
f 75/189/5 1/633/5 443/634/5 1597/635/5
f 380/636/3 23/166/3 2097/637/3 2162/638/3
f 65/622/2 58/426/2 1373/429/2 1446/623/2
f 121/639/4 290/640/4 2488/641/4 540/642/4
f 254/643/2 63/305/2 1395/308/2 1401/644/2
f 66/440/2 59/445/2 1387/446/2 1460/441/2
f 107/645/2 15/353/2 639/356/2 450/646/2
f 1148/321/1 1288/404/1 2098/407/1 2104/322/1
f 617/474/1 653/132/1 2539/647/1 2523/475/1
f 6/567/3 94/45/3 2200/648/3 2069/649/3
f 1459/650/1 1388/99/1 1909/102/1 2019/651/1
f 625/652/1 603/653/1 2903/654/1 2911/655/1
f 106/237/3 101/561/3 2852/656/3 2860/238/3
f 261/657/4 353/658/4 1918/659/4 1324/660/4
f 1467/546/1 1459/650/1 2019/651/1 1851/547/1
f 149/661/5 255/662/5 1403/663/5 1866/664/5
f 56/299/2 67/469/2 1473/470/2 1480/300/2
f 20/350/2 129/665/2 2684/666/2 666/351/2
f 450/646/6 453/667/7 457/668/8 456/669/9
f 453/667/7 454/670/10 458/671/11 457/668/8
f 454/670/10 455/672/12 459/673/13 458/671/11
f 456/669/9 457/668/8 461/674/14 460/675/15
f 457/668/8 458/671/11 462/676/16 461/674/14
f 458/671/11 459/673/13 463/677/17 462/676/16
f 460/675/15 461/674/14 482/678/18 478/679/19
f 461/674/14 462/676/16 486/680/20 482/678/18
f 462/676/16 463/677/17 464/681/21 486/680/20
f 451/376/22 465/682/23 469/683/24 468/684/25
f 465/682/23 466/685/26 470/686/27 469/683/24
f 466/685/26 467/687/28 471/688/29 470/686/27
f 468/684/25 469/683/24 473/689/30 472/690/31
f 469/683/24 470/686/27 474/691/32 473/689/30
f 470/686/27 471/688/29 475/692/33 474/691/32
f 472/690/31 473/689/30 459/693/13 455/694/12
f 473/689/30 474/691/32 463/695/17 459/693/13
f 474/691/32 475/692/33 464/696/21 463/695/17
f 452/697/34 476/698/35 480/699/36 479/700/37
f 476/698/35 477/701/38 481/702/39 480/699/36
f 477/701/38 478/703/19 482/704/18 481/702/39
f 479/700/37 480/699/36 484/705/40 483/706/41
f 480/699/36 481/702/39 485/707/42 484/705/40
f 481/702/39 482/704/18 486/708/20 485/707/42
f 483/706/41 484/705/40 471/709/29 467/710/28
f 484/705/40 485/707/42 475/711/33 471/709/29
f 485/707/42 486/708/20 464/712/21 475/711/33
f 487/544/43 490/713/44 494/714/45 493/715/46
f 490/713/44 491/716/47 495/717/48 494/714/45
f 491/716/47 492/718/49 496/719/50 495/717/48
f 493/715/46 494/714/45 498/720/51 497/721/52
f 494/714/45 495/717/48 499/722/53 498/720/51
f 495/717/48 496/719/50 500/723/54 499/722/53
f 497/721/52 498/720/51 519/724/55 515/724/56
f 498/720/51 499/722/53 523/724/57 519/724/55
f 499/722/53 500/723/54 501/725/58 523/724/57
f 488/615/59 502/726/60 506/727/61 505/728/62
f 502/726/60 503/729/63 507/730/64 506/727/61
f 503/729/63 504/731/65 508/732/66 507/730/64
f 505/728/62 506/727/61 510/733/67 509/734/68
f 506/727/61 507/730/64 511/735/69 510/733/67
f 507/730/64 508/732/66 512/736/70 511/735/69
f 509/734/68 510/733/67 496/737/50 492/738/49
f 510/733/67 511/735/69 500/739/54 496/737/50
f 511/735/69 512/736/70 501/731/58 500/739/54
f 489/476/71 513/740/72 517/741/73 516/742/74
f 513/740/72 514/743/75 518/744/76 517/741/73
f 514/743/75 515/745/56 519/746/55 518/744/76
f 516/742/74 517/741/73 521/747/77 520/748/78
f 517/741/73 518/744/76 522/749/79 521/747/77
f 518/744/76 519/746/55 523/746/57 522/749/79
f 520/748/78 521/747/77 508/750/66 504/746/65
f 521/747/77 522/749/79 512/751/70 508/750/66
f 522/749/79 523/746/57 501/745/58 512/751/70
f 538/38/80 541/752/81 545/753/82 544/754/83
f 541/752/81 542/755/84 546/756/85 545/753/82
f 542/755/84 543/757/86 547/758/87 546/756/85
f 544/754/83 545/753/82 549/759/88 548/760/89
f 545/753/82 546/756/85 550/761/90 549/759/88
f 546/756/85 547/758/87 551/762/91 550/761/90
f 548/760/89 549/759/88 570/763/92 566/764/93
f 549/759/88 550/761/90 574/765/94 570/763/92
f 550/761/90 551/762/91 552/766/95 574/765/94
f 539/7/96 553/767/97 557/768/98 556/769/99
f 553/767/97 554/770/100 558/771/101 557/768/98
f 554/770/100 555/772/102 559/773/103 558/771/101
f 556/769/99 557/768/98 561/774/104 560/775/105
f 557/768/98 558/771/101 562/776/106 561/774/104
f 558/771/101 559/773/103 563/777/107 562/776/106
f 560/775/105 561/774/104 547/778/87 543/779/86
f 561/774/104 562/776/106 551/780/91 547/778/87
f 562/776/106 563/777/107 552/781/95 551/780/91
f 540/642/108 564/782/109 568/783/110 567/784/111
f 564/782/109 565/785/112 569/786/113 568/783/110
f 565/785/112 566/787/93 570/788/92 569/786/113
f 567/784/111 568/783/110 572/789/114 571/790/115
f 568/783/110 569/786/113 573/791/116 572/789/114
f 569/786/113 570/788/92 574/792/94 573/791/116
f 571/790/115 572/789/114 559/793/103 555/794/102
f 572/789/114 573/791/116 563/795/107 559/793/103
f 573/791/116 574/792/94 552/796/95 563/795/107
f 694/495/117 697/797/118 701/798/119 700/799/120
f 697/797/118 698/800/121 702/801/122 701/798/119
f 698/800/121 699/802/123 703/803/124 702/801/122
f 700/799/120 701/798/119 705/804/125 704/805/126
f 701/798/119 702/801/122 706/806/127 705/804/125
f 702/801/122 703/803/124 707/807/128 706/806/127
f 704/805/126 705/804/125 726/808/129 722/809/130
f 705/804/125 706/806/127 730/810/131 726/808/129
f 706/806/127 707/807/128 708/802/132 730/810/131
f 695/387/133 709/811/134 713/812/135 712/813/136
f 709/811/134 710/814/137 714/815/138 713/812/135
f 710/814/137 711/816/139 715/816/140 714/815/138
f 712/813/136 713/812/135 717/817/141 716/818/142
f 713/812/135 714/815/138 718/819/143 717/817/141
f 714/815/138 715/816/140 719/816/144 718/819/143
f 716/818/142 717/817/141 703/820/124 699/816/123
f 717/817/141 718/819/143 707/821/128 703/820/124
f 718/819/143 719/816/144 708/816/132 707/821/128
f 696/223/145 720/822/146 724/823/147 723/824/148
f 720/822/146 721/825/149 725/826/150 724/823/147
f 721/825/149 722/827/130 726/828/129 725/826/150
f 723/824/148 724/823/147 728/829/151 727/830/152
f 724/823/147 725/826/150 729/831/153 728/829/151
f 725/826/150 726/828/129 730/832/131 729/831/153
f 727/830/152 728/829/151 715/833/140 711/833/139
f 728/829/151 729/831/153 719/833/144 715/833/140
f 729/831/153 730/832/131 708/834/132 719/833/144
f 731/416/154 734/835/155 738/836/156 737/837/157
f 734/835/155 735/838/158 739/839/159 738/836/156
f 735/838/158 736/840/160 740/840/161 739/839/159
f 737/837/157 738/836/156 742/841/162 741/842/163
f 738/836/156 739/839/159 743/843/164 742/841/162
f 739/839/159 740/840/161 744/840/165 743/843/164
f 741/842/163 742/841/162 763/844/166 759/840/167
f 742/841/162 743/843/164 767/845/168 763/844/166
f 743/843/164 744/840/165 745/840/169 767/845/168
f 732/55/170 746/846/171 750/847/172 749/848/173
f 746/846/171 747/849/174 751/850/175 750/847/172
f 747/849/174 748/851/176 752/852/177 751/850/175
f 749/848/173 750/847/172 754/853/178 753/854/179
f 750/847/172 751/850/175 755/855/180 754/853/178
f 751/850/175 752/852/177 756/856/181 755/855/180
f 753/854/179 754/853/178 740/857/161 736/857/160
f 754/853/178 755/855/180 744/857/165 740/857/161
f 755/855/180 756/856/181 745/858/169 744/857/165
f 733/224/182 757/859/183 761/860/184 760/861/185
f 757/859/183 758/862/186 762/863/187 761/860/184
f 758/862/186 759/864/167 763/865/166 762/863/187
f 760/861/185 761/860/184 765/866/188 764/867/189
f 761/860/184 762/863/187 766/868/190 765/866/188
f 762/863/187 763/865/166 767/869/168 766/868/190
f 764/867/189 765/866/188 752/870/177 748/871/176
f 765/866/188 766/868/190 756/872/181 752/870/177
f 766/868/190 767/869/168 745/864/169 756/872/181
f 768/311/191 771/873/192 775/874/193 774/875/194
f 771/873/192 772/876/195 776/877/196 775/874/193
f 772/876/195 773/878/197 777/878/198 776/877/196
f 774/875/194 775/874/193 779/879/199 778/880/200
f 775/874/193 776/877/196 780/881/201 779/879/199
f 776/877/196 777/878/198 781/878/202 780/881/201
f 778/880/200 779/879/199 800/882/203 796/878/204
f 779/879/199 780/881/201 804/883/205 800/882/203
f 780/881/201 781/878/202 782/878/206 804/883/205
f 769/31/207 783/884/208 787/885/209 786/886/210
f 783/884/208 784/887/211 788/888/212 787/885/209
f 784/887/211 785/889/213 789/890/214 788/888/212
f 786/886/210 787/885/209 791/891/215 790/892/216
f 787/885/209 788/888/212 792/893/217 791/891/215
f 788/888/212 789/890/214 793/894/218 792/893/217
f 790/892/216 791/891/215 777/895/198 773/895/197
f 791/891/215 792/893/217 781/895/202 777/895/198
f 792/893/217 793/894/218 782/896/206 781/895/202
f 770/507/219 794/897/220 798/898/221 797/899/222
f 794/897/220 795/900/223 799/901/224 798/898/221
f 795/900/223 796/902/204 800/903/203 799/901/224
f 797/899/222 798/898/221 802/904/225 801/905/226
f 798/898/221 799/901/224 803/906/227 802/904/225
f 799/901/224 800/903/203 804/907/205 803/906/227
f 801/905/226 802/904/225 789/908/214 785/909/213
f 802/904/225 803/906/227 793/910/218 789/908/214
f 803/906/227 804/907/205 782/902/206 793/910/218
f 805/582/228 808/911/229 812/912/61 811/913/62
f 808/911/229 809/914/230 813/915/64 812/912/61
f 809/914/230 810/916/231 814/917/66 813/915/64
f 811/913/62 812/912/61 816/918/67 815/919/68
f 812/912/61 813/915/64 817/920/69 816/918/67
f 813/915/64 814/917/66 818/921/232 817/920/69
f 815/919/68 816/918/67 837/922/50 833/923/49
f 816/918/67 817/920/69 841/924/54 837/922/50
f 817/920/69 818/921/232 819/916/58 841/924/54
f 806/420/233 820/925/234 824/926/73 823/927/235
f 820/925/234 821/928/236 825/929/76 824/926/73
f 821/928/236 822/930/237 826/930/55 825/929/76
f 823/927/235 824/926/73 828/931/77 827/932/238
f 824/926/73 825/929/76 829/933/79 828/931/77
f 825/929/76 826/930/55 830/930/57 829/933/79
f 827/932/238 828/931/77 814/934/66 810/930/231
f 828/931/77 829/933/79 818/935/232 814/934/66
f 829/933/79 830/930/57 819/930/58 818/935/232
f 807/506/239 831/936/44 835/937/45 834/938/240
f 831/936/44 832/939/47 836/940/48 835/937/45
f 832/939/47 833/941/49 837/942/50 836/940/48
f 834/938/240 835/937/45 839/943/51 838/944/241
f 835/937/45 836/940/48 840/945/53 839/943/51
f 836/940/48 837/942/50 841/946/54 840/945/53
f 838/944/241 839/943/51 826/947/55 822/947/237
f 839/943/51 840/945/53 830/947/57 826/947/55
f 840/945/53 841/946/54 819/948/58 830/947/57
f 849/486/59 852/949/60 856/950/61 855/951/62
f 852/949/60 853/952/63 857/953/64 856/950/61
f 853/952/63 854/954/65 858/955/66 857/953/64
f 855/951/62 856/950/61 860/956/67 859/957/68
f 856/950/61 857/953/64 861/958/69 860/956/67
f 857/953/64 858/955/66 862/959/232 861/958/69
f 859/957/68 860/956/67 881/960/50 877/961/49
f 860/956/67 861/958/69 885/962/54 881/960/50
f 861/958/69 862/959/232 863/954/58 885/962/54
f 850/576/71 864/963/72 868/964/73 867/965/74
f 864/963/72 865/966/75 869/967/76 868/964/73
f 865/966/75 866/968/56 870/969/55 869/967/76
f 867/965/74 868/964/73 872/970/77 871/971/242
f 868/964/73 869/967/76 873/972/79 872/970/77
f 869/967/76 870/969/55 874/969/57 873/972/79
f 871/971/242 872/970/77 858/973/66 854/969/65
f 872/970/77 873/972/79 862/974/232 858/973/66
f 873/972/79 874/969/57 863/969/58 862/974/232
f 851/549/43 875/975/44 879/976/45 878/977/243
f 875/975/44 876/978/47 880/979/48 879/976/45
f 876/978/47 877/980/49 881/981/50 880/979/48
f 878/977/243 879/976/45 883/982/51 882/983/244
f 879/976/45 880/979/48 884/984/53 883/982/51
f 880/979/48 881/981/50 885/985/54 884/984/53
f 882/983/244 883/982/51 870/986/55 866/986/56
f 883/982/51 884/984/53 874/986/57 870/986/55
f 884/984/53 885/985/54 863/987/58 874/986/57
f 900/293/245 903/988/246 907/989/82 906/990/247
f 903/988/246 904/991/248 908/992/85 907/989/82
f 904/991/248 905/993/249 909/994/87 908/992/85
f 906/990/247 907/989/82 911/995/88 910/996/89
f 907/989/82 908/992/85 912/997/90 911/995/88
f 908/992/85 909/994/87 913/998/91 912/997/90
f 910/996/89 911/995/88 932/999/92 928/1000/93
f 911/995/88 912/997/90 936/1001/94 932/999/92
f 912/997/90 913/998/91 914/1002/250 936/1001/94
f 901/581/251 915/1003/97 919/1004/98 918/1005/252
f 915/1003/97 916/1006/100 920/1007/101 919/1004/98
f 916/1006/100 917/1008/102 921/1009/103 920/1007/101
f 918/1005/252 919/1004/98 923/1010/104 922/1011/253
f 919/1004/98 920/1007/101 924/1012/106 923/1010/104
f 920/1007/101 921/1009/103 925/1013/107 924/1012/106
f 922/1011/253 923/1010/104 909/1014/87 905/1015/249
f 923/1010/104 924/1012/106 913/1016/91 909/1014/87
f 924/1012/106 925/1013/107 914/1017/250 913/1016/91
f 902/632/108 926/1018/109 930/1019/110 929/1020/111
f 926/1018/109 927/1021/112 931/1022/113 930/1019/110
f 927/1021/112 928/1023/93 932/1024/92 931/1022/113
f 929/1020/111 930/1019/110 934/1025/114 933/1026/115
f 930/1019/110 931/1022/113 935/1027/116 934/1025/114
f 931/1022/113 932/1024/92 936/1028/94 935/1027/116
f 933/1026/115 934/1025/114 921/1029/103 917/1030/102
f 934/1025/114 935/1027/116 925/1031/107 921/1029/103
f 935/1027/116 936/1028/94 914/1032/250 925/1031/107
f 972/551/43 975/1033/44 979/1034/45 978/1035/46
f 975/1033/44 976/1036/47 980/1037/48 979/1034/45
f 976/1036/47 977/1038/49 981/1039/50 980/1037/48
f 978/1035/46 979/1034/45 983/1040/51 982/1041/244
f 979/1034/45 980/1037/48 984/1042/53 983/1040/51
f 980/1037/48 981/1039/50 985/1043/54 984/1042/53
f 982/1041/244 983/1040/51 1004/1044/55 1000/1044/56
f 983/1040/51 984/1042/53 1008/1044/57 1004/1044/55
f 984/1042/53 985/1043/54 986/1045/58 1008/1044/57
f 973/143/254 987/1046/255 991/1047/61 990/1048/62
f 987/1046/255 988/1049/256 992/1050/64 991/1047/61
f 988/1049/256 989/1051/231 993/1052/66 992/1050/64
f 990/1048/62 991/1047/61 995/1053/67 994/1054/68
f 991/1047/61 992/1050/64 996/1055/69 995/1053/67
f 992/1050/64 993/1052/66 997/1056/232 996/1055/69
f 994/1054/68 995/1053/67 981/1057/50 977/1058/49
f 995/1053/67 996/1055/69 985/1059/54 981/1057/50
f 996/1055/69 997/1056/232 986/1051/58 985/1059/54
f 974/347/257 998/1060/72 1002/1061/73 1001/1062/235
f 998/1060/72 999/1063/75 1003/1064/76 1002/1061/73
f 999/1063/75 1000/1065/56 1004/1065/55 1003/1064/76
f 1001/1062/235 1002/1061/73 1006/1066/77 1005/1067/258
f 1002/1061/73 1003/1064/76 1007/1068/79 1006/1066/77
f 1003/1064/76 1004/1065/55 1008/1065/57 1007/1068/79
f 1005/1067/258 1006/1066/77 993/1069/66 989/1065/231
f 1006/1066/77 1007/1068/79 997/1070/232 993/1069/66
f 1007/1068/79 1008/1065/57 986/1065/58 997/1070/232
f 1016/76/259 1019/1071/260 1023/1072/61 1022/1073/62
f 1019/1071/260 1020/1074/230 1024/1075/64 1023/1072/61
f 1020/1074/230 1021/1076/231 1025/1077/66 1024/1075/64
f 1022/1073/62 1023/1072/61 1027/1078/67 1026/1079/68
f 1023/1072/61 1024/1075/64 1028/1080/69 1027/1078/67
f 1024/1075/64 1025/1077/66 1029/1081/70 1028/1080/69
f 1026/1079/68 1027/1078/67 1048/1082/50 1044/1083/49
f 1027/1078/67 1028/1080/69 1052/1084/54 1048/1082/50
f 1028/1080/69 1029/1081/70 1030/1076/58 1052/1084/54
f 1017/400/261 1031/1085/234 1035/1086/73 1034/1087/235
f 1031/1085/234 1032/1088/236 1036/1089/76 1035/1086/73
f 1032/1088/236 1033/1090/237 1037/1090/55 1036/1089/76
f 1034/1087/235 1035/1086/73 1039/1091/77 1038/1092/238
f 1035/1086/73 1036/1089/76 1040/1093/79 1039/1091/77
f 1036/1089/76 1037/1090/55 1041/1090/57 1040/1093/79
f 1038/1092/238 1039/1091/77 1025/1094/66 1021/1090/231
f 1039/1091/77 1040/1093/79 1029/1095/70 1025/1094/66
f 1040/1093/79 1041/1090/57 1030/1090/58 1029/1095/70
f 1018/146/239 1042/1096/44 1046/1097/45 1045/1098/262
f 1042/1096/44 1043/1099/47 1047/1100/48 1046/1097/45
f 1043/1099/47 1044/1101/49 1048/1102/50 1047/1100/48
f 1045/1098/262 1046/1097/45 1050/1103/51 1049/1104/241
f 1046/1097/45 1047/1100/48 1051/1105/53 1050/1103/51
f 1047/1100/48 1048/1102/50 1052/1106/54 1051/1105/53
f 1049/1104/241 1050/1103/51 1037/1107/55 1033/1107/237
f 1050/1103/51 1051/1105/53 1041/1107/57 1037/1107/55
f 1051/1105/53 1052/1106/54 1030/1108/58 1041/1107/57
f 1053/142/263 1056/1109/97 1060/1110/98 1059/1111/264
f 1056/1109/97 1057/1112/100 1061/1113/101 1060/1110/98
f 1057/1112/100 1058/1114/102 1062/1115/103 1061/1113/101
f 1059/1111/264 1060/1110/98 1064/1116/104 1063/1117/265
f 1060/1110/98 1061/1113/101 1065/1118/106 1064/1116/104
f 1061/1113/101 1062/1115/103 1066/1119/107 1065/1118/106
f 1063/1117/265 1064/1116/104 1085/1120/87 1081/1121/249
f 1064/1116/104 1065/1118/106 1089/1122/91 1085/1120/87
f 1065/1118/106 1066/1119/107 1067/1123/266 1089/1122/91
f 1054/118/108 1068/1124/109 1072/1125/110 1071/1126/111
f 1068/1124/109 1069/1127/112 1073/1128/113 1072/1125/110
f 1069/1127/112 1070/1129/93 1074/1130/92 1073/1128/113
f 1071/1126/111 1072/1125/110 1076/1131/114 1075/1132/115
f 1072/1125/110 1073/1128/113 1077/1133/116 1076/1131/114
f 1073/1128/113 1074/1130/92 1078/1134/94 1077/1133/116
f 1075/1132/115 1076/1131/114 1062/1135/103 1058/1136/102
f 1076/1131/114 1077/1133/116 1066/1137/107 1062/1135/103
f 1077/1133/116 1078/1134/94 1067/1138/266 1066/1137/107
f 1055/335/245 1079/1139/246 1083/1140/82 1082/1141/83
f 1079/1139/246 1080/1142/248 1084/1143/85 1083/1140/82
f 1080/1142/248 1081/1144/249 1085/1145/87 1084/1143/85
f 1082/1141/83 1083/1140/82 1087/1146/88 1086/1147/89
f 1083/1140/82 1084/1143/85 1088/1148/90 1087/1146/88
f 1084/1143/85 1085/1145/87 1089/1149/91 1088/1148/90
f 1086/1147/89 1087/1146/88 1074/1150/92 1070/1151/93
f 1087/1146/88 1088/1148/90 1078/1152/94 1074/1150/92
f 1088/1148/90 1089/1149/91 1067/1153/266 1078/1152/94
f 1097/597/43 1100/1154/44 1104/1155/45 1103/1156/46
f 1100/1154/44 1101/1157/47 1105/1158/48 1104/1155/45
f 1101/1157/47 1102/1159/49 1106/1160/50 1105/1158/48
f 1103/1156/46 1104/1155/45 1108/1161/51 1107/1162/52
f 1104/1155/45 1105/1158/48 1109/1163/53 1108/1161/51
f 1105/1158/48 1106/1160/50 1110/1164/54 1109/1163/53
f 1107/1162/52 1108/1161/51 1129/1165/55 1125/1165/56
f 1108/1161/51 1109/1163/53 1133/1165/57 1129/1165/55
f 1109/1163/53 1110/1164/54 1111/1166/58 1133/1165/57
f 1098/593/267 1112/1167/268 1116/1168/61 1115/1169/62
f 1112/1167/268 1113/1170/63 1117/1171/64 1116/1168/61
f 1113/1170/63 1114/1172/269 1118/1173/66 1117/1171/64
f 1115/1169/62 1116/1168/61 1120/1174/67 1119/1175/68
f 1116/1168/61 1117/1171/64 1121/1176/69 1120/1174/67
f 1117/1171/64 1118/1173/66 1122/1177/232 1121/1176/69
f 1119/1175/68 1120/1174/67 1106/1178/50 1102/1179/49
f 1120/1174/67 1121/1176/69 1110/1180/54 1106/1178/50
f 1121/1176/69 1122/1177/232 1111/1172/58 1110/1180/54
f 1099/449/71 1123/1181/72 1127/1182/73 1126/1183/74
f 1123/1181/72 1124/1184/75 1128/1185/76 1127/1182/73
f 1124/1184/75 1125/1186/56 1129/1186/55 1128/1185/76
f 1126/1183/74 1127/1182/73 1131/1187/77 1130/1188/242
f 1127/1182/73 1128/1185/76 1132/1189/79 1131/1187/77
f 1128/1185/76 1129/1186/55 1133/1186/57 1132/1189/79
f 1130/1188/242 1131/1187/77 1118/1190/66 1114/1186/269
f 1131/1187/77 1132/1189/79 1122/1191/232 1118/1190/66
f 1132/1189/79 1133/1186/57 1111/1186/58 1122/1191/232
f 1169/110/59 1172/1192/60 1176/1193/61 1175/1194/62
f 1172/1192/60 1173/1195/63 1177/1196/64 1176/1193/61
f 1173/1195/63 1174/1197/65 1178/1198/66 1177/1196/64
f 1175/1194/62 1176/1193/61 1180/1199/67 1179/1200/68
f 1176/1193/61 1177/1196/64 1181/1201/69 1180/1199/67
f 1177/1196/64 1178/1198/66 1182/1202/70 1181/1201/69
f 1179/1200/68 1180/1199/67 1201/1203/50 1197/1204/49
f 1180/1199/67 1181/1201/69 1205/1205/54 1201/1203/50
f 1181/1201/69 1182/1202/70 1183/1197/58 1205/1205/54
f 1170/162/71 1184/1206/72 1188/1207/73 1187/1208/74
f 1184/1206/72 1185/1209/75 1189/1210/76 1188/1207/73
f 1185/1209/75 1186/1211/56 1190/1211/55 1189/1210/76
f 1187/1208/74 1188/1207/73 1192/1212/77 1191/1213/242
f 1188/1207/73 1189/1210/76 1193/1214/79 1192/1212/77
f 1189/1210/76 1190/1211/55 1194/1211/57 1193/1214/79
f 1191/1213/242 1192/1212/77 1178/1215/66 1174/1211/65
f 1192/1212/77 1193/1214/79 1182/1216/70 1178/1215/66
f 1193/1214/79 1194/1211/57 1183/1211/58 1182/1216/70
f 1171/556/43 1195/1217/44 1199/1218/45 1198/1219/243
f 1195/1217/44 1196/1220/47 1200/1221/48 1199/1218/45
f 1196/1220/47 1197/1222/49 1201/1223/50 1200/1221/48
f 1198/1219/243 1199/1218/45 1203/1224/51 1202/1225/244
f 1199/1218/45 1200/1221/48 1204/1226/53 1203/1224/51
f 1200/1221/48 1201/1223/50 1205/1227/54 1204/1226/53
f 1202/1225/244 1203/1224/51 1190/1228/55 1186/1228/56
f 1203/1224/51 1204/1226/53 1194/1228/57 1190/1228/55
f 1204/1226/53 1205/1227/54 1183/1229/58 1194/1228/57
f 1206/328/154 1209/1230/155 1213/1231/156 1212/1232/157
f 1209/1230/155 1210/1233/158 1214/1234/159 1213/1231/156
f 1210/1233/158 1211/1235/160 1215/1235/161 1214/1234/159
f 1212/1232/157 1213/1231/156 1217/1236/162 1216/1237/163
f 1213/1231/156 1214/1234/159 1218/1238/164 1217/1236/162
f 1214/1234/159 1215/1235/161 1219/1235/165 1218/1238/164
f 1216/1237/163 1217/1236/162 1238/1239/166 1234/1235/167
f 1217/1236/162 1218/1238/164 1242/1240/168 1238/1239/166
f 1218/1238/164 1219/1235/165 1220/1241/169 1242/1240/168
f 1207/124/170 1221/1242/171 1225/1243/172 1224/1244/173
f 1221/1242/171 1222/1245/174 1226/1246/175 1225/1243/172
f 1222/1245/174 1223/1247/176 1227/1248/177 1226/1246/175
f 1224/1244/173 1225/1243/172 1229/1249/178 1228/1250/179
f 1225/1243/172 1226/1246/175 1230/1251/180 1229/1249/178
f 1226/1246/175 1227/1248/177 1231/1252/181 1230/1251/180
f 1228/1250/179 1229/1249/178 1215/1253/161 1211/1253/160
f 1229/1249/178 1230/1251/180 1219/1253/165 1215/1253/161
f 1230/1251/180 1231/1252/181 1220/1254/169 1219/1253/165
f 1208/627/182 1232/1255/183 1236/1256/184 1235/1257/185
f 1232/1255/183 1233/1258/186 1237/1259/187 1236/1256/184
f 1233/1258/186 1234/1260/167 1238/1261/166 1237/1259/187
f 1235/1257/185 1236/1256/184 1240/1262/188 1239/1263/189
f 1236/1256/184 1237/1259/187 1241/1264/190 1240/1262/188
f 1237/1259/187 1238/1261/166 1242/1265/168 1241/1264/190
f 1239/1263/189 1240/1262/188 1227/1266/177 1223/1267/176
f 1240/1262/188 1241/1264/190 1231/1268/181 1227/1266/177
f 1241/1264/190 1242/1265/168 1220/1260/169 1231/1268/181
f 1250/405/80 1253/1269/81 1257/1270/82 1256/1271/83
f 1253/1269/81 1254/1272/84 1258/1273/85 1257/1270/82
f 1254/1272/84 1255/1274/86 1259/1275/87 1258/1273/85
f 1256/1271/83 1257/1270/82 1261/1276/88 1260/1277/89
f 1257/1270/82 1258/1273/85 1262/1278/90 1261/1276/88
f 1258/1273/85 1259/1275/87 1263/1279/91 1262/1278/90
f 1260/1277/89 1261/1276/88 1282/1280/92 1278/1281/93
f 1261/1276/88 1262/1278/90 1286/1282/94 1282/1280/92
f 1262/1278/90 1263/1279/91 1264/1283/250 1286/1282/94
f 1251/35/96 1265/1284/97 1269/1285/98 1268/1286/99
f 1265/1284/97 1266/1287/100 1270/1288/101 1269/1285/98
f 1266/1287/100 1267/1289/102 1271/1290/103 1270/1288/101
f 1268/1286/99 1269/1285/98 1273/1291/104 1272/1292/105
f 1269/1285/98 1270/1288/101 1274/1293/106 1273/1291/104
f 1270/1288/101 1271/1290/103 1275/1294/107 1274/1293/106
f 1272/1292/105 1273/1291/104 1259/1295/87 1255/1296/86
f 1273/1291/104 1274/1293/106 1263/1297/91 1259/1295/87
f 1274/1293/106 1275/1294/107 1264/1298/250 1263/1297/91
f 1252/606/108 1276/1299/109 1280/1300/110 1279/1301/111
f 1276/1299/109 1277/1302/112 1281/1303/113 1280/1300/110
f 1277/1302/112 1278/1304/93 1282/1305/92 1281/1303/113
f 1279/1301/111 1280/1300/110 1284/1306/114 1283/1307/115
f 1280/1300/110 1281/1303/113 1285/1308/116 1284/1306/114
f 1281/1303/113 1282/1305/92 1286/1309/94 1285/1308/116
f 1283/1307/115 1284/1306/114 1271/1310/103 1267/1311/102
f 1284/1306/114 1285/1308/116 1275/1312/107 1271/1310/103
f 1285/1308/116 1286/1309/94 1264/1313/250 1275/1312/107
f 1322/309/80 1325/1314/81 1329/1315/82 1328/1316/83
f 1325/1314/81 1326/1317/84 1330/1318/85 1329/1315/82
f 1326/1317/84 1327/1319/86 1331/1320/87 1330/1318/85
f 1328/1316/83 1329/1315/82 1333/1321/88 1332/1322/89
f 1329/1315/82 1330/1318/85 1334/1323/90 1333/1321/88
f 1330/1318/85 1331/1320/87 1335/1324/91 1334/1323/90
f 1332/1322/89 1333/1321/88 1354/1325/92 1350/1326/93
f 1333/1321/88 1334/1323/90 1358/1327/94 1354/1325/92
f 1334/1323/90 1335/1324/91 1336/1328/270 1358/1327/94
f 1323/215/96 1337/1329/97 1341/1330/98 1340/1331/99
f 1337/1329/97 1338/1332/100 1342/1333/101 1341/1330/98
f 1338/1332/100 1339/1334/102 1343/1335/103 1342/1333/101
f 1340/1331/99 1341/1330/98 1345/1336/104 1344/1337/105
f 1341/1330/98 1342/1333/101 1346/1338/106 1345/1336/104
f 1342/1333/101 1343/1335/103 1347/1339/107 1346/1338/106
f 1344/1337/105 1345/1336/104 1331/1340/87 1327/1341/86
f 1345/1336/104 1346/1338/106 1335/1342/91 1331/1340/87
f 1346/1338/106 1347/1339/107 1336/1343/270 1335/1342/91
f 1324/660/108 1348/1344/109 1352/1345/110 1351/1346/111
f 1348/1344/109 1349/1347/112 1353/1348/113 1352/1345/110
f 1349/1347/112 1350/1349/93 1354/1350/92 1353/1348/113
f 1351/1346/111 1352/1345/110 1356/1351/114 1355/1352/115
f 1352/1345/110 1353/1348/113 1357/1353/116 1356/1351/114
f 1353/1348/113 1354/1350/92 1358/1354/94 1357/1353/116
f 1355/1352/115 1356/1351/114 1343/1355/103 1339/1356/102
f 1356/1351/114 1357/1353/116 1347/1357/107 1343/1355/103
f 1357/1353/116 1358/1354/94 1336/1358/270 1347/1357/107
f 1401/644/6 1404/1359/7 1408/1360/8 1407/1361/9
f 1404/1359/7 1405/1362/10 1409/1363/11 1408/1360/8
f 1405/1362/10 1406/1364/12 1410/1365/13 1409/1363/11
f 1407/1361/9 1408/1360/8 1412/1366/14 1411/1367/15
f 1408/1360/8 1409/1363/11 1413/1368/16 1412/1366/14
f 1409/1363/11 1410/1365/13 1414/1369/17 1413/1368/16
f 1411/1367/15 1412/1366/14 1433/1370/18 1429/1371/19
f 1412/1366/14 1413/1368/16 1437/1372/20 1433/1370/18
f 1413/1368/16 1414/1369/17 1415/1373/271 1437/1372/20
f 1402/248/22 1416/1374/23 1420/1375/24 1419/1376/25
f 1416/1374/23 1417/1377/26 1421/1378/27 1420/1375/24
f 1417/1377/26 1418/1379/28 1422/1380/29 1421/1378/27
f 1419/1376/25 1420/1375/24 1424/1381/30 1423/1382/31
f 1420/1375/24 1421/1378/27 1425/1383/32 1424/1381/30
f 1421/1378/27 1422/1380/29 1426/1384/33 1425/1383/32
f 1423/1382/31 1424/1381/30 1410/1385/13 1406/1386/12
f 1424/1381/30 1425/1383/32 1414/1387/17 1410/1385/13
f 1425/1383/32 1426/1384/33 1415/1388/271 1414/1387/17
f 1403/663/34 1427/1389/35 1431/1390/36 1430/1391/272
f 1427/1389/35 1428/1392/38 1432/1393/39 1431/1390/36
f 1428/1392/38 1429/1394/19 1433/1395/18 1432/1393/39
f 1430/1391/272 1431/1390/36 1435/1396/40 1434/1397/41
f 1431/1390/36 1432/1393/39 1436/1398/42 1435/1396/40
f 1432/1393/39 1433/1395/18 1437/1399/20 1436/1398/42
f 1434/1397/41 1435/1396/40 1422/1400/29 1418/1401/28
f 1435/1396/40 1436/1398/42 1426/1402/33 1422/1400/29
f 1436/1398/42 1437/1399/20 1415/1403/271 1426/1402/33
f 1487/80/273 1490/1404/274 1494/1405/119 1493/1406/120
f 1490/1404/274 1491/1407/275 1495/1408/122 1494/1405/119
f 1491/1407/275 1492/1409/276 1496/1410/124 1495/1408/122
f 1493/1406/120 1494/1405/119 1498/1411/125 1497/1412/126
f 1494/1405/119 1495/1408/122 1499/1413/127 1498/1411/125
f 1495/1408/122 1496/1410/124 1500/1414/277 1499/1413/127
f 1497/1412/126 1498/1411/125 1519/1415/129 1515/1416/130
f 1498/1411/125 1499/1413/127 1523/1417/131 1519/1415/129
f 1499/1413/127 1500/1414/277 1501/1409/132 1523/1417/131
f 1488/295/278 1502/1418/134 1506/1419/135 1505/1420/279
f 1502/1418/134 1503/1421/137 1507/1422/138 1506/1419/135
f 1503/1421/137 1504/1423/139 1508/1423/140 1507/1422/138
f 1505/1420/279 1506/1419/135 1510/1424/141 1509/1425/280
f 1506/1419/135 1507/1422/138 1511/1426/143 1510/1424/141
f 1507/1422/138 1508/1423/140 1512/1423/144 1511/1426/143
f 1509/1425/280 1510/1424/141 1496/1427/124 1492/1423/276
f 1510/1424/141 1511/1426/143 1500/1428/277 1496/1427/124
f 1511/1426/143 1512/1423/144 1501/1423/132 1500/1428/277
f 1489/541/145 1513/1429/146 1517/1430/147 1516/1431/281
f 1513/1429/146 1514/1432/149 1518/1433/150 1517/1430/147
f 1514/1432/149 1515/1434/130 1519/1435/129 1518/1433/150
f 1516/1431/281 1517/1430/147 1521/1436/151 1520/1437/152
f 1517/1430/147 1518/1433/150 1522/1438/153 1521/1436/151
f 1518/1433/150 1519/1435/129 1523/1439/131 1522/1438/153
f 1520/1437/152 1521/1436/151 1508/1440/140 1504/1440/139
f 1521/1436/151 1522/1438/153 1512/1440/144 1508/1440/140
f 1522/1438/153 1523/1439/131 1501/1441/132 1512/1440/144
f 1524/457/282 1527/1442/283 1531/1443/156 1530/1444/157
f 1527/1442/283 1528/1445/284 1532/1446/159 1531/1443/156
f 1528/1445/284 1529/1447/285 1533/1448/161 1532/1446/159
f 1530/1444/157 1531/1443/156 1535/1449/162 1534/1450/163
f 1531/1443/156 1532/1446/159 1536/1451/164 1535/1449/162
f 1532/1446/159 1533/1448/161 1537/1448/165 1536/1451/164
f 1534/1450/163 1535/1449/162 1556/1452/166 1552/1448/167
f 1535/1449/162 1536/1451/164 1560/1453/168 1556/1452/166
f 1536/1451/164 1537/1448/165 1538/1448/169 1560/1453/168
f 1525/211/286 1539/1454/171 1543/1455/172 1542/1456/287
f 1539/1454/171 1540/1457/174 1544/1458/175 1543/1455/172
f 1540/1457/174 1541/1459/176 1545/1460/177 1544/1458/175
f 1542/1456/287 1543/1455/172 1547/1461/178 1546/1462/288
f 1543/1455/172 1544/1458/175 1548/1463/180 1547/1461/178
f 1544/1458/175 1545/1460/177 1549/1464/181 1548/1463/180
f 1546/1462/288 1547/1461/178 1533/1465/161 1529/1465/285
f 1547/1461/178 1548/1463/180 1537/1465/165 1533/1465/161
f 1548/1463/180 1549/1464/181 1538/1466/169 1537/1465/165
f 1526/542/182 1550/1467/183 1554/1468/184 1553/1469/185
f 1550/1467/183 1551/1470/186 1555/1471/187 1554/1468/184
f 1551/1470/186 1552/1472/167 1556/1473/166 1555/1471/187
f 1553/1469/185 1554/1468/184 1558/1474/188 1557/1475/189
f 1554/1468/184 1555/1471/187 1559/1476/190 1558/1474/188
f 1555/1471/187 1556/1473/166 1560/1477/168 1559/1476/190
f 1557/1475/189 1558/1474/188 1545/1478/177 1541/1479/176
f 1558/1474/188 1559/1476/190 1549/1480/181 1545/1478/177
f 1559/1476/190 1560/1477/168 1538/1472/169 1549/1480/181
f 1603/361/289 1606/1481/290 1610/1482/193 1609/1483/291
f 1606/1481/290 1607/1484/292 1611/1485/196 1610/1482/193
f 1607/1484/292 1608/1486/293 1612/1486/198 1611/1485/196
f 1609/1483/291 1610/1482/193 1614/1487/199 1613/1488/294
f 1610/1482/193 1611/1485/196 1615/1489/201 1614/1487/199
f 1611/1485/196 1612/1486/198 1616/1486/202 1615/1489/201
f 1613/1488/294 1614/1487/199 1635/1490/203 1631/1486/295
f 1614/1487/199 1615/1489/201 1639/1491/205 1635/1490/203
f 1615/1489/201 1616/1486/202 1617/1486/206 1639/1491/205
f 1604/121/296 1618/1492/208 1622/1493/209 1621/1494/297
f 1618/1492/208 1619/1495/211 1623/1496/212 1622/1493/209
f 1619/1495/211 1620/1497/213 1624/1498/214 1623/1496/212
f 1621/1494/297 1622/1493/209 1626/1499/215 1625/1500/298
f 1622/1493/209 1623/1496/212 1627/1501/217 1626/1499/215
f 1623/1496/212 1624/1498/214 1628/1502/218 1627/1501/217
f 1625/1500/298 1626/1499/215 1612/1503/198 1608/1503/293
f 1626/1499/215 1627/1501/217 1616/1503/202 1612/1503/198
f 1627/1501/217 1628/1502/218 1617/1504/206 1616/1503/202
f 1605/98/299 1629/1505/300 1633/1506/221 1632/1507/222
f 1629/1505/300 1630/1508/301 1634/1509/224 1633/1506/221
f 1630/1508/301 1631/1510/295 1635/1511/203 1634/1509/224
f 1632/1507/222 1633/1506/221 1637/1512/225 1636/1513/226
f 1633/1506/221 1634/1509/224 1638/1514/227 1637/1512/225
f 1634/1509/224 1635/1511/203 1639/1515/205 1638/1514/227
f 1636/1513/226 1637/1512/225 1624/1516/214 1620/1517/213
f 1637/1512/225 1638/1514/227 1628/1518/218 1624/1516/214
f 1638/1514/227 1639/1515/205 1617/1510/206 1628/1518/218
f 1654/72/6 1657/1519/7 1661/1520/8 1660/1521/9
f 1657/1519/7 1658/1522/10 1662/1523/11 1661/1520/8
f 1658/1522/10 1659/1524/12 1663/1525/13 1662/1523/11
f 1660/1521/9 1661/1520/8 1665/1526/14 1664/1527/15
f 1661/1520/8 1662/1523/11 1666/1528/16 1665/1526/14
f 1662/1523/11 1663/1525/13 1667/1529/17 1666/1528/16
f 1664/1527/15 1665/1526/14 1686/1530/18 1682/1531/19
f 1665/1526/14 1666/1528/16 1690/1532/20 1686/1530/18
f 1666/1528/16 1667/1529/17 1668/1533/302 1690/1532/20
f 1655/433/22 1669/1534/23 1673/1535/24 1672/1536/25
f 1669/1534/23 1670/1537/26 1674/1538/27 1673/1535/24
f 1670/1537/26 1671/1539/28 1675/1540/29 1674/1538/27
f 1672/1536/25 1673/1535/24 1677/1541/30 1676/1542/31
f 1673/1535/24 1674/1538/27 1678/1543/32 1677/1541/30
f 1674/1538/27 1675/1540/29 1679/1544/33 1678/1543/32
f 1676/1542/31 1677/1541/30 1663/1545/13 1659/1546/12
f 1677/1541/30 1678/1543/32 1667/1547/17 1663/1545/13
f 1678/1543/32 1679/1544/33 1668/1548/302 1667/1547/17
f 1656/242/34 1680/1549/35 1684/1550/36 1683/1551/272
f 1680/1549/35 1681/1552/38 1685/1553/39 1684/1550/36
f 1681/1552/38 1682/1554/19 1686/1555/18 1685/1553/39
f 1683/1551/272 1684/1550/36 1688/1556/40 1687/1557/41
f 1684/1550/36 1685/1553/39 1689/1558/42 1688/1556/40
f 1685/1553/39 1686/1555/18 1690/1559/20 1689/1558/42
f 1687/1557/41 1688/1556/40 1675/1560/29 1671/1561/28
f 1688/1556/40 1689/1558/42 1679/1562/33 1675/1560/29
f 1689/1558/42 1690/1559/20 1668/1563/302 1679/1562/33
f 1712/277/303 1715/1564/304 1719/1565/305 1718/1566/306
f 1715/1564/304 1716/1567/307 1720/1568/308 1719/1565/305
f 1716/1567/307 1717/1569/309 1721/1570/310 1720/1568/308
f 1718/1566/306 1719/1565/305 1723/1571/311 1722/1572/312
f 1719/1565/305 1720/1568/308 1724/1573/313 1723/1571/311
f 1720/1568/308 1721/1570/310 1725/1574/314 1724/1573/313
f 1722/1572/312 1723/1571/311 1744/1575/315 1740/1576/316
f 1723/1571/311 1724/1573/313 1748/1577/317 1744/1575/315
f 1724/1573/313 1725/1574/314 1726/1578/318 1748/1577/317
f 1713/15/319 1727/1579/320 1731/1580/321 1730/1581/322
f 1727/1579/320 1728/1582/323 1732/1583/324 1731/1580/321
f 1728/1582/323 1729/1584/325 1733/1585/326 1732/1583/324
f 1730/1581/322 1731/1580/321 1735/1586/327 1734/1587/328
f 1731/1580/321 1732/1583/324 1736/1588/329 1735/1586/327
f 1732/1583/324 1733/1585/326 1737/1589/330 1736/1588/329
f 1734/1587/328 1735/1586/327 1721/1590/310 1717/1591/309
f 1735/1586/327 1736/1588/329 1725/1592/314 1721/1590/310
f 1736/1588/329 1737/1589/330 1726/1593/318 1725/1592/314
f 1714/131/331 1738/1594/332 1742/1595/333 1741/1596/334
f 1738/1594/332 1739/1597/335 1743/1598/336 1742/1595/333
f 1739/1597/335 1740/1599/316 1744/1600/315 1743/1598/336
f 1741/1596/334 1742/1595/333 1746/1601/337 1745/1602/338
f 1742/1595/333 1743/1598/336 1747/1603/339 1746/1601/337
f 1743/1598/336 1744/1600/315 1748/1604/317 1747/1603/339
f 1745/1602/338 1746/1601/337 1733/1605/326 1729/1606/325
f 1746/1601/337 1747/1603/339 1737/1607/330 1733/1605/326
f 1747/1603/339 1748/1604/317 1726/1608/318 1737/1607/330
f 1777/554/296 1780/1609/208 1784/1610/209 1783/1611/340
f 1780/1609/208 1781/1612/211 1785/1613/212 1784/1610/209
f 1781/1612/211 1782/1614/213 1786/1615/214 1785/1613/212
f 1783/1611/340 1784/1610/209 1788/1616/215 1787/1617/341
f 1784/1610/209 1785/1613/212 1789/1618/217 1788/1616/215
f 1785/1613/212 1786/1615/214 1790/1619/218 1789/1618/217
f 1787/1617/341 1788/1616/215 1809/1620/198 1805/1620/293
f 1788/1616/215 1789/1618/217 1813/1620/202 1809/1620/198
f 1789/1618/217 1790/1619/218 1791/1621/206 1813/1620/202
f 1778/573/299 1792/1622/300 1796/1623/221 1795/1624/222
f 1792/1622/300 1793/1625/301 1797/1626/224 1796/1623/221
f 1793/1625/301 1794/1627/342 1798/1628/203 1797/1626/224
f 1795/1624/222 1796/1623/221 1800/1629/225 1799/1630/226
f 1796/1623/221 1797/1626/224 1801/1631/227 1800/1629/225
f 1797/1626/224 1798/1628/203 1802/1632/343 1801/1631/227
f 1799/1630/226 1800/1629/225 1786/1633/214 1782/1634/213
f 1800/1629/225 1801/1631/227 1790/1635/218 1786/1633/214
f 1801/1631/227 1802/1632/343 1791/1627/206 1790/1635/218
f 1779/284/289 1803/1636/290 1807/1637/193 1806/1638/344
f 1803/1636/290 1804/1639/292 1808/1640/196 1807/1637/193
f 1804/1639/292 1805/1641/293 1809/1641/198 1808/1640/196
f 1806/1638/344 1807/1637/193 1811/1642/199 1810/1643/294
f 1807/1637/193 1808/1640/196 1812/1644/201 1811/1642/199
f 1808/1640/196 1809/1641/198 1813/1641/202 1812/1644/201
f 1810/1643/294 1811/1642/199 1798/1645/203 1794/1641/342
f 1811/1642/199 1812/1644/201 1802/1646/343 1798/1645/203
f 1812/1644/201 1813/1641/202 1791/1641/206 1802/1646/343
f 1814/12/331 1817/1647/332 1821/1648/333 1820/1649/334
f 1817/1647/332 1818/1650/335 1822/1651/336 1821/1648/333
f 1818/1650/335 1819/1652/316 1823/1653/315 1822/1651/336
f 1820/1649/334 1821/1648/333 1825/1654/337 1824/1655/338
f 1821/1648/333 1822/1651/336 1826/1656/339 1825/1654/337
f 1822/1651/336 1823/1653/315 1827/1657/317 1826/1656/339
f 1824/1655/338 1825/1654/337 1846/1658/326 1842/1659/325
f 1825/1654/337 1826/1656/339 1850/1660/330 1846/1658/326
f 1826/1656/339 1827/1657/317 1828/1661/345 1850/1660/330
f 1815/287/303 1829/1662/304 1833/1663/305 1832/1664/306
f 1829/1662/304 1830/1665/307 1834/1666/308 1833/1663/305
f 1830/1665/307 1831/1667/309 1835/1668/310 1834/1666/308
f 1832/1664/306 1833/1663/305 1837/1669/311 1836/1670/312
f 1833/1663/305 1834/1666/308 1838/1671/313 1837/1669/311
f 1834/1666/308 1835/1668/310 1839/1672/314 1838/1671/313
f 1836/1670/312 1837/1669/311 1823/1673/315 1819/1674/316
f 1837/1669/311 1838/1671/313 1827/1675/317 1823/1673/315
f 1838/1671/313 1839/1672/314 1828/1676/345 1827/1675/317
f 1816/620/319 1840/1677/320 1844/1678/321 1843/1679/322
f 1840/1677/320 1841/1680/323 1845/1681/324 1844/1678/321
f 1841/1680/323 1842/1682/325 1846/1683/326 1845/1681/324
f 1843/1679/322 1844/1678/321 1848/1684/327 1847/1685/328
f 1844/1678/321 1845/1681/324 1849/1686/329 1848/1684/327
f 1845/1681/324 1846/1683/326 1850/1687/330 1849/1686/329
f 1847/1685/328 1848/1684/327 1835/1688/310 1831/1689/309
f 1848/1684/327 1849/1686/329 1839/1690/314 1835/1688/310
f 1849/1686/329 1850/1687/330 1828/1691/345 1839/1690/314
f 1865/564/346 1868/1692/347 1872/1693/348 1871/1694/349
f 1868/1692/347 1869/1695/350 1873/1696/351 1872/1693/348
f 1869/1695/350 1870/1697/352 1874/1698/353 1873/1696/351
f 1871/1694/349 1872/1693/348 1876/1699/354 1875/1700/355
f 1872/1693/348 1873/1696/351 1877/1701/356 1876/1699/354
f 1873/1696/351 1874/1698/353 1878/1702/357 1877/1701/356
f 1875/1700/355 1876/1699/354 1897/1703/358 1893/1704/359
f 1876/1699/354 1877/1701/356 1901/1705/360 1897/1703/358
f 1877/1701/356 1878/1702/357 1879/1706/361 1901/1705/360
f 1866/664/362 1880/1707/363 1884/1708/364 1883/1709/365
f 1880/1707/363 1881/1710/366 1885/1711/367 1884/1708/364
f 1881/1710/366 1882/1712/368 1886/1713/369 1885/1711/367
f 1883/1709/365 1884/1708/364 1888/1714/370 1887/1715/371
f 1884/1708/364 1885/1711/367 1889/1716/372 1888/1714/370
f 1885/1711/367 1886/1713/369 1890/1717/373 1889/1716/372
f 1887/1715/371 1888/1714/370 1874/1718/353 1870/1719/352
f 1888/1714/370 1889/1716/372 1878/1720/357 1874/1718/353
f 1889/1716/372 1890/1717/373 1879/1721/361 1878/1720/357
f 1867/251/374 1891/1722/375 1895/1723/376 1894/1724/377
f 1891/1722/375 1892/1725/378 1896/1726/379 1895/1723/376
f 1892/1725/378 1893/1727/359 1897/1728/358 1896/1726/379
f 1894/1724/377 1895/1723/376 1899/1729/380 1898/1730/381
f 1895/1723/376 1896/1726/379 1900/1731/382 1899/1729/380
f 1896/1726/379 1897/1728/358 1901/1732/360 1900/1731/382
f 1898/1730/381 1899/1729/380 1886/1733/369 1882/1734/368
f 1899/1729/380 1900/1731/382 1890/1735/373 1886/1733/369
f 1900/1731/382 1901/1732/360 1879/1736/361 1890/1735/373
f 1916/32/383 1919/1737/384 1923/1738/333 1922/1739/334
f 1919/1737/384 1920/1740/385 1924/1741/336 1923/1738/333
f 1920/1740/385 1921/1742/386 1925/1743/315 1924/1741/336
f 1922/1739/334 1923/1738/333 1927/1744/337 1926/1745/338
f 1923/1738/333 1924/1741/336 1928/1746/339 1927/1744/337
f 1924/1741/336 1925/1743/315 1929/1747/317 1928/1746/339
f 1926/1745/338 1927/1744/337 1948/1748/326 1944/1749/325
f 1927/1744/337 1928/1746/339 1952/1750/330 1948/1748/326
f 1928/1746/339 1929/1747/317 1930/1751/387 1952/1750/330
f 1917/310/388 1931/1752/304 1935/1753/305 1934/1754/389
f 1931/1752/304 1932/1755/307 1936/1756/308 1935/1753/305
f 1932/1755/307 1933/1757/309 1937/1758/310 1936/1756/308
f 1934/1754/389 1935/1753/305 1939/1759/311 1938/1760/390
f 1935/1753/305 1936/1756/308 1940/1761/313 1939/1759/311
f 1936/1756/308 1937/1758/310 1941/1762/314 1940/1761/313
f 1938/1760/390 1939/1759/311 1925/1763/315 1921/1764/386
f 1939/1759/311 1940/1761/313 1929/1765/317 1925/1763/315
f 1940/1761/313 1941/1762/314 1930/1766/387 1929/1765/317
f 1918/659/319 1942/1767/320 1946/1768/321 1945/1769/322
f 1942/1767/320 1943/1770/323 1947/1771/324 1946/1768/321
f 1943/1770/323 1944/1772/325 1948/1773/326 1947/1771/324
f 1945/1769/322 1946/1768/321 1950/1774/327 1949/1775/328
f 1946/1768/321 1947/1771/324 1951/1776/329 1950/1774/327
f 1947/1771/324 1948/1773/326 1952/1777/330 1951/1776/329
f 1949/1775/328 1950/1774/327 1937/1778/310 1933/1779/309
f 1950/1774/327 1951/1776/329 1941/1780/314 1937/1778/310
f 1951/1776/329 1952/1777/330 1930/1781/387 1941/1780/314
f 1981/60/299 1984/1782/300 1988/1783/221 1987/1784/222
f 1984/1782/300 1985/1785/301 1989/1786/224 1988/1783/221
f 1985/1785/301 1986/1787/342 1990/1788/203 1989/1786/224
f 1987/1784/222 1988/1783/221 1992/1789/225 1991/1790/226
f 1988/1783/221 1989/1786/224 1993/1791/227 1992/1789/225
f 1989/1786/224 1990/1788/203 1994/1792/343 1993/1791/227
f 1991/1790/226 1992/1789/225 2013/1793/214 2009/1794/213
f 1992/1789/225 1993/1791/227 2017/1795/218 2013/1793/214
f 1993/1791/227 1994/1792/343 1995/1787/206 2017/1795/218
f 1982/86/289 1996/1796/290 2000/1797/193 1999/1798/344
f 1996/1796/290 1997/1799/292 2001/1800/196 2000/1797/193
f 1997/1799/292 1998/1801/293 2002/1801/198 2001/1800/196
f 1999/1798/344 2000/1797/193 2004/1802/199 2003/1803/294
f 2000/1797/193 2001/1800/196 2005/1804/201 2004/1802/199
f 2001/1800/196 2002/1801/198 2006/1801/202 2005/1804/201
f 2003/1803/294 2004/1802/199 1990/1805/203 1986/1801/342
f 2004/1802/199 2005/1804/201 1994/1806/343 1990/1805/203
f 2005/1804/201 2006/1801/202 1995/1801/206 1994/1806/343
f 1983/587/296 2007/1807/208 2011/1808/209 2010/1809/297
f 2007/1807/208 2008/1810/211 2012/1811/212 2011/1808/209
f 2008/1810/211 2009/1812/213 2013/1813/214 2012/1811/212
f 2010/1809/297 2011/1808/209 2015/1814/215 2014/1815/298
f 2011/1808/209 2012/1811/212 2016/1816/217 2015/1814/215
f 2012/1811/212 2013/1813/214 2017/1817/218 2016/1816/217
f 2014/1815/298 2015/1814/215 2002/1818/198 1998/1818/293
f 2015/1814/215 2016/1816/217 2006/1818/202 2002/1818/198
f 2016/1816/217 2017/1817/218 1995/1819/206 2006/1818/202
f 2025/608/391 2028/1820/146 2032/1821/147 2031/1822/392
f 2028/1820/146 2029/1823/149 2033/1824/150 2032/1821/147
f 2029/1823/149 2030/1825/130 2034/1826/129 2033/1824/150
f 2031/1822/392 2032/1821/147 2036/1827/151 2035/1828/393
f 2032/1821/147 2033/1824/150 2037/1829/153 2036/1827/151
f 2033/1824/150 2034/1826/129 2038/1830/131 2037/1829/153
f 2035/1828/393 2036/1827/151 2057/1831/140 2053/1831/394
f 2036/1827/151 2037/1829/153 2061/1831/144 2057/1831/140
f 2037/1829/153 2038/1830/131 2039/1832/132 2061/1831/144
f 2026/511/395 2040/1833/118 2044/1834/119 2043/1835/120
f 2040/1833/118 2041/1836/121 2045/1837/122 2044/1834/119
f 2041/1836/121 2042/1838/396 2046/1839/124 2045/1837/122
f 2043/1835/120 2044/1834/119 2048/1840/125 2047/1841/126
f 2044/1834/119 2045/1837/122 2049/1842/127 2048/1840/125
f 2045/1837/122 2046/1839/124 2050/1843/277 2049/1842/127
f 2047/1841/126 2048/1840/125 2034/1844/129 2030/1845/130
f 2048/1840/125 2049/1842/127 2038/1846/131 2034/1844/129
f 2049/1842/127 2050/1843/277 2039/1838/132 2038/1846/131
f 2027/418/397 2051/1847/398 2055/1848/135 2054/1849/136
f 2051/1847/398 2052/1850/399 2056/1851/138 2055/1848/135
f 2052/1850/399 2053/1852/394 2057/1852/140 2056/1851/138
f 2054/1849/136 2055/1848/135 2059/1853/141 2058/1854/400
f 2055/1848/135 2056/1851/138 2060/1855/143 2059/1853/141
f 2056/1851/138 2057/1852/140 2061/1852/144 2060/1855/143
f 2058/1854/400 2059/1853/141 2046/1856/124 2042/1852/396
f 2059/1853/141 2060/1855/143 2050/1857/277 2046/1856/124
f 2060/1855/143 2061/1852/144 2039/1858/132 2050/1857/277
f 2118/230/296 2121/1859/208 2125/1860/209 2124/1861/340
f 2121/1859/208 2122/1862/211 2126/1863/212 2125/1860/209
f 2122/1862/211 2123/1864/213 2127/1178/214 2126/1863/212
f 2124/1861/340 2125/1860/209 2129/1865/215 2128/1866/341
f 2125/1860/209 2126/1863/212 2130/1867/217 2129/1865/215
f 2126/1863/212 2127/1178/214 2131/1180/218 2130/1867/217
f 2128/1866/341 2129/1865/215 2150/1172/198 2146/1172/293
f 2129/1865/215 2130/1867/217 2154/1172/202 2150/1172/198
f 2130/1867/217 2131/1180/218 2132/1868/206 2154/1172/202
f 2119/590/299 2133/1869/300 2137/1870/221 2136/1871/222
f 2133/1869/300 2134/1872/301 2138/1873/224 2137/1870/221
f 2134/1872/301 2135/1874/342 2139/1875/203 2138/1873/224
f 2136/1871/222 2137/1870/221 2141/1876/225 2140/1877/226
f 2137/1870/221 2138/1873/224 2142/1878/227 2141/1876/225
f 2138/1873/224 2139/1875/203 2143/1879/343 2142/1878/227
f 2140/1877/226 2141/1876/225 2127/1880/214 2123/1881/213
f 2141/1876/225 2142/1878/227 2131/1882/218 2127/1880/214
f 2142/1878/227 2143/1879/343 2132/1874/206 2131/1882/218
f 2120/94/289 2144/1883/290 2148/1884/193 2147/1885/344
f 2144/1883/290 2145/1886/292 2149/1887/196 2148/1884/193
f 2145/1886/292 2146/1888/293 2150/1888/198 2149/1887/196
f 2147/1885/344 2148/1884/193 2152/1889/199 2151/1890/294
f 2148/1884/193 2149/1887/196 2153/1891/201 2152/1889/199
f 2149/1887/196 2150/1888/198 2154/1888/202 2153/1891/201
f 2151/1890/294 2152/1889/199 2139/1892/203 2135/1888/342
f 2152/1889/199 2153/1891/201 2143/1893/343 2139/1892/203
f 2153/1891/201 2154/1888/202 2132/1888/206 2143/1893/343
f 2162/638/331 2165/1894/332 2169/1895/333 2168/1896/334
f 2165/1894/332 2166/1897/335 2170/1898/336 2169/1895/333
f 2166/1897/335 2167/1899/316 2171/1900/315 2170/1898/336
f 2168/1896/334 2169/1895/333 2173/1901/337 2172/1902/338
f 2169/1895/333 2170/1898/336 2174/1903/339 2173/1901/337
f 2170/1898/336 2171/1900/315 2175/1904/317 2174/1903/339
f 2172/1902/338 2173/1901/337 2194/1905/326 2190/1906/325
f 2173/1901/337 2174/1903/339 2198/1907/330 2194/1905/326
f 2174/1903/339 2175/1904/317 2176/1908/401 2198/1907/330
f 2163/406/303 2177/1909/304 2181/1910/305 2180/1911/306
f 2177/1909/304 2178/1912/307 2182/1913/308 2181/1910/305
f 2178/1912/307 2179/1914/309 2183/1915/310 2182/1913/308
f 2180/1911/306 2181/1910/305 2185/1916/311 2184/1917/312
f 2181/1910/305 2182/1913/308 2186/1918/313 2185/1916/311
f 2182/1913/308 2183/1915/310 2187/1919/314 2186/1918/313
f 2184/1917/312 2185/1916/311 2171/1920/315 2167/1921/316
f 2185/1916/311 2186/1918/313 2175/1922/317 2171/1920/315
f 2186/1918/313 2187/1919/314 2176/1923/401 2175/1922/317
f 2164/605/319 2188/1924/320 2192/1925/321 2191/1926/322
f 2188/1924/320 2189/1927/323 2193/1928/324 2192/1925/321
f 2189/1927/323 2190/1929/325 2194/1930/326 2193/1928/324
f 2191/1926/322 2192/1925/321 2196/1931/327 2195/1932/328
f 2192/1925/321 2193/1928/324 2197/1933/329 2196/1931/327
f 2193/1928/324 2194/1930/326 2198/1934/330 2197/1933/329
f 2195/1932/328 2196/1931/327 2183/1935/310 2179/1936/309
f 2196/1931/327 2197/1933/329 2187/1937/314 2183/1935/310
f 2197/1933/329 2198/1934/330 2176/1938/401 2187/1937/314
f 2206/629/245 2209/1939/246 2213/1940/82 2212/1941/247
f 2209/1939/246 2210/1942/248 2214/1943/85 2213/1940/82
f 2210/1942/248 2211/1944/402 2215/1945/87 2214/1943/85
f 2212/1941/247 2213/1940/82 2217/1946/88 2216/1947/89
f 2213/1940/82 2214/1943/85 2218/1948/90 2217/1946/88
f 2214/1943/85 2215/1945/87 2219/1949/91 2218/1948/90
f 2216/1947/89 2217/1946/88 2238/1950/92 2234/1951/93
f 2217/1946/88 2218/1948/90 2242/1952/94 2238/1950/92
f 2218/1948/90 2219/1949/91 2220/1953/266 2242/1952/94
f 2207/75/403 2221/1954/97 2225/1955/98 2224/1956/404
f 2221/1954/97 2222/1957/100 2226/1958/101 2225/1955/98
f 2222/1957/100 2223/1959/102 2227/1960/103 2226/1958/101
f 2224/1956/404 2225/1955/98 2229/1961/104 2228/1962/253
f 2225/1955/98 2226/1958/101 2230/1963/106 2229/1961/104
f 2226/1958/101 2227/1960/103 2231/1964/107 2230/1963/106
f 2228/1962/253 2229/1961/104 2215/1965/87 2211/1966/402
f 2229/1961/104 2230/1963/106 2219/1967/91 2215/1965/87
f 2230/1963/106 2231/1964/107 2220/1968/266 2219/1967/91
f 2208/263/108 2232/1969/109 2236/1970/110 2235/1971/111
f 2232/1969/109 2233/1972/112 2237/1973/113 2236/1970/110
f 2233/1972/112 2234/1974/93 2238/1975/92 2237/1973/113
f 2235/1971/111 2236/1970/110 2240/1976/114 2239/1977/115
f 2236/1970/110 2237/1973/113 2241/1978/116 2240/1976/114
f 2237/1973/113 2238/1975/92 2242/1979/94 2241/1978/116
f 2239/1977/115 2240/1976/114 2227/1980/103 2223/1981/102
f 2240/1976/114 2241/1978/116 2231/1982/107 2227/1980/103
f 2241/1978/116 2242/1979/94 2220/1983/266 2231/1982/107
f 2243/566/362 2246/1984/363 2250/1985/364 2249/1986/365
f 2246/1984/363 2247/1987/366 2251/1988/367 2250/1985/364
f 2247/1987/366 2248/1989/368 2252/1990/369 2251/1988/367
f 2249/1986/365 2250/1985/364 2254/1991/370 2253/1992/371
f 2250/1985/364 2251/1988/367 2255/1993/372 2254/1991/370
f 2251/1988/367 2252/1990/369 2256/1994/373 2255/1993/372
f 2253/1992/371 2254/1991/370 2275/1995/353 2271/1996/352
f 2254/1991/370 2255/1993/372 2279/1997/357 2275/1995/353
f 2255/1993/372 2256/1994/373 2257/1998/361 2279/1997/357
f 2244/514/405 2258/1999/406 2262/2000/376 2261/2001/377
f 2258/1999/406 2259/2002/407 2263/2003/379 2262/2000/376
f 2259/2002/407 2260/2004/408 2264/2005/358 2263/2003/379
f 2261/2001/377 2262/2000/376 2266/2006/380 2265/2007/381
f 2262/2000/376 2263/2003/379 2267/2008/382 2266/2006/380
f 2263/2003/379 2264/2005/358 2268/2009/360 2267/2008/382
f 2265/2007/381 2266/2006/380 2252/2010/369 2248/2011/368
f 2266/2006/380 2267/2008/382 2256/2012/373 2252/2010/369
f 2267/2008/382 2268/2009/360 2257/2013/361 2256/2012/373
f 2245/138/409 2269/2014/347 2273/2015/348 2272/2016/410
f 2269/2014/347 2270/2017/350 2274/2018/351 2273/2015/348
f 2270/2017/350 2271/2019/352 2275/2020/353 2274/2018/351
f 2272/2016/410 2273/2015/348 2277/2021/354 2276/2022/411
f 2273/2015/348 2274/2018/351 2278/2023/356 2277/2021/354
f 2274/2018/351 2275/2020/353 2279/2024/357 2278/2023/356
f 2276/2022/411 2277/2021/354 2264/2025/358 2260/2026/408
f 2277/2021/354 2278/2023/356 2268/2027/360 2264/2025/358
f 2278/2023/356 2279/2024/357 2257/2028/361 2268/2027/360
f 2287/336/303 2290/2029/304 2294/2030/305 2293/2031/306
f 2290/2029/304 2291/2032/307 2295/2033/308 2294/2030/305
f 2291/2032/307 2292/2034/309 2296/2035/310 2295/2033/308
f 2293/2031/306 2294/2030/305 2298/2036/311 2297/2037/312
f 2294/2030/305 2295/2033/308 2299/2038/313 2298/2036/311
f 2295/2033/308 2296/2035/310 2300/2039/314 2299/2038/313
f 2297/2037/312 2298/2036/311 2319/2040/315 2315/2041/316
f 2298/2036/311 2299/2038/313 2323/2042/317 2319/2040/315
f 2299/2038/313 2300/2039/314 2301/2043/387 2323/2042/317
f 2288/117/319 2302/2044/320 2306/2045/321 2305/2046/322
f 2302/2044/320 2303/2047/323 2307/2048/324 2306/2045/321
f 2303/2047/323 2304/2049/325 2308/2050/326 2307/2048/324
f 2305/2046/322 2306/2045/321 2310/2051/327 2309/2052/328
f 2306/2045/321 2307/2048/324 2311/2053/329 2310/2051/327
f 2307/2048/324 2308/2050/326 2312/2054/330 2311/2053/329
f 2309/2052/328 2310/2051/327 2296/2055/310 2292/2056/309
f 2310/2051/327 2311/2053/329 2300/2057/314 2296/2055/310
f 2311/2053/329 2312/2054/330 2301/2058/387 2300/2057/314
f 2289/172/331 2313/2059/332 2317/2060/333 2316/2061/334
f 2313/2059/332 2314/2062/335 2318/2063/336 2317/2060/333
f 2314/2062/335 2315/2064/316 2319/2065/315 2318/2063/336
f 2316/2061/334 2317/2060/333 2321/2066/337 2320/2067/338
f 2317/2060/333 2318/2063/336 2322/2068/339 2321/2066/337
f 2318/2063/336 2319/2065/315 2323/2069/317 2322/2068/339
f 2320/2067/338 2321/2066/337 2308/2070/326 2304/2071/325
f 2321/2066/337 2322/2068/339 2312/2072/330 2308/2070/326
f 2322/2068/339 2323/2069/317 2301/2073/387 2312/2072/330
f 2324/447/412 2327/2074/134 2331/2075/135 2330/2076/279
f 2327/2074/134 2328/2077/137 2332/2078/138 2331/2075/135
f 2328/2077/137 2329/2079/139 2333/2079/140 2332/2078/138
f 2330/2076/279 2331/2075/135 2335/2080/141 2334/2081/280
f 2331/2075/135 2332/2078/138 2336/2082/143 2335/2080/141
f 2332/2078/138 2333/2079/140 2337/2079/144 2336/2082/143
f 2334/2081/280 2335/2080/141 2356/2083/124 2352/2079/276
f 2335/2080/141 2336/2082/143 2360/2084/277 2356/2083/124
f 2336/2082/143 2337/2079/144 2338/2079/132 2360/2084/277
f 2325/626/145 2339/2085/146 2343/2086/147 2342/2087/148
f 2339/2085/146 2340/2088/149 2344/2089/150 2343/2086/147
f 2340/2088/149 2341/2090/130 2345/2091/129 2344/2089/150
f 2342/2087/148 2343/2086/147 2347/2092/151 2346/2093/152
f 2343/2086/147 2344/2089/150 2348/2094/153 2347/2092/151
f 2344/2089/150 2345/2091/129 2349/2095/131 2348/2094/153
f 2346/2093/152 2347/2092/151 2333/2096/140 2329/2096/139
f 2347/2092/151 2348/2094/153 2337/2096/144 2333/2096/140
f 2348/2094/153 2349/2095/131 2338/2097/132 2337/2096/144
f 2326/139/413 2350/2098/414 2354/2099/119 2353/2100/120
f 2350/2098/414 2351/2101/275 2355/2102/122 2354/2099/119
f 2351/2101/275 2352/2103/276 2356/2104/124 2355/2102/122
f 2353/2100/120 2354/2099/119 2358/2105/125 2357/2106/126
f 2354/2099/119 2355/2102/122 2359/2107/127 2358/2105/125
f 2355/2102/122 2356/2104/124 2360/2108/277 2359/2107/127
f 2357/2106/126 2358/2105/125 2345/2109/129 2341/2110/130
f 2358/2105/125 2359/2107/127 2349/2111/131 2345/2109/129
f 2359/2107/127 2360/2108/277 2338/2103/132 2349/2111/131
f 2368/531/80 2371/2112/81 2375/2113/82 2374/2114/83
f 2371/2112/81 2372/2115/84 2376/2116/85 2375/2113/82
f 2372/2115/84 2373/2117/415 2377/2118/87 2376/2116/85
f 2374/2114/83 2375/2113/82 2379/2119/88 2378/2120/89
f 2375/2113/82 2376/2116/85 2380/2121/90 2379/2119/88
f 2376/2116/85 2377/2118/87 2381/2122/91 2380/2121/90
f 2378/2120/89 2379/2119/88 2400/2123/92 2396/2124/93
f 2379/2119/88 2380/2121/90 2404/2125/94 2400/2123/92
f 2380/2121/90 2381/2122/91 2382/2126/266 2404/2125/94
f 2369/578/96 2383/2127/97 2387/2128/98 2386/2129/99
f 2383/2127/97 2384/2130/100 2388/2131/101 2387/2128/98
f 2384/2130/100 2385/2132/102 2389/2133/103 2388/2131/101
f 2386/2129/99 2387/2128/98 2391/2134/104 2390/2135/105
f 2387/2128/98 2388/2131/101 2392/2136/106 2391/2134/104
f 2388/2131/101 2389/2133/103 2393/2137/107 2392/2136/106
f 2390/2135/105 2391/2134/104 2377/2138/87 2373/2139/415
f 2391/2134/104 2392/2136/106 2381/2140/91 2377/2138/87
f 2392/2136/106 2393/2137/107 2382/2141/266 2381/2140/91
f 2370/195/108 2394/2142/109 2398/2143/110 2397/2144/111
f 2394/2142/109 2395/2145/112 2399/2146/113 2398/2143/110
f 2395/2145/112 2396/2147/93 2400/2148/92 2399/2146/113
f 2397/2144/111 2398/2143/110 2402/2149/114 2401/2150/115
f 2398/2143/110 2399/2146/113 2403/2151/116 2402/2149/114
f 2399/2146/113 2400/2148/92 2404/2152/94 2403/2151/116
f 2401/2150/115 2402/2149/114 2389/2153/103 2385/2154/102
f 2402/2149/114 2403/2151/116 2393/2155/107 2389/2153/103
f 2403/2151/116 2404/2152/94 2382/2156/266 2393/2155/107
f 2405/499/416 2408/2157/417 2412/2158/333 2411/2159/334
f 2408/2157/417 2409/2160/418 2413/2161/336 2412/2158/333
f 2409/2160/418 2410/2162/419 2414/2163/315 2413/2161/336
f 2411/2159/334 2412/2158/333 2416/2164/337 2415/2165/338
f 2412/2158/333 2413/2161/336 2417/2166/339 2416/2164/337
f 2413/2161/336 2414/2163/315 2418/2167/317 2417/2166/339
f 2415/2165/338 2416/2164/337 2437/2168/326 2433/2169/325
f 2416/2164/337 2417/2166/339 2441/2170/330 2437/2168/326
f 2417/2166/339 2418/2167/317 2419/2171/345 2441/2170/330
f 2406/532/388 2420/2172/304 2424/2173/305 2423/2174/389
f 2420/2172/304 2421/2175/307 2425/2176/308 2424/2173/305
f 2421/2175/307 2422/2177/309 2426/2178/310 2425/2176/308
f 2423/2174/389 2424/2173/305 2428/2179/311 2427/2180/420
f 2424/2173/305 2425/2176/308 2429/2181/313 2428/2179/311
f 2425/2176/308 2426/2178/310 2430/2182/314 2429/2181/313
f 2427/2180/420 2428/2179/311 2414/2183/315 2410/2184/419
f 2428/2179/311 2429/2181/313 2418/2185/317 2414/2183/315
f 2429/2181/313 2430/2182/314 2419/2186/345 2418/2185/317
f 2407/194/319 2431/2187/320 2435/2188/321 2434/2189/322
f 2431/2187/320 2432/2190/323 2436/2191/324 2435/2188/321
f 2432/2190/323 2433/2192/325 2437/2193/326 2436/2191/324
f 2434/2189/322 2435/2188/321 2439/2194/327 2438/2195/328
f 2435/2188/321 2436/2191/324 2440/2196/329 2439/2194/327
f 2436/2191/324 2437/2193/326 2441/2197/330 2440/2196/329
f 2438/2195/328 2439/2194/327 2426/2198/310 2422/2199/309
f 2439/2194/327 2440/2196/329 2430/2200/314 2426/2198/310
f 2440/2196/329 2441/2197/330 2419/2201/345 2430/2200/314
f 2442/435/421 2445/2202/422 2449/2203/193 2448/2204/194
f 2445/2202/422 2446/2205/195 2450/2206/196 2449/2203/193
f 2446/2205/195 2447/2207/423 2451/2207/198 2450/2206/196
f 2448/2204/194 2449/2203/193 2453/2208/199 2452/2209/200
f 2449/2203/193 2450/2206/196 2454/2210/201 2453/2208/199
f 2450/2206/196 2451/2207/198 2455/2207/202 2454/2210/201
f 2452/2209/200 2453/2208/199 2474/2211/203 2470/2207/204
f 2453/2208/199 2454/2210/201 2478/2212/343 2474/2211/203
f 2454/2210/201 2455/2207/202 2456/2207/206 2478/2212/343
f 2443/498/424 2457/2213/208 2461/2214/209 2460/2215/425
f 2457/2213/208 2458/2216/211 2462/2217/212 2461/2214/209
f 2458/2216/211 2459/2218/213 2463/2219/214 2462/2217/212
f 2460/2215/425 2461/2214/209 2465/2220/215 2464/2221/216
f 2461/2214/209 2462/2217/212 2466/2222/217 2465/2220/215
f 2462/2217/212 2463/2219/214 2467/2223/218 2466/2222/217
f 2464/2221/216 2465/2220/215 2451/2224/198 2447/2224/423
f 2465/2220/215 2466/2222/217 2455/2224/202 2451/2224/198
f 2466/2222/217 2467/2223/218 2456/2225/206 2455/2224/202
f 2444/147/219 2468/2226/220 2472/2227/221 2471/2228/222
f 2468/2226/220 2469/2229/223 2473/2230/224 2472/2227/221
f 2469/2229/223 2470/2231/204 2474/2232/203 2473/2230/224
f 2471/2228/222 2472/2227/221 2476/2233/225 2475/2234/226
f 2472/2227/221 2473/2230/224 2477/2235/227 2476/2233/225
f 2473/2230/224 2474/2232/203 2478/2236/343 2477/2235/227
f 2475/2234/226 2476/2233/225 2463/2237/214 2459/2238/213
f 2476/2233/225 2477/2235/227 2467/2239/218 2463/2237/214
f 2477/2235/227 2478/2236/343 2456/2231/206 2467/2239/218
f 2486/153/331 2489/2240/332 2493/2241/333 2492/2242/334
f 2489/2240/332 2490/2243/335 2494/2244/336 2493/2241/333
f 2490/2243/335 2491/2245/316 2495/2246/315 2494/2244/336
f 2492/2242/334 2493/2241/333 2497/2247/337 2496/2248/338
f 2493/2241/333 2494/2244/336 2498/2249/339 2497/2247/337
f 2494/2244/336 2495/2246/315 2499/2250/317 2498/2249/339
f 2496/2248/338 2497/2247/337 2518/2251/326 2514/2252/325
f 2497/2247/337 2498/2249/339 2522/2253/330 2518/2251/326
f 2498/2249/339 2499/2250/317 2500/2254/345 2522/2253/330
f 2487/39/303 2501/2255/304 2505/2256/305 2504/2257/306
f 2501/2255/304 2502/2258/307 2506/2259/308 2505/2256/305
f 2502/2258/307 2503/2260/426 2507/2261/310 2506/2259/308
f 2504/2257/306 2505/2256/305 2509/2262/311 2508/2263/312
f 2505/2256/305 2506/2259/308 2510/2264/313 2509/2262/311
f 2506/2259/308 2507/2261/310 2511/2265/314 2510/2264/313
f 2508/2263/312 2509/2262/311 2495/2266/315 2491/2267/316
f 2509/2262/311 2510/2264/313 2499/2268/317 2495/2266/315
f 2510/2264/313 2511/2265/314 2500/2269/345 2499/2268/317
f 2488/641/319 2512/2270/320 2516/2271/321 2515/2272/427
f 2512/2270/320 2513/2273/323 2517/2274/324 2516/2271/321
f 2513/2273/323 2514/2275/325 2518/2276/326 2517/2274/324
f 2515/2272/427 2516/2271/321 2520/2277/327 2519/2278/328
f 2516/2271/321 2517/2274/324 2521/2279/329 2520/2277/327
f 2517/2274/324 2518/2276/326 2522/2280/330 2521/2279/329
f 2519/2278/328 2520/2277/327 2507/2281/310 2503/2282/426
f 2520/2277/327 2521/2279/329 2511/2283/314 2507/2281/310
f 2521/2279/329 2522/2280/330 2500/2284/345 2511/2283/314
f 2537/516/391 2540/2285/146 2544/2286/147 2543/2287/392
f 2540/2285/146 2541/2288/149 2545/2289/150 2544/2286/147
f 2541/2288/149 2542/2290/130 2546/2291/129 2545/2289/150
f 2543/2287/392 2544/2286/147 2548/2292/151 2547/2293/428
f 2544/2286/147 2545/2289/150 2549/2294/153 2548/2292/151
f 2545/2289/150 2546/2291/129 2550/2295/131 2549/2294/153
f 2547/2293/428 2548/2292/151 2569/2296/140 2565/2296/394
f 2548/2292/151 2549/2294/153 2573/2296/144 2569/2296/140
f 2549/2294/153 2550/2295/131 2551/2297/132 2573/2296/144
f 2538/228/395 2552/2298/429 2556/2299/119 2555/2300/120
f 2552/2298/429 2553/2301/121 2557/2302/122 2556/2299/119
f 2553/2301/121 2554/2303/396 2558/2304/124 2557/2302/122
f 2555/2300/120 2556/2299/119 2560/2305/125 2559/2306/126
f 2556/2299/119 2557/2302/122 2561/2307/127 2560/2305/125
f 2557/2302/122 2558/2304/124 2562/2308/128 2561/2307/127
f 2559/2306/126 2560/2305/125 2546/2309/129 2542/2310/130
f 2560/2305/125 2561/2307/127 2550/2311/131 2546/2309/129
f 2561/2307/127 2562/2308/128 2551/2303/132 2550/2311/131
f 2539/477/397 2563/2312/398 2567/2313/135 2566/2314/136
f 2563/2312/398 2564/2315/399 2568/2316/138 2567/2313/135
f 2564/2315/399 2565/2317/394 2569/2317/140 2568/2316/138
f 2566/2314/136 2567/2313/135 2571/2318/141 2570/2319/400
f 2567/2313/135 2568/2316/138 2572/2320/143 2571/2318/141
f 2568/2316/138 2569/2317/140 2573/2317/144 2572/2320/143
f 2570/2319/400 2571/2318/141 2558/2321/124 2554/2317/396
f 2571/2318/141 2572/2320/143 2562/2322/128 2558/2321/124
f 2572/2320/143 2573/2317/144 2551/2317/132 2562/2322/128
f 2574/488/296 2577/2323/208 2581/2324/209 2580/2325/340
f 2577/2323/208 2578/2326/211 2582/2327/212 2581/2324/209
f 2578/2326/211 2579/2328/213 2583/2329/214 2582/2327/212
f 2580/2325/340 2581/2324/209 2585/2330/215 2584/2331/341
f 2581/2324/209 2582/2327/212 2586/2332/217 2585/2330/215
f 2582/2327/212 2583/2329/214 2587/2333/218 2586/2332/217
f 2584/2331/341 2585/2330/215 2606/2334/198 2602/2334/293
f 2585/2330/215 2586/2332/217 2610/2334/202 2606/2334/198
f 2586/2332/217 2587/2333/218 2588/2335/206 2610/2334/202
f 2575/600/430 2589/2336/300 2593/2337/221 2592/2338/222
f 2589/2336/300 2590/2339/301 2594/2340/224 2593/2337/221
f 2590/2339/301 2591/986/342 2595/2341/203 2594/2340/224
f 2592/2338/222 2593/2337/221 2597/2342/225 2596/2343/226
f 2593/2337/221 2594/2340/224 2598/2344/227 2597/2342/225
f 2594/2340/224 2595/2341/203 2599/2345/205 2598/2344/227
f 2596/2343/226 2597/2342/225 2583/981/214 2579/980/213
f 2597/2342/225 2598/2344/227 2587/985/218 2583/981/214
f 2598/2344/227 2599/2345/205 2588/986/206 2587/985/218
f 2576/408/289 2600/2346/290 2604/2347/193 2603/2348/344
f 2600/2346/290 2601/2349/292 2605/2350/196 2604/2347/193
f 2601/2349/292 2602/2351/293 2606/2351/198 2605/2350/196
f 2603/2348/344 2604/2347/193 2608/2352/199 2607/2353/294
f 2604/2347/193 2605/2350/196 2609/2354/201 2608/2352/199
f 2605/2350/196 2606/2351/198 2610/2351/202 2609/2354/201
f 2607/2353/294 2608/2352/199 2595/2355/203 2591/2351/342
f 2608/2352/199 2609/2354/201 2599/2356/205 2595/2355/203
f 2609/2354/201 2610/2351/202 2588/2351/206 2599/2356/205
f 2639/270/374 2642/2357/375 2646/2358/376 2645/2359/431
f 2642/2357/375 2643/2360/378 2647/2361/379 2646/2358/376
f 2643/2360/378 2644/2362/359 2648/2363/358 2647/2361/379
f 2645/2359/431 2646/2358/376 2650/2364/380 2649/2365/381
f 2646/2358/376 2647/2361/379 2651/2366/382 2650/2364/380
f 2647/2361/379 2648/2363/358 2652/2367/360 2651/2366/382
f 2649/2365/381 2650/2364/380 2671/2368/369 2667/2369/368
f 2650/2364/380 2651/2366/382 2675/2370/373 2671/2368/369
f 2651/2366/382 2652/2367/360 2653/2371/361 2675/2370/373
f 2640/113/346 2654/2372/347 2658/2373/348 2657/2374/349
f 2654/2372/347 2655/2375/350 2659/2376/351 2658/2373/348
f 2655/2375/350 2656/2377/352 2660/2378/353 2659/2376/351
f 2657/2374/349 2658/2373/348 2662/2379/354 2661/2380/355
f 2658/2373/348 2659/2376/351 2663/2381/356 2662/2379/354
f 2659/2376/351 2660/2378/353 2664/2382/357 2663/2381/356
f 2661/2380/355 2662/2379/354 2648/2383/358 2644/2384/359
f 2662/2379/354 2663/2381/356 2652/2385/360 2648/2383/358
f 2663/2381/356 2664/2382/357 2653/2386/361 2652/2385/360
f 2641/44/362 2665/2387/363 2669/2388/364 2668/2389/365
f 2665/2387/363 2666/2390/366 2670/2391/367 2669/2388/364
f 2666/2390/366 2667/2392/368 2671/2393/369 2670/2391/367
f 2668/2389/365 2669/2388/364 2673/2394/370 2672/2395/371
f 2669/2388/364 2670/2391/367 2674/2396/372 2673/2394/370
f 2670/2391/367 2671/2393/369 2675/2397/373 2674/2396/372
f 2672/2395/371 2673/2394/370 2660/2398/353 2656/1289/352
f 2673/2394/370 2674/2396/372 2664/2399/357 2660/2398/353
f 2674/2396/372 2675/2397/373 2653/2400/361 2664/2399/357
f 2683/464/80 2686/2401/81 2690/2402/82 2689/2403/83
f 2686/2401/81 2687/2404/84 2691/2405/85 2690/2402/82
f 2687/2404/84 2688/2406/86 2692/2407/87 2691/2405/85
f 2689/2403/83 2690/2402/82 2694/2408/88 2693/2409/89
f 2690/2402/82 2691/2405/85 2695/2410/90 2694/2408/88
f 2691/2405/85 2692/2407/87 2696/2411/91 2695/2410/90
f 2693/2409/89 2694/2408/88 2715/2412/92 2711/2413/93
f 2694/2408/88 2695/2410/90 2719/2414/94 2715/2412/92
f 2695/2410/90 2696/2411/91 2697/2415/250 2719/2414/94
f 2684/666/96 2698/2416/97 2702/2417/98 2701/2418/432
f 2698/2416/97 2699/2419/100 2703/2420/101 2702/2417/98
f 2699/2419/100 2700/2421/102 2704/2422/103 2703/2420/101
f 2701/2418/432 2702/2417/98 2706/2423/104 2705/2424/105
f 2702/2417/98 2703/2420/101 2707/2425/106 2706/2423/104
f 2703/2420/101 2704/2422/103 2708/2426/107 2707/2425/106
f 2705/2424/105 2706/2423/104 2692/2427/87 2688/2428/86
f 2706/2423/104 2707/2425/106 2696/2429/91 2692/2427/87
f 2707/2425/106 2708/2426/107 2697/2430/250 2696/2429/91
f 2685/523/108 2709/2431/109 2713/2432/110 2712/2433/111
f 2709/2431/109 2710/2434/112 2714/2435/113 2713/2432/110
f 2710/2434/112 2711/2436/93 2715/2437/92 2714/2435/113
f 2712/2433/111 2713/2432/110 2717/2438/114 2716/2439/115
f 2713/2432/110 2714/2435/113 2718/2440/116 2717/2438/114
f 2714/2435/113 2715/2437/92 2719/2441/94 2718/2440/116
f 2716/2439/115 2717/2438/114 2704/2442/103 2700/2443/102
f 2717/2438/114 2718/2440/116 2708/2444/107 2704/2442/103
f 2718/2440/116 2719/2441/94 2697/2445/250 2708/2444/107
f 2727/212/433 2730/2446/434 2734/2447/8 2733/2448/9
f 2730/2446/434 2731/2449/435 2735/2450/11 2734/2447/8
f 2731/2449/435 2732/2451/436 2736/2452/13 2735/2450/11
f 2733/2448/9 2734/2447/8 2738/2453/14 2737/2454/15
f 2734/2447/8 2735/2450/11 2739/2455/16 2738/2453/14
f 2735/2450/11 2736/2452/13 2740/2456/17 2739/2455/16
f 2737/2454/15 2738/2453/14 2759/2457/18 2755/2458/19
f 2738/2453/14 2739/2455/16 2763/2459/20 2759/2457/18
f 2739/2455/16 2740/2456/17 2741/2460/437 2763/2459/20
f 2728/456/438 2742/2461/23 2746/2462/24 2745/2463/439
f 2742/2461/23 2743/2464/26 2747/2465/27 2746/2462/24
f 2743/2464/26 2744/2466/28 2748/2467/29 2747/2465/27
f 2745/2463/439 2746/2462/24 2750/2468/30 2749/2469/440
f 2746/2462/24 2747/2465/27 2751/2470/32 2750/2468/30
f 2747/2465/27 2748/2467/29 2752/2471/33 2751/2470/32
f 2749/2469/440 2750/2468/30 2736/2472/13 2732/2473/436
f 2750/2468/30 2751/2470/32 2740/2474/17 2736/2472/13
f 2751/2470/32 2752/2471/33 2741/2475/437 2740/2474/17
f 2729/529/34 2753/2476/35 2757/2477/36 2756/2478/272
f 2753/2476/35 2754/2479/38 2758/2480/39 2757/2477/36
f 2754/2479/38 2755/2481/19 2759/2482/18 2758/2480/39
f 2756/2478/272 2757/2477/36 2761/2483/40 2760/2484/41
f 2757/2477/36 2758/2480/39 2762/2485/42 2761/2483/40
f 2758/2480/39 2759/2482/18 2763/2486/20 2762/2485/42
f 2760/2484/41 2761/2483/40 2748/2487/29 2744/2488/28
f 2761/2483/40 2762/2485/42 2752/2489/33 2748/2487/29
f 2762/2485/42 2763/2486/20 2741/2490/437 2752/2489/33
f 2764/51/346 2767/2491/347 2771/2492/348 2770/2493/441
f 2767/2491/347 2768/2494/350 2772/2495/351 2771/2492/348
f 2768/2494/350 2769/2496/352 2773/2497/353 2772/2495/351
f 2770/2493/441 2771/2492/348 2775/2498/354 2774/2499/355
f 2771/2492/348 2772/2495/351 2776/2500/356 2775/2498/354
f 2772/2495/351 2773/2497/353 2777/2501/357 2776/2500/356
f 2774/2499/355 2775/2498/354 2796/2502/358 2792/2503/359
f 2775/2498/354 2776/2500/356 2800/2504/360 2796/2502/358
f 2776/2500/356 2777/2501/357 2778/2505/442 2800/2504/360
f 2765/530/362 2779/2506/363 2783/2507/364 2782/2508/365
f 2779/2506/363 2780/2509/366 2784/2510/367 2783/2507/364
f 2780/2509/366 2781/2511/368 2785/2512/369 2784/2510/367
f 2782/2508/365 2783/2507/364 2787/2513/370 2786/2514/371
f 2783/2507/364 2784/2510/367 2788/2515/372 2787/2513/370
f 2784/2510/367 2785/2512/369 2789/2516/373 2788/2515/372
f 2786/2514/371 2787/2513/370 2773/2517/353 2769/2518/352
f 2787/2513/370 2788/2515/372 2777/2519/357 2773/2517/353
f 2788/2515/372 2789/2516/373 2778/2520/442 2777/2519/357
f 2766/458/374 2790/2521/375 2794/2522/376 2793/2523/377
f 2790/2521/375 2791/2524/378 2795/2525/379 2794/2522/376
f 2791/2524/378 2792/2526/359 2796/2527/358 2795/2525/379
f 2793/2523/377 2794/2522/376 2798/2528/380 2797/2529/381
f 2794/2522/376 2795/2525/379 2799/2530/382 2798/2528/380
f 2795/2525/379 2796/2527/358 2800/2531/360 2799/2530/382
f 2797/2529/381 2798/2528/380 2785/2532/369 2781/2533/368
f 2798/2528/380 2799/2530/382 2789/2534/373 2785/2532/369
f 2799/2530/382 2800/2531/360 2778/2535/442 2789/2534/373
f 2801/79/443 2804/2536/347 2808/2537/348 2807/2538/444
f 2804/2536/347 2805/2539/350 2809/2540/351 2808/2537/348
f 2805/2539/350 2806/2541/352 2810/2542/353 2809/2540/351
f 2807/2538/444 2808/2537/348 2812/2543/354 2811/2544/411
f 2808/2537/348 2809/2540/351 2813/2545/356 2812/2543/354
f 2809/2540/351 2810/2542/353 2814/2546/357 2813/2545/356
f 2811/2544/411 2812/2543/354 2833/2547/358 2829/2548/445
f 2812/2543/354 2813/2545/356 2837/2549/360 2833/2547/358
f 2813/2545/356 2814/2546/357 2815/2550/446 2837/2549/360
f 2802/538/362 2816/2551/363 2820/2552/364 2819/2553/365
f 2816/2551/363 2817/2554/366 2821/2555/367 2820/2552/364
f 2817/2554/366 2818/2556/368 2822/2557/369 2821/2555/367
f 2819/2553/365 2820/2552/364 2824/2558/370 2823/2559/371
f 2820/2552/364 2821/2555/367 2825/2560/372 2824/2558/370
f 2821/2555/367 2822/2557/369 2826/2561/373 2825/2560/372
f 2823/2559/371 2824/2558/370 2810/2562/353 2806/2563/352
f 2824/2558/370 2825/2560/372 2814/2564/357 2810/2562/353
f 2825/2560/372 2826/2561/373 2815/2565/446 2814/2564/357
f 2803/452/405 2827/2566/406 2831/2567/376 2830/2568/431
f 2827/2566/406 2828/2569/407 2832/2570/379 2831/2567/376
f 2828/2569/407 2829/2571/445 2833/2572/358 2832/2570/379
f 2830/2568/431 2831/2567/376 2835/2573/380 2834/2574/381
f 2831/2567/376 2832/2570/379 2836/2575/382 2835/2573/380
f 2832/2570/379 2833/2572/358 2837/2576/360 2836/2575/382
f 2834/2574/381 2835/2573/380 2822/2577/369 2818/2578/368
f 2835/2573/380 2836/2575/382 2826/2579/373 2822/2577/369
f 2836/2575/382 2837/2576/360 2815/2580/446 2826/2579/373
f 2866/396/374 2869/2581/375 2873/2582/376 2872/2583/431
f 2869/2581/375 2870/2584/378 2874/2585/379 2873/2582/376
f 2870/2584/378 2871/2586/359 2875/2587/358 2874/2585/379
f 2872/2583/431 2873/2582/376 2877/2588/380 2876/2589/381
f 2873/2582/376 2874/2585/379 2878/2590/382 2877/2588/380
f 2874/2585/379 2875/2587/358 2879/2591/360 2878/2590/382
f 2876/2589/381 2877/2588/380 2898/2592/369 2894/2593/368
f 2877/2588/380 2878/2590/382 2902/2594/373 2898/2592/369
f 2878/2590/382 2879/2591/360 2880/2595/446 2902/2594/373
f 2867/82/346 2881/2596/347 2885/2597/348 2884/2598/441
f 2881/2596/347 2882/2599/350 2886/2600/351 2885/2597/348
f 2882/2599/350 2883/2601/352 2887/2602/353 2886/2600/351
f 2884/2598/441 2885/2597/348 2889/2603/354 2888/2604/355
f 2885/2597/348 2886/2600/351 2890/2605/356 2889/2603/354
f 2886/2600/351 2887/2602/353 2891/2606/357 2890/2605/356
f 2888/2604/355 2889/2603/354 2875/2607/358 2871/2608/359
f 2889/2603/354 2890/2605/356 2879/2609/360 2875/2607/358
f 2890/2605/356 2891/2606/357 2880/2610/446 2879/2609/360
f 2868/618/362 2892/2611/363 2896/2612/364 2895/2613/365
f 2892/2611/363 2893/2614/366 2897/2615/367 2896/2612/364
f 2893/2614/366 2894/2616/368 2898/2617/369 2897/2615/367
f 2895/2613/365 2896/2612/364 2900/2618/370 2899/2619/371
f 2896/2612/364 2897/2615/367 2901/2620/372 2900/2618/370
f 2897/2615/367 2898/2617/369 2902/2621/373 2901/2620/372
f 2899/2619/371 2900/2618/370 2887/2622/353 2883/2623/352
f 2900/2618/370 2901/2620/372 2891/2624/357 2887/2622/353
f 2901/2620/372 2902/2621/373 2880/2625/446 2891/2624/357
f 2924/571/331 2927/2626/332 2931/2627/333 2930/2628/334
f 2927/2626/332 2928/2629/335 2932/2630/336 2931/2627/333
f 2928/2629/335 2929/2631/316 2933/2632/315 2932/2630/336
f 2930/2628/334 2931/2627/333 2935/2633/337 2934/2634/338
f 2931/2627/333 2932/2630/336 2936/2635/339 2935/2633/337
f 2932/2630/336 2933/2632/315 2937/2636/317 2936/2635/339
f 2934/2634/338 2935/2633/337 2956/2637/326 2952/2638/325
f 2935/2633/337 2936/2635/339 2960/2639/330 2956/2637/326
f 2936/2635/339 2937/2636/317 2938/2640/345 2960/2639/330
f 2925/465/303 2939/2641/304 2943/2642/305 2942/2643/306
f 2939/2641/304 2940/2644/307 2944/2645/308 2943/2642/305
f 2940/2644/307 2941/2646/309 2945/2647/310 2944/2645/308
f 2942/2643/306 2943/2642/305 2947/2648/311 2946/2649/312
f 2943/2642/305 2944/2645/308 2948/2650/313 2947/2648/311
f 2944/2645/308 2945/2647/310 2949/2651/314 2948/2650/313
f 2946/2649/312 2947/2648/311 2933/2652/315 2929/2653/316
f 2947/2648/311 2948/2650/313 2937/2654/317 2933/2652/315
f 2948/2650/313 2949/2651/314 2938/2655/345 2937/2654/317
f 2926/522/319 2950/2656/320 2954/2657/321 2953/2658/322
f 2950/2656/320 2951/2659/323 2955/2660/324 2954/2657/321
f 2951/2659/323 2952/2661/325 2956/2662/326 2955/2660/324
f 2953/2658/322 2954/2657/321 2958/2663/327 2957/2664/328
f 2954/2657/321 2955/2660/324 2959/2665/329 2958/2663/327
f 2955/2660/324 2956/2662/326 2960/2666/330 2959/2665/329
f 2957/2664/328 2958/2663/327 2945/2667/310 2941/2668/309
f 2958/2663/327 2959/2665/329 2949/2669/314 2945/2667/310
f 2959/2665/329 2960/2666/330 2938/2670/345 2949/2669/314
f 681/4/447 1568/200/447 1570/2671/448 686/2672/448
f 686/2672/448 1570/2671/448 1571/2673/449 685/2674/449
f 685/2674/449 1571/2673/449 1572/2675/450 684/2676/450
f 684/2677/450 1572/2678/450 1573/2679/451 683/2680/451
f 683/2680/451 1573/2679/451 1574/2681/452 682/2682/452
f 682/2682/452 1574/2681/452 1569/64/453 680/63/453
f 289/152/454 2486/153/331 2492/2242/334 291/2683/455
f 291/2683/455 2492/2242/334 2496/2248/338 292/2684/456
f 292/2684/456 2496/2248/338 2514/2252/325 293/2685/457
f 293/2686/457 2514/2275/325 2513/2273/323 294/2687/458
f 294/2687/458 2513/2273/323 2512/2270/320 295/2688/459
f 295/2688/459 2512/2270/320 2488/641/319 290/640/460
f 2487/39/303 538/38/80 544/754/83 2501/2255/304
f 2501/2255/304 544/754/83 548/760/89 2502/2258/307
f 2502/2258/307 548/760/89 566/764/93 2503/2260/426
f 2503/2282/426 566/787/93 565/785/112 2519/2278/328
f 2519/2278/328 565/785/112 564/782/109 2515/2272/427
f 2515/2272/427 564/782/109 540/642/108 2488/641/319
f 539/7/96 122/6/461 127/2689/462 553/767/97
f 553/767/97 127/2689/462 126/2690/463 554/770/100
f 554/770/100 126/2690/463 125/2691/464 555/772/102
f 555/794/102 125/2692/464 124/2693/465 571/790/115
f 571/790/115 124/2693/465 123/2694/466 567/784/111
f 567/784/111 123/2694/466 121/639/467 540/642/108
f 338/9/454 1814/12/331 1820/1649/334 340/2695/455
f 340/2695/455 1820/1649/334 1824/1655/338 341/2696/456
f 341/2696/456 1824/1655/338 1842/1659/325 342/2697/457
f 342/2698/457 1842/1682/325 1841/1680/323 343/2699/458
f 343/2699/458 1841/1680/323 1840/1677/320 344/2700/459
f 344/2700/459 1840/1677/320 1816/620/319 339/619/460
f 1815/287/303 842/286/468 844/2701/469 1829/1662/304
f 1829/1662/304 844/2701/469 845/2702/470 1830/1665/307
f 1830/1665/307 845/2702/470 846/2703/471 1831/1667/309
f 1831/1689/309 846/2704/471 847/2705/472 1847/1685/328
f 1847/1685/328 847/2705/472 848/2706/473 1843/1679/322
f 1843/1679/322 848/2706/473 843/621/474 1816/620/319
f 1699/278/475 1712/277/303 1718/1566/306 1704/2707/476
f 1704/2707/476 1718/1566/306 1722/1572/312 1703/2708/477
f 1703/2708/477 1722/1572/312 1740/1576/316 1702/2709/478
f 1702/2710/478 1740/1599/316 1739/1597/335 1701/2711/479
f 1701/2711/479 1739/1597/335 1738/1594/332 1700/2712/480
f 1700/2712/480 1738/1594/332 1714/131/331 1698/130/481
f 1713/15/319 325/14/460 330/2713/459 1727/1579/320
f 1727/1579/320 330/2713/459 329/2714/458 1728/1582/323
f 1728/1582/323 329/2714/458 328/2715/457 1729/1584/325
f 1729/1606/325 328/2716/457 327/2717/456 1745/1602/338
f 1745/1602/338 327/2717/456 326/2718/455 1741/1596/334
f 1741/1596/334 326/2718/455 324/129/454 1714/131/331
f 887/18/482 893/17/483 895/2719/484 892/2720/485
f 892/2720/485 895/2719/484 896/2721/486 891/2722/487
f 891/2722/487 896/2721/486 897/2723/488 890/2724/489
f 890/2725/489 897/2726/488 898/2727/490 889/2728/491
f 889/2728/491 898/2727/490 899/2729/492 888/2730/493
f 888/2730/493 899/2729/492 894/291/494 886/290/495
f 444/21/447 1596/24/447 1598/2731/448 449/2732/448
f 449/2732/448 1598/2731/448 1599/2733/449 448/2734/449
f 448/2734/449 1599/2733/449 1600/2735/450 447/2736/450
f 447/2737/450 1600/2738/450 1601/2739/451 446/2740/451
f 446/2740/451 1601/2739/451 1602/2741/452 445/2742/452
f 445/2742/452 1602/2741/452 1597/635/453 443/634/453
f 2626/267/447 2639/270/374 2645/2359/431 2631/2743/448
f 2631/2743/448 2645/2359/431 2649/2365/381 2630/2744/449
f 2630/2744/449 2649/2365/381 2667/2369/368 2629/2745/450
f 2629/2746/450 2667/2392/368 2666/2390/366 2628/2747/451
f 2628/2747/451 2666/2390/366 2665/2387/363 2627/2748/452
f 2627/2748/452 2665/2387/363 2641/44/362 2625/43/453
f 2640/113/346 402/112/496 407/2749/497 2654/2372/347
f 2654/2372/347 407/2749/497 406/2750/498 2655/2375/350
f 2655/2375/350 406/2750/498 405/2751/499 2656/2377/352
f 2656/1289/352 405/2752/499 404/2753/500 2672/2395/371
f 2672/2395/371 404/2753/500 403/2754/501 2668/2389/365
f 2668/2389/365 403/2754/501 401/41/502 2641/44/362
f 2633/65/503 2676/68/447 2678/2755/448 2638/2756/504
f 2638/2756/504 2678/2755/448 2679/2757/449 2637/2758/505
f 2637/2758/505 2679/2757/449 2680/2759/450 2636/2760/506
f 2636/2761/506 2680/2762/450 2681/2763/451 2635/2764/507
f 2635/2764/507 2681/2763/451 2682/2765/452 2634/2766/508
f 2634/2766/508 2682/2765/452 2677/503/453 2632/502/509
f 163/579/510 805/582/228 811/913/62 165/2767/511
f 165/2767/511 811/913/62 815/919/68 166/2768/512
f 166/2768/512 815/919/68 833/923/49 167/2769/513
f 167/2770/513 833/941/49 832/939/47 168/2771/514
f 168/2771/514 832/939/47 831/936/44 169/2772/515
f 169/2772/515 831/936/44 807/506/239 164/505/516
f 806/420/233 768/419/191 774/2773/194 820/925/234
f 820/925/234 774/2773/194 778/2774/200 821/928/236
f 821/928/236 778/2774/200 796/878/204 822/930/237
f 822/947/237 796/902/204 795/900/223 838/944/241
f 838/944/241 795/900/223 794/897/220 834/938/240
f 834/938/240 794/897/220 770/507/219 807/506/239
f 769/31/207 157/30/517 162/2775/518 783/884/208
f 783/884/208 162/2775/518 161/2776/519 784/887/211
f 784/887/211 161/2776/519 160/2777/520 785/889/213
f 785/909/213 160/2778/520 159/2779/521 801/905/226
f 801/905/226 159/2779/521 158/2780/522 797/899/222
f 797/899/222 158/2780/522 156/504/523 770/507/219
f 380/636/454 2162/638/331 2168/1896/334 382/2781/455
f 382/2781/455 2168/1896/334 2172/1902/338 383/2782/456
f 383/2782/456 2172/1902/338 2190/1906/325 384/2783/457
f 384/2784/457 2190/1929/325 2189/1927/323 385/2785/458
f 385/2785/458 2189/1927/323 2188/1924/320 386/2786/459
f 386/2786/459 2188/1924/320 2164/605/319 381/604/460
f 2163/406/303 1250/405/80 1256/1271/83 2177/1909/304
f 2177/1909/304 1256/1271/83 1260/1277/89 2178/1912/307
f 2178/1912/307 1260/1277/89 1278/1281/93 2179/1914/309
f 2179/1936/309 1278/1304/93 1277/1302/112 2195/1932/328
f 2195/1932/328 1277/1302/112 1276/1299/109 2191/1926/322
f 2191/1926/322 1276/1299/109 1252/606/108 2164/605/319
f 1251/35/96 248/34/461 253/2787/462 1265/1284/97
f 1265/1284/97 253/2787/462 252/2788/463 1266/1287/100
f 1266/1287/100 252/2788/463 251/2789/464 1267/1289/102
f 1267/1311/102 251/2790/464 250/2791/465 1283/1307/115
f 1283/1307/115 250/2791/465 249/2792/466 1279/1301/111
f 1279/1301/111 249/2792/466 247/603/467 1252/606/108
f 1562/203/447 524/393/447 526/2793/448 1567/2794/448
f 1567/2794/448 526/2793/448 527/2795/449 1566/2796/449
f 1566/2796/449 527/2795/449 528/2797/450 1565/2798/450
f 1565/2799/450 528/2800/450 529/2801/451 1564/2802/451
f 1564/2802/451 529/2801/451 530/2803/452 1563/2804/452
f 1563/2804/452 530/2803/452 525/473/453 1561/472/453
f 2639/270/374 2280/269/475 2282/2805/476 2642/2357/375
f 2642/2357/375 2282/2805/476 2283/2806/477 2643/2360/378
f 2643/2360/378 2283/2806/477 2284/2807/478 2644/2362/359
f 2644/2384/359 2284/2808/478 2285/2809/479 2661/2380/355
f 2661/2380/355 2285/2809/479 2286/2810/480 2657/2374/349
f 2657/2374/349 2286/2810/480 2281/114/481 2640/113/346
f 436/570/454 2924/571/331 2930/2628/334 438/2811/455
f 438/2811/455 2930/2628/334 2934/2634/338 439/2812/456
f 439/2812/456 2934/2634/338 2952/2638/325 440/2813/457
f 440/2814/457 2952/2661/325 2951/2659/323 441/2815/458
f 441/2815/458 2951/2659/323 2950/2656/320 442/2816/459
f 442/2816/459 2950/2656/320 2926/522/319 437/521/460
f 2925/465/303 2683/464/80 2689/2403/83 2939/2641/304
f 2939/2641/304 2689/2403/83 2693/2409/89 2940/2644/307
f 2940/2644/307 2693/2409/89 2711/2413/93 2941/2646/309
f 2941/2668/309 2711/2436/93 2710/2434/112 2957/2664/328
f 2957/2664/328 2710/2434/112 2709/2431/109 2953/2658/322
f 2953/2658/322 2709/2431/109 2685/523/108 2926/522/319
f 2684/666/96 129/665/461 134/2817/462 2698/2416/97
f 2698/2416/97 134/2817/462 133/2818/463 2699/2419/100
f 2699/2419/100 133/2818/463 132/2819/464 2700/2421/102
f 2700/2443/102 132/2820/464 131/2821/465 2716/2439/115
f 2716/2439/115 131/2821/465 130/2822/466 2712/2433/111
f 2712/2433/111 130/2822/466 128/520/467 2685/523/108
f 2112/331/475 2090/333/475 2092/2823/476 2117/2824/476
f 2117/2824/476 2092/2823/476 2093/2825/477 2116/2826/477
f 2116/2826/477 2093/2825/477 2094/2827/478 2115/2828/478
f 2115/2829/478 2094/2830/478 2095/2831/479 2114/2832/479
f 2114/2832/479 2095/2831/479 2096/2833/480 2113/2834/480
f 2113/2834/480 2096/2833/480 2091/183/481 2111/182/481
f 135/492/524 694/495/117 700/799/120 137/2835/525
f 137/2835/525 700/799/120 704/805/126 138/2836/526
f 138/2836/526 704/805/126 722/809/130 139/2837/527
f 139/2838/527 722/827/130 721/825/149 140/2839/528
f 140/2839/528 721/825/149 720/822/146 141/2840/529
f 141/2840/529 720/822/146 696/223/145 136/222/530
f 695/387/133 731/389/154 737/2841/157 709/811/134
f 709/811/134 737/2841/157 741/2842/163 710/814/137
f 710/814/137 741/2842/163 759/840/167 711/816/139
f 711/833/139 759/864/167 758/862/186 727/830/152
f 727/830/152 758/862/186 757/859/183 723/824/148
f 723/824/148 757/859/183 733/224/182 696/223/145
f 732/55/170 143/54/531 148/2843/532 746/846/171
f 746/846/171 148/2843/532 147/2844/533 747/849/174
f 747/849/174 147/2844/533 146/2845/534 748/851/176
f 748/871/176 146/2846/534 145/2847/535 764/867/189
f 764/867/189 145/2847/535 144/2848/536 760/861/185
f 760/861/185 144/2848/536 142/221/537 733/224/182
f 1590/155/447 944/363/447 946/2849/448 1595/2850/448
f 1595/2850/448 946/2849/448 947/2851/449 1594/2852/449
f 1594/2852/449 947/2851/449 948/2853/450 1593/2854/450
f 1593/2855/450 948/2856/450 949/2857/451 1592/2858/451
f 1592/2858/451 949/2857/451 950/2859/452 1591/2860/452
f 1591/2860/452 950/2859/452 945/386/453 1589/385/453
f 359/57/523 1981/60/299 1987/1784/222 361/2861/522
f 361/2861/522 1987/1784/222 1991/1790/226 362/2862/521
f 362/2862/521 1991/1790/226 2009/1794/213 363/2863/520
f 363/2864/520 2009/1812/213 2008/1810/211 364/2865/519
f 364/2865/519 2008/1810/211 2007/1807/208 365/2866/518
f 365/2866/518 2007/1807/208 1983/587/296 360/586/517
f 1982/86/289 1902/85/538 1904/2867/539 1996/1796/290
f 1996/1796/290 1904/2867/539 1905/2868/540 1997/1799/292
f 1997/1799/292 1905/2868/540 1906/2869/541 1998/1801/293
f 1998/1818/293 1906/2870/541 1907/2871/542 2014/1815/298
f 2014/1815/298 1907/2871/542 1908/2872/543 2010/1809/297
f 2010/1809/297 1908/2872/543 1903/588/544 1983/587/296
f 688/1/447 681/4/447 686/2672/448 693/2873/448
f 693/2873/448 686/2672/448 685/2674/449 692/2874/449
f 692/2874/449 685/2674/449 684/2676/450 691/2875/450
f 691/2876/450 684/2677/450 683/2877/451 690/2878/451
f 690/2878/451 683/2877/451 682/2879/452 689/2880/452
f 689/2880/452 682/2879/452 680/468/453 687/467/453
f 966/67/545 1640/66/468 1642/2881/469 971/2882/546
f 971/2882/546 1642/2881/469 1643/2883/470 970/2884/547
f 970/2884/547 1643/2883/470 1644/2885/471 969/2886/548
f 969/2887/548 1644/2888/471 1645/2889/472 968/2890/549
f 968/2890/549 1645/2889/472 1646/2891/473 967/2892/550
f 967/2892/550 1646/2891/473 1641/97/474 965/403/551
f 303/69/552 1654/72/6 1660/1521/9 305/2893/553
f 305/2893/553 1660/1521/9 1664/1527/15 306/2894/554
f 306/2894/554 1664/1527/15 1682/1531/19 307/2895/555
f 307/2896/555 1682/1554/19 1681/1552/38 308/2897/556
f 308/2897/556 1681/1552/38 1680/1549/35 309/2898/557
f 309/2898/557 1680/1549/35 1656/242/34 304/241/558
f 1655/433/22 951/398/447 953/2899/448 1669/1534/23
f 1669/1534/23 953/2899/448 954/2900/449 1670/1537/26
f 1670/1537/26 954/2900/449 955/2901/450 1671/1539/28
f 1671/1561/28 955/2902/450 956/2903/451 1687/1557/41
f 1687/1557/41 956/2903/451 957/2904/452 1683/1551/272
f 1683/1551/272 957/2904/452 952/243/453 1656/242/34
f 184/496/454 2405/499/416 2411/2159/334 186/2905/455
f 186/2905/455 2411/2159/334 2415/2165/338 187/2906/456
f 187/2906/456 2415/2165/338 2433/2169/325 188/2907/457
f 188/2908/457 2433/2192/325 2432/2190/323 189/2909/458
f 189/2909/458 2432/2190/323 2431/2187/320 190/2910/459
f 190/2910/459 2431/2187/320 2407/194/319 185/193/460
f 2406/532/388 2368/531/80 2374/2114/83 2420/2172/304
f 2420/2172/304 2374/2114/83 2378/2120/89 2421/2175/307
f 2421/2175/307 2378/2120/89 2396/2124/93 2422/2177/309
f 2422/2199/309 2396/2147/93 2395/2145/112 2438/2195/328
f 2438/2195/328 2395/2145/112 2394/2142/109 2434/2189/322
f 2434/2189/322 2394/2142/109 2370/195/108 2407/194/319
f 2369/578/96 297/577/461 302/2911/462 2383/2127/97
f 2383/2127/97 302/2911/462 301/2912/463 2384/2130/100
f 2384/2130/100 301/2912/463 300/2913/464 2385/2132/102
f 2385/2154/102 300/2914/464 299/2915/465 2401/2150/115
f 2401/2150/115 299/2915/465 298/2916/466 2397/2144/111
f 2397/2144/111 298/2916/466 296/192/467 2370/195/108
f 524/393/447 2866/396/374 2872/2583/431 526/2793/448
f 526/2793/448 2872/2583/431 2876/2589/381 527/2795/449
f 527/2795/449 2876/2589/381 2894/2593/368 528/2797/450
f 528/2800/450 2894/2616/368 2893/2614/366 529/2917/451
f 529/2917/451 2893/2614/366 2892/2611/363 530/2803/452
f 530/2803/452 2892/2611/363 2868/618/362 525/617/453
f 2867/82/346 430/81/496 435/2918/497 2881/2596/347
f 2881/2596/347 435/2918/497 434/2919/498 2882/2599/350
f 2882/2599/350 434/2919/498 433/2920/499 2883/2601/352
f 2883/2623/352 433/2921/499 432/2922/500 2899/2619/371
f 2899/2619/371 432/2922/500 431/2923/501 2895/2613/365
f 2895/2613/365 431/2923/501 429/616/502 2868/618/362
f 1374/84/559 1445/83/559 1447/2924/560 1379/2925/560
f 1379/2925/560 1447/2924/560 1448/2926/561 1378/2927/561
f 1378/2927/561 1448/2926/561 1449/2928/562 1377/2929/562
f 1377/2930/562 1449/2931/562 1450/2932/563 1376/2933/563
f 1376/2933/563 1450/2932/563 1451/2934/564 1375/2935/564
f 1375/2935/564 1451/2934/564 1446/623/565 1373/429/565
f 1961/101/475 1858/259/566 1860/2936/567 1966/2937/476
f 1966/2937/476 1860/2936/567 1861/2938/568 1965/2939/477
f 1965/2939/477 1861/2938/568 1862/2940/569 1964/2941/478
f 1964/2942/478 1862/2943/569 1863/2944/570 1963/2945/479
f 1963/2945/479 1863/2944/570 1864/2946/571 1962/2947/480
f 1962/2947/480 1864/2946/571 1859/602/572 1960/601/481
f 1302/332/559 1162/330/483 1164/2948/484 1307/2949/560
f 1307/2949/560 1164/2948/484 1165/2950/486 1306/2951/561
f 1306/2951/561 1165/2950/486 1166/2952/488 1305/2953/562
f 1305/2954/562 1166/2955/488 1167/2956/490 1304/2957/563
f 1304/2957/563 1167/2956/490 1168/2958/573 1303/2959/564
f 1303/2959/564 1168/2958/573 1163/327/494 1301/326/565
f 653/132/559 617/474/559 619/2960/560 658/2961/560
f 658/2961/560 619/2960/560 620/2962/561 657/2963/561
f 657/2963/561 620/2962/561 621/2964/562 656/2965/562
f 656/2966/562 621/2967/562 622/2968/563 655/2969/563
f 655/2969/563 622/2968/563 623/2970/564 654/2971/564
f 654/2971/564 623/2970/564 618/415/565 652/151/565
f 1648/434/559 1655/433/22 1672/1536/25 1653/2972/560
f 1653/2972/560 1672/1536/25 1676/1542/31 1652/2973/561
f 1652/2973/561 1676/1542/31 1659/1546/12 1651/2974/562
f 1651/2975/562 1659/1524/12 1658/1522/10 1650/2976/563
f 1650/2976/563 1658/1522/10 1657/1519/7 1649/2977/564
f 1649/2977/564 1657/1519/7 1654/72/6 1647/71/565
f 1481/256/559 1380/100/559 1382/2978/560 1486/2979/560
f 1486/2979/560 1382/2978/560 1383/2980/561 1485/2981/561
f 1485/2981/561 1383/2980/561 1384/2982/562 1484/2983/562
f 1484/2984/562 1384/2985/562 1385/2986/563 1483/2987/563
f 1483/2987/563 1385/2986/563 1386/2988/564 1482/2989/564
f 1482/2989/564 1386/2988/564 1381/301/565 1480/300/565
f 674/317/559 596/316/559 598/2990/560 679/2991/560
f 679/2991/560 598/2990/560 599/2992/561 678/2993/561
f 678/2993/561 599/2992/561 600/2994/562 677/2995/562
f 677/2996/562 600/2997/562 601/2998/563 676/2999/563
f 676/2999/563 601/2998/563 602/3000/564 675/3001/564
f 675/3001/564 602/3000/564 597/105/565 673/352/565
f 226/565/502 2243/566/362 2249/1986/365 228/3002/501
f 228/3002/501 2249/1986/365 2253/1992/371 229/3003/500
f 229/3003/500 2253/1992/371 2271/1996/352 230/3004/499
f 230/3005/499 2271/2019/352 2270/2017/350 231/3006/498
f 231/3006/498 2270/2017/350 2269/2014/347 232/3007/497
f 232/3007/497 2269/2014/347 2245/138/409 227/137/496
f 2244/514/405 2324/513/412 2330/3008/279 2258/1999/406
f 2258/1999/406 2330/3008/279 2334/2081/280 2259/2002/407
f 2259/2002/407 2334/2081/280 2352/2079/276 2260/2004/408
f 2260/2026/408 2352/2103/276 2351/2101/275 2276/2022/411
f 2276/2022/411 2351/2101/275 2350/2098/414 2272/2016/410
f 2272/2016/410 2350/2098/414 2326/139/413 2245/138/409
f 2325/626/145 395/625/530 400/3009/529 2339/2085/146
f 2339/2085/146 400/3009/529 399/3010/528 2340/2088/149
f 2340/2088/149 399/3010/528 398/3011/527 2341/2090/130
f 2341/2110/130 398/3012/527 397/3013/526 2357/2106/126
f 2357/2106/126 397/3013/526 396/3014/525 2353/2100/120
f 2353/2100/120 396/3014/525 394/136/524 2326/139/413
f 2280/269/475 2287/336/303 2293/2031/306 2282/2805/476
f 2282/2805/476 2293/2031/306 2297/2037/312 2283/2806/477
f 2283/2806/477 2297/2037/312 2315/2041/316 2284/2807/478
f 2284/2808/478 2315/2064/316 2314/2062/335 2285/2809/479
f 2285/2809/479 2314/2062/335 2313/2059/332 2286/3015/480
f 2286/3015/480 2313/2059/332 2289/172/331 2281/171/481
f 2288/117/319 388/116/460 393/3016/459 2302/2044/320
f 2302/2044/320 393/3016/459 392/3017/458 2303/2047/323
f 2303/2047/323 392/3017/458 391/3018/457 2304/2049/325
f 2304/2071/325 391/3019/457 390/3020/456 2320/2067/338
f 2320/2067/338 390/3020/456 389/3021/455 2316/2061/334
f 2316/2061/334 389/3021/455 387/170/454 2289/172/331
f 205/73/510 1016/76/259 1022/1073/62 207/3022/511
f 207/3022/511 1022/1073/62 1026/1079/68 208/3023/512
f 208/3023/512 1026/1079/68 1044/1083/49 209/3024/513
f 209/3025/513 1044/1101/49 1043/1099/47 210/3026/514
f 210/3026/514 1043/1099/47 1042/1096/44 211/3027/515
f 211/3027/515 1042/1096/44 1018/146/239 206/145/516
f 1017/400/261 2442/399/421 2448/3028/194 1031/1085/234
f 1031/1085/234 2448/3028/194 2452/3029/200 1032/1088/236
f 1032/1088/236 2452/3029/200 2470/2207/204 1033/1090/237
f 1033/1107/237 2470/2231/204 2469/2229/223 1049/1104/241
f 1049/1104/241 2469/2229/223 2468/2226/220 1045/1098/262
f 1045/1098/262 2468/2226/220 2444/147/219 1018/146/239
f 2443/498/424 409/497/517 414/3030/518 2457/2213/208
f 2457/2213/208 414/3030/518 413/3031/519 2458/2216/211
f 2458/2216/211 413/3031/519 412/3032/520 2459/2218/213
f 2459/2238/213 412/3033/520 411/3034/521 2475/2234/226
f 2475/2234/226 411/3034/521 410/3035/522 2471/2228/222
f 2471/2228/222 410/3035/522 408/144/523 2444/147/219
f 1640/479/468 1603/478/289 1609/3036/291 1642/3037/469
f 1642/3037/469 1609/3036/291 1613/3038/294 1643/3039/470
f 1643/3039/470 1613/3038/294 1631/1486/295 1644/2885/471
f 1644/2888/471 1631/1510/295 1630/1508/301 1645/3040/472
f 1645/3040/472 1630/1508/301 1629/1505/300 1646/2891/473
f 1646/2891/473 1629/1505/300 1605/98/299 1641/97/474
f 1604/121/296 311/120/517 316/3041/518 1618/1492/208
f 1618/1492/208 316/3041/518 315/3042/519 1619/1495/211
f 1619/1495/211 315/3042/519 314/3043/520 1620/1497/213
f 1620/1517/213 314/3044/520 313/3045/521 1636/1513/226
f 1636/1513/226 313/3045/521 312/3046/522 1632/1507/222
f 1632/1507/222 312/3046/522 310/95/523 1605/98/299
f 2324/447/412 1206/328/154 1212/3047/157 2327/2074/134
f 2327/2074/134 1212/3047/157 1216/3048/163 2328/2077/137
f 2328/2077/137 1216/3048/163 1234/1235/167 2329/2079/139
f 2329/2096/139 1234/1260/167 1233/1258/186 2346/2093/152
f 2346/2093/152 1233/1258/186 1232/1255/183 2342/2087/148
f 2342/2087/148 1232/1255/183 1208/627/182 2325/626/145
f 1207/124/170 241/123/531 246/3049/532 1221/1242/171
f 1221/1242/171 246/3049/532 245/3050/533 1222/1245/174
f 1222/1245/174 245/3050/533 244/3051/534 1223/1247/176
f 1223/1267/176 244/3052/534 243/3053/535 1239/1263/189
f 1239/1263/189 243/3053/535 242/3054/536 1235/1257/185
f 1235/1257/185 242/3054/536 240/624/537 1208/627/182
f 667/126/559 674/125/559 679/3055/560 672/3056/560
f 672/3056/560 679/3055/560 678/3057/561 671/3058/561
f 671/3058/561 678/3057/561 677/2995/562 670/3059/562
f 670/3060/562 677/2996/562 676/2999/563 669/3061/563
f 669/3061/563 676/2999/563 675/3001/564 668/3062/564
f 668/3062/564 675/3001/564 673/352/565 666/351/565
f 660/133/559 653/132/559 658/2961/560 665/3063/560
f 665/3063/560 658/2961/560 657/2963/561 664/3064/561
f 664/3064/561 657/2963/561 656/2965/562 663/3065/562
f 663/3066/562 656/2966/562 655/3067/563 662/3068/563
f 662/3068/563 655/3067/563 654/2971/564 661/3069/564
f 661/3069/564 654/2971/564 652/151/565 659/150/565
f 959/401/447 2244/514/405 2261/2001/377 964/3070/448
f 964/3070/448 2261/2001/377 2265/2007/381 963/3071/449
f 963/3071/449 2265/2007/381 2248/2011/368 962/3072/450
f 962/3073/450 2248/1989/368 2247/1987/366 961/3074/451
f 961/3074/451 2247/1987/366 2246/1984/363 960/3075/452
f 960/3075/452 2246/1984/363 2243/566/362 958/414/453
f 1091/448/545 2206/629/245 2212/1941/247 1096/3076/546
f 1096/3076/546 2212/1941/247 2216/1947/89 1095/3077/547
f 1095/3077/547 2216/1947/89 2234/1951/93 1094/3078/548
f 1094/3079/548 2234/1974/93 2233/1972/112 1093/3080/549
f 1093/3080/549 2233/1972/112 2232/1969/109 1092/3081/550
f 1092/3081/550 2232/1969/109 2208/263/108 1090/262/551
f 2207/75/403 192/74/461 197/3082/462 2221/1954/97
f 2221/1954/97 197/3082/462 196/3083/463 2222/1957/100
f 2222/1957/100 196/3083/463 195/3084/464 2223/1959/102
f 2223/1981/102 195/3085/464 194/3086/465 2239/1977/115
f 2239/1977/115 194/3086/465 193/3087/466 2235/1971/111
f 2235/1971/111 193/3087/466 191/260/467 2208/263/108
f 646/173/559 638/377/559 640/3088/560 651/3089/560
f 651/3089/560 640/3088/560 641/3090/561 650/3091/561
f 650/3091/561 641/3090/561 642/3092/562 649/3093/562
f 649/3094/562 642/3095/562 643/3096/563 648/3097/563
f 648/3097/563 643/3096/563 644/3098/564 647/3099/564
f 647/3099/564 644/3098/564 639/356/565 645/355/565
f 1596/24/447 1590/155/447 1595/2850/448 1598/2731/448
f 1598/2731/448 1595/2850/448 1594/2852/449 1599/2733/449
f 1599/2733/449 1594/2852/449 1593/2854/450 1600/2735/450
f 1600/2738/450 1593/2855/450 1592/3100/451 1601/3101/451
f 1601/3101/451 1592/3100/451 1591/2860/452 1602/2741/452
f 1602/2741/452 1591/2860/452 1589/191/453 1597/190/453
f 625/157/559 631/156/483 633/3102/484 630/3103/560
f 630/3103/560 633/3102/484 634/3104/486 629/3105/561
f 629/3105/561 634/3104/486 635/3106/488 628/3107/562
f 628/3108/562 635/3109/488 636/3110/490 627/3111/563
f 627/3111/563 636/3110/490 637/3112/492 626/3113/564
f 626/3113/564 637/3112/492 632/315/494 624/314/565
f 938/160/447 1141/163/447 1143/3114/448 943/3115/448
f 943/3115/448 1143/3114/448 1144/3116/449 942/3117/449
f 942/3117/449 1144/3116/449 1145/3118/450 941/3119/450
f 941/3120/450 1145/3121/450 1146/3122/451 940/3123/451
f 940/3123/451 1146/3122/451 1147/3124/452 939/3125/452
f 939/3125/452 1147/3124/452 1142/491/453 937/490/453
f 2090/333/475 2199/444/475 2201/3126/476 2092/3127/476
f 2092/3127/476 2201/3126/476 2202/3128/477 2093/3129/477
f 2093/3129/477 2202/3128/477 2203/3130/478 2094/2827/478
f 2094/2830/478 2203/3131/478 2204/3132/479 2095/2831/479
f 2095/2831/479 2204/3132/479 2205/3133/480 2096/2833/480
f 2096/2833/480 2205/3133/480 2200/48/481 2091/47/481
f 617/474/559 610/174/559 612/3134/560 619/2960/560
f 619/2960/560 612/3134/560 613/3135/561 620/2962/561
f 620/2962/561 613/3135/561 614/3136/562 621/2964/562
f 621/2967/562 614/3137/562 615/3138/563 622/3139/563
f 622/3139/563 615/3138/563 616/3140/564 623/2970/564
f 623/2970/564 616/3140/564 611/360/565 618/359/565
f 2098/407/475 2163/406/303 2180/1911/306 2103/3141/476
f 2103/3141/476 2180/1911/306 2184/1917/312 2102/3142/477
f 2102/3142/477 2184/1917/312 2167/1921/316 2101/3143/478
f 2101/3144/478 2167/1899/316 2166/1897/335 2100/3145/479
f 2100/3145/479 2166/1897/335 2165/1894/332 2099/3146/480
f 2099/3146/480 2165/1894/332 2162/638/331 2097/637/481
f 596/178/559 603/177/559 605/3147/560 598/3148/560
f 598/3148/560 605/3147/560 606/3149/561 599/3150/561
f 599/3150/561 606/3149/561 607/3151/562 600/2994/562
f 600/2997/562 607/3152/562 608/3153/563 601/2998/563
f 601/2998/563 608/3153/563 609/3154/564 602/3000/564
f 602/3000/564 609/3154/564 604/106/565 597/105/565
f 2084/93/538 2155/274/475 2157/3155/476 2089/3156/539
f 2089/3156/539 2157/3155/476 2158/3157/477 2088/3158/540
f 2088/3158/540 2158/3157/477 2159/3159/478 2087/3160/541
f 2087/3161/541 2159/3162/478 2160/3163/479 2086/3164/542
f 2086/3164/542 2160/3163/479 2161/3165/480 2085/3166/574
f 2085/3166/574 2161/3165/480 2156/199/481 2083/198/544
f 2612/175/475 2523/475/566 2525/3167/567 2617/3168/476
f 2617/3168/476 2525/3167/567 2526/3169/568 2616/3170/477
f 2616/3170/477 2526/3169/568 2527/3171/569 2615/3172/478
f 2615/3173/478 2527/3174/569 2528/3175/570 2614/3176/479
f 2614/3176/479 2528/3175/570 2529/3177/575 2613/3178/480
f 2613/3178/480 2529/3177/575 2524/227/572 2611/512/481
f 1583/276/576 1763/294/576 1765/3179/577 1588/3180/577
f 1588/3180/577 1765/3179/577 1766/3181/578 1587/3182/578
f 1587/3182/578 1766/3181/578 1767/3183/579 1586/3184/579
f 1586/3185/579 1767/3186/579 1768/3187/580 1585/3188/580
f 1585/3188/580 1768/3187/580 1769/3189/581 1584/3190/581
f 1584/3190/581 1769/3189/581 1764/165/582 1582/16/582
f 2442/435/421 2406/532/388 2423/2174/389 2445/2202/422
f 2445/2202/422 2423/2174/389 2427/2180/420 2446/2205/195
f 2446/2205/195 2427/2180/420 2410/2184/419 2447/2207/423
f 2447/2224/423 2410/2162/419 2409/2160/418 2464/2221/216
f 2464/2221/216 2409/2160/418 2408/2157/417 2460/2215/425
f 2460/2215/425 2408/2157/417 2405/499/416 2443/498/424
f 2077/273/475 2112/331/475 2117/3191/476 2082/3192/476
f 2082/3192/476 2117/3191/476 2116/3193/477 2081/3194/477
f 2081/3194/477 2116/3193/477 2115/2828/478 2080/3195/478
f 2080/3196/478 2115/2829/478 2114/2832/479 2079/3197/479
f 2079/3197/479 2114/2832/479 2113/2834/480 2078/3198/480
f 2078/3198/480 2113/2834/480 2111/208/481 2076/207/481
f 1712/277/303 1583/276/576 1588/3199/577 1715/1564/304
f 1715/1564/304 1588/3199/577 1587/3182/578 1716/1567/307
f 1716/1567/307 1587/3182/578 1586/3184/579 1717/1569/309
f 1717/1591/309 1586/3185/579 1585/3200/580 1734/1587/328
f 1734/1587/328 1585/3200/580 1584/3190/581 1730/1581/322
f 1730/1581/322 1584/3190/581 1582/16/582 1713/15/319
f 1568/200/447 1562/203/447 1567/2794/448 1570/2671/448
f 1570/2671/448 1567/2794/448 1566/2796/449 1571/2673/449
f 1571/2673/449 1566/2796/449 1565/2798/450 1572/2675/450
f 1572/2678/450 1565/2799/450 1564/3201/451 1573/3202/451
f 1573/3202/451 1564/3201/451 1563/2804/452 1574/2681/452
f 1574/2681/452 1563/2804/452 1561/455/453 1569/454/453
f 2070/323/475 2104/322/475 2106/3203/476 2075/3204/476
f 2075/3204/476 2106/3203/476 2107/3205/477 2074/3206/477
f 2074/3206/477 2107/3205/477 2108/3207/478 2073/3208/478
f 2073/3209/478 2108/3210/478 2109/3211/479 2072/3212/479
f 2072/3212/479 2109/3211/479 2110/3213/480 2071/3214/480
f 2071/3214/480 2110/3213/480 2105/569/481 2069/568/481
f 2155/274/475 2077/273/475 2082/3215/476 2157/3216/476
f 2157/3216/476 2082/3215/476 2081/3217/477 2158/3218/477
f 2158/3218/477 2081/3217/477 2080/3195/478 2159/3159/478
f 2159/3162/478 2080/3196/478 2079/3197/479 2160/3163/479
f 2160/3163/479 2079/3197/479 2078/3198/480 2161/3165/480
f 2161/3165/480 2078/3198/480 2076/206/481 2156/205/481
f 1763/294/576 900/293/245 906/990/247 1765/3219/577
f 1765/3219/577 906/990/247 910/996/89 1766/3181/578
f 1766/3181/578 910/996/89 928/1000/93 1767/3183/579
f 1767/3186/579 928/1023/93 927/1021/112 1768/3220/580
f 1768/3220/580 927/1021/112 926/1018/109 1769/3189/581
f 1769/3189/581 926/1018/109 902/632/108 1764/631/582
f 901/581/251 178/580/461 183/3221/462 915/1003/97
f 915/1003/97 183/3221/462 182/3222/463 916/1006/100
f 916/1006/100 182/3222/463 181/3223/464 917/1008/102
f 917/1030/102 181/3224/464 180/3225/465 933/1026/115
f 933/1026/115 180/3225/465 179/3226/466 929/1020/111
f 929/1020/111 179/3226/466 177/630/467 902/632/108
f 268/77/524 1487/80/273 1493/1406/120 270/3227/525
f 270/3227/525 1493/1406/120 1497/1412/126 271/3228/526
f 271/3228/526 1497/1412/126 1515/1416/130 272/3223/527
f 272/3229/527 1515/1434/130 1514/1432/149 273/3230/528
f 273/3230/528 1514/1432/149 1513/1429/146 274/3231/529
f 274/3231/529 1513/1429/146 1489/541/145 269/540/530
f 1488/295/278 1524/275/282 1530/3232/157 1502/1418/134
f 1502/1418/134 1530/3232/157 1534/3233/163 1503/1421/137
f 1503/1421/137 1534/3233/163 1552/1448/167 1504/1423/139
f 1504/1440/139 1552/1472/167 1551/1470/186 1520/1437/152
f 1520/1437/152 1551/1470/186 1550/1467/183 1516/1431/281
f 1516/1431/281 1550/1467/183 1526/542/182 1489/541/145
f 1525/211/286 276/210/531 281/3234/532 1539/1454/171
f 1539/1454/171 281/3234/532 280/3235/533 1540/1457/174
f 1540/1457/174 280/3235/533 279/3236/534 1541/1459/176
f 1541/1479/176 279/3237/534 278/3238/535 1557/1475/189
f 1557/1475/189 278/3238/535 277/3239/536 1553/1469/185
f 1553/1469/185 277/3239/536 275/539/537 1526/542/182
f 352/29/454 1916/32/383 1922/1739/334 354/3240/455
f 354/3240/455 1922/1739/334 1926/1745/338 355/3241/456
f 355/3241/456 1926/1745/338 1944/1749/325 356/3242/457
f 356/3243/457 1944/1772/325 1943/1770/323 357/3244/458
f 357/3244/458 1943/1770/323 1942/1767/320 358/3245/459
f 358/3245/459 1942/1767/320 1918/659/319 353/658/460
f 1917/310/388 1322/309/80 1328/1316/83 1931/1752/304
f 1931/1752/304 1328/1316/83 1332/1322/89 1932/1755/307
f 1932/1755/307 1332/1322/89 1350/1326/93 1933/1757/309
f 1933/1779/309 1350/1349/93 1349/1347/112 1949/1775/328
f 1949/1775/328 1349/1347/112 1348/1344/109 1945/1769/322
f 1945/1769/322 1348/1344/109 1324/660/108 1918/659/319
f 1323/215/96 262/214/461 267/3246/462 1337/1329/97
f 1337/1329/97 267/3246/462 266/3247/463 1338/1332/100
f 1338/1332/100 266/3247/463 265/3248/464 1339/1334/102
f 1339/1356/102 265/3025/464 264/3249/465 1355/1352/115
f 1355/1352/115 264/3249/465 263/3250/466 1351/1346/111
f 1351/1346/111 263/3250/466 261/657/467 1324/660/108
f 1135/585/447 582/518/447 584/3251/448 1140/3252/448
f 1140/3252/448 584/3251/448 585/3253/449 1139/3254/449
f 1139/3254/449 585/3253/449 586/3255/450 1138/3256/450
f 1138/3257/450 586/3258/450 587/3259/451 1137/3260/451
f 1137/3260/451 587/3259/451 588/3261/452 1136/3262/452
f 1136/3262/452 588/3261/452 583/392/453 1134/391/453
f 1968/250/566 695/422/133 712/3263/136 1973/3264/567
f 1973/3264/567 712/3263/136 716/3265/142 1972/3266/568
f 1972/3266/568 716/3265/142 699/816/123 1971/3267/569
f 1971/3268/569 699/802/123 698/800/121 1970/3269/570
f 1970/3269/570 698/800/121 697/797/118 1969/3270/571
f 1969/3270/571 697/797/118 694/495/117 1967/494/583
f 1771/19/475 1749/417/475 1751/3271/476 1776/3272/476
f 1776/3272/476 1751/3271/476 1752/3273/477 1775/3274/477
f 1775/3274/477 1752/3273/477 1753/3275/478 1774/3276/478
f 1774/3277/478 1753/3278/478 1754/3279/479 1773/3280/479
f 1773/3280/479 1754/3279/479 1755/3281/480 1772/3282/480
f 1772/3282/480 1755/3281/480 1750/11/481 1770/545/481
f 2918/466/475 2925/465/303 2942/2643/306 2923/3283/476
f 2923/3283/476 2942/2643/306 2946/2649/312 2922/3284/477
f 2922/3284/477 2946/2649/312 2929/2653/316 2921/3285/478
f 2921/3286/478 2929/2631/316 2928/2629/335 2920/3287/479
f 2920/3287/479 2928/2629/335 2927/2626/332 2919/3288/480
f 2919/3288/480 2927/2626/332 2924/571/331 2917/239/481
f 2853/319/475 2859/318/475 2861/3289/476 2858/3290/476
f 2858/3290/476 2861/3289/476 2862/3291/477 2857/3292/477
f 2857/3292/477 2862/3291/477 2863/3293/478 2856/3294/478
f 2856/3295/478 2863/3296/478 2864/3297/479 2855/3298/479
f 2855/3298/479 2864/3297/479 2865/3299/480 2854/3300/480
f 2854/3300/480 2865/3299/480 2860/238/481 2852/656/481
f 2368/531/80 1648/434/559 1653/2972/560 2371/2112/81
f 2371/2112/81 1653/2972/560 1652/2973/561 2372/2115/84
f 2372/2115/84 1652/2973/561 1651/2974/562 2373/2117/415
f 2373/2139/415 1651/2975/562 1650/3301/563 2390/2135/105
f 2390/2135/105 1650/3301/563 1649/2977/564 2386/2129/99
f 2386/2129/99 1649/2977/564 1647/71/565 2369/578/96
f 2104/322/475 2098/407/475 2103/3302/476 2106/3303/476
f 2106/3303/476 2103/3302/476 2102/3304/477 2107/3305/477
f 2107/3305/477 2102/3304/477 2101/3143/478 2108/3207/478
f 2108/3210/478 2101/3144/478 2100/3145/479 2109/3211/479
f 2109/3211/479 2100/3145/479 2099/3146/480 2110/3213/480
f 2110/3213/480 2099/3146/480 2097/169/481 2105/168/481
f 2911/655/475 2903/654/475 2905/3306/476 2916/3307/476
f 2916/3307/476 2905/3306/476 2906/3308/477 2915/3309/477
f 2915/3309/477 2906/3308/477 2907/3310/478 2914/3311/478
f 2914/3312/478 2907/3313/478 2908/3314/479 2913/3315/479
f 2913/3315/479 2908/3314/479 2909/3316/480 2912/3317/480
f 2912/3317/480 2909/3316/480 2904/220/481 2910/219/481
f 582/518/447 575/244/447 577/3318/448 584/3319/448
f 584/3319/448 577/3318/448 578/3320/449 585/3321/449
f 585/3321/449 578/3320/449 579/3322/450 586/3255/450
f 586/3258/450 579/3323/450 580/3324/451 587/3325/451
f 587/3325/451 580/3324/451 581/3326/452 588/3261/452
f 588/3261/452 581/3326/452 576/370/453 583/369/453
f 2839/462/475 2845/461/475 2847/3327/476 2844/3328/476
f 2844/3328/476 2847/3327/476 2848/3329/477 2843/3330/477
f 2843/3330/477 2848/3329/477 2849/3331/478 2842/3332/478
f 2842/3333/478 2849/3334/478 2850/3335/479 2841/3336/479
f 2841/3336/479 2850/3335/479 2851/3337/480 2840/3338/480
f 2840/3338/480 2851/3337/480 2846/28/481 2838/27/481
f 1453/302/559 1394/249/559 1396/3339/560 1458/3340/560
f 1458/3340/560 1396/3339/560 1397/3341/561 1457/3342/561
f 1457/3342/561 1397/3341/561 1398/3343/562 1456/3344/562
f 1456/3345/562 1398/3346/562 1399/3347/563 1455/3348/563
f 1455/3348/563 1399/3347/563 1400/3349/564 1454/3350/564
f 1454/3350/564 1400/3349/564 1395/308/565 1452/307/565
f 2019/651/475 1909/102/475 1911/3351/476 2024/3352/476
f 2024/3352/476 1911/3351/476 1912/3353/477 2023/3354/477
f 2023/3354/477 1912/3353/477 1913/3355/478 2022/3356/478
f 2022/3357/478 1913/3358/478 1914/3359/479 2021/3360/479
f 2021/3360/479 1914/3359/479 1915/3361/480 2020/3362/480
f 2020/3362/480 1915/3361/480 1910/584/481 2018/583/481
f 1474/257/559 1481/256/559 1486/2979/560 1479/3363/560
f 1479/3363/560 1486/2979/560 1485/2981/561 1478/3364/561
f 1478/3364/561 1485/2981/561 1484/2983/562 1477/3365/562
f 1477/3366/562 1484/2984/562 1483/3367/563 1476/3368/563
f 1476/3368/563 1483/3367/563 1482/2989/564 1475/3369/564
f 1475/3369/564 1482/2989/564 1480/300/565 1473/470/565
f 2206/629/245 1017/628/261 1034/3370/235 2209/1939/246
f 2209/1939/246 1034/3370/235 1038/1092/238 2210/1942/248
f 2210/1942/248 1038/1092/238 1021/1090/231 2211/1944/402
f 2211/1966/402 1021/1076/231 1020/1074/230 2228/1962/253
f 2228/1962/253 1020/1074/230 1019/1071/260 2224/1956/404
f 2224/1956/404 1019/1071/260 1016/76/259 2207/75/403
f 2721/537/509 2025/608/391 2031/1822/392 2726/3371/508
f 2726/3371/508 2031/1822/392 2035/1828/393 2725/3372/507
f 2725/3372/507 2035/1828/393 2053/1831/394 2724/3373/506
f 2724/3374/506 2053/1852/394 2052/1850/399 2723/3375/505
f 2723/3375/505 2052/1850/399 2051/1847/398 2722/3376/504
f 2722/3376/504 2051/1847/398 2027/418/397 2720/421/503
f 965/552/551 972/551/43 978/1035/46 967/2892/550
f 967/2892/550 978/1035/46 982/1041/244 968/2890/549
f 968/2890/549 982/1041/244 1000/1044/56 969/2887/548
f 969/2886/548 1000/1065/56 999/1063/75 970/3377/547
f 970/3377/547 999/1063/75 998/1060/72 971/3378/546
f 971/3378/546 998/1060/72 974/347/257 966/346/545
f 2625/534/453 2677/533/453 2682/2765/452 2627/2748/452
f 2627/2748/452 2682/2765/452 2681/2763/451 2628/2747/451
f 2628/2747/451 2681/2763/451 2680/2762/450 2629/2746/450
f 2629/2745/450 2680/2759/450 2679/2757/449 2630/2744/449
f 2630/2744/449 2679/2757/449 2678/2755/448 2631/2743/448
f 2631/2743/448 2678/2755/448 2676/345/447 2626/348/447
f 1090/598/551 1097/597/43 1103/1156/46 1092/3081/550
f 1092/3081/550 1103/1156/46 1107/1162/52 1093/3379/549
f 1093/3379/549 1107/1162/52 1125/1165/56 1094/3079/548
f 1094/3078/548 1125/1186/56 1124/1184/75 1095/3380/547
f 1095/3380/547 1124/1184/75 1123/1181/72 1096/3076/546
f 1096/3076/546 1123/1181/72 1099/449/71 1091/448/545
f 2632/517/509 2537/516/391 2543/2287/392 2634/2766/508
f 2634/2766/508 2543/2287/392 2547/2293/428 2635/2764/507
f 2635/2764/507 2547/2293/428 2565/2296/394 2636/2761/506
f 2636/2760/506 2565/2317/394 2564/2315/399 2637/2758/505
f 2637/2758/505 2564/2315/399 2563/2312/398 2638/2756/504
f 2638/2756/504 2563/2312/398 2539/477/397 2633/480/503
f 2727/212/433 1525/211/286 1542/1456/287 2730/2446/434
f 2730/2446/434 1542/1456/287 1546/1462/288 2731/2449/435
f 2731/2449/435 1546/1462/288 1529/1465/285 2732/2451/436
f 2732/2473/436 1529/1447/285 1528/1445/284 2749/2469/440
f 2749/2469/440 1528/1445/284 1527/1442/283 2745/2463/439
f 2745/2463/439 1527/1442/283 1524/457/282 2728/456/438
f 1698/52/481 2764/51/346 2770/2493/441 1700/2712/480
f 1700/2712/480 2770/2493/441 2774/2499/355 1701/3381/479
f 1701/3381/479 2774/2499/355 2792/2503/359 1702/2710/478
f 1702/2709/478 2792/2526/359 2791/2524/378 1703/2708/477
f 1703/2708/477 2791/2524/378 2790/2521/375 1704/2707/476
f 1704/2707/476 2790/2521/375 2766/458/374 1699/278/475
f 2765/530/362 2729/529/34 2756/2478/272 2779/2506/363
f 2779/2506/363 2756/2478/272 2760/2484/41 2780/2509/366
f 2780/2509/366 2760/2484/41 2744/2488/28 2781/2511/368
f 2781/2533/368 2744/2466/28 2743/2464/26 2797/2529/381
f 2797/2529/381 2743/2464/26 2742/2461/23 2793/2523/377
f 2793/2523/377 2742/2461/23 2728/456/438 2766/458/374
f 886/56/495 732/55/170 749/848/173 888/2730/493
f 888/2730/493 749/848/173 753/854/179 889/2728/491
f 889/2728/491 753/854/179 736/857/160 890/2725/489
f 890/2724/489 736/840/160 735/838/158 891/3382/487
f 891/3382/487 735/838/158 734/835/155 892/2720/485
f 892/2720/485 734/835/155 731/416/154 887/18/482
f 849/486/59 894/291/494 899/2729/492 852/949/60
f 852/949/60 899/2729/492 898/3383/490 853/952/63
f 853/952/63 898/3383/490 897/2726/488 854/954/65
f 854/969/65 897/2723/488 896/3384/486 871/3385/242
f 871/3385/242 896/3384/486 895/2719/484 867/3386/74
f 867/3386/74 895/2719/484 893/17/483 850/283/71
f 1757/234/544 1777/554/296 1783/1611/340 1762/3387/574
f 1762/3387/574 1783/1611/340 1787/1617/341 1761/3388/542
f 1761/3388/542 1787/1617/341 1805/1620/293 1760/3389/541
f 1760/3390/541 1805/1641/293 1804/1639/292 1759/3391/540
f 1759/3391/540 1804/1639/292 1803/1636/290 1758/3392/539
f 1758/3392/539 1803/1636/290 1779/284/289 1756/20/538
f 1487/80/273 2801/79/443 2807/2538/444 1490/1404/274
f 1490/1404/274 2807/2538/444 2811/2544/411 1491/1407/275
f 1491/1407/275 2811/2544/411 2829/2548/445 1492/1409/276
f 1492/1423/276 2829/2571/445 2828/2569/407 1509/3393/280
f 1509/3393/280 2828/2569/407 2827/2566/406 1505/3394/279
f 1505/3394/279 2827/2566/406 2803/452/405 1488/451/278
f 2802/538/362 2721/537/509 2726/3371/508 2816/2551/363
f 2816/2551/363 2726/3371/508 2725/3395/507 2817/2554/366
f 2817/2554/366 2725/3395/507 2724/3373/506 2818/2556/368
f 2818/2578/368 2724/3374/506 2723/3375/505 2834/2574/381
f 2834/2574/381 2723/3375/505 2722/3376/504 2830/2568/431
f 2830/2568/431 2722/3376/504 2720/421/503 2803/452/405
f 1367/428/565 1466/442/565 1468/3396/564 1372/3397/564
f 1372/3397/564 1468/3396/564 1469/3398/563 1371/3399/563
f 1371/3399/563 1469/3398/563 1470/3400/562 1370/3401/562
f 1370/3402/562 1470/3403/562 1471/3404/561 1369/3405/561
f 1369/3405/561 1471/3404/561 1472/3406/560 1368/3407/560
f 1368/3407/560 1472/3406/560 1467/546/559 1366/296/559
f 1852/526/481 1953/525/481 1955/3408/480 1857/3409/480
f 1857/3409/480 1955/3408/480 1956/3410/479 1856/3411/479
f 1856/3411/479 1956/3410/479 1957/3412/478 1855/3413/478
f 1855/3414/478 1957/3415/478 1958/3416/477 1854/3417/477
f 1854/3417/477 1958/3416/477 1959/3418/476 1853/3419/476
f 1853/3419/476 1959/3418/476 1954/297/475 1851/547/475
f 1460/441/565 1387/446/565 1389/3420/564 1465/3421/564
f 1465/3421/564 1389/3420/564 1390/3422/563 1464/3423/563
f 1464/3423/563 1390/3422/563 1391/3424/562 1463/3425/562
f 1463/3426/562 1391/3427/562 1392/3428/561 1462/3429/561
f 1462/3429/561 1392/3428/561 1393/3430/560 1461/3431/560
f 1461/3431/560 1393/3430/560 1388/99/559 1459/650/559
f 1473/470/565 1359/216/565 1361/3432/564 1475/3369/564
f 1475/3369/564 1361/3432/564 1362/3433/563 1476/3434/563
f 1476/3434/563 1362/3433/563 1363/3435/562 1477/3366/562
f 1477/3365/562 1363/3436/562 1364/3437/561 1478/3364/561
f 1478/3364/561 1364/3437/561 1365/3438/560 1479/3363/560
f 1479/3363/560 1365/3438/560 1360/264/559 1474/257/559
f 1149/366/565 1287/365/565 1289/3439/564 1154/3440/564
f 1154/3440/564 1289/3439/564 1290/3441/563 1153/3442/563
f 1153/3442/563 1290/3441/563 1291/3443/562 1152/3444/562
f 1152/3445/562 1291/3446/562 1292/3447/561 1151/3448/561
f 1151/3448/561 1292/3447/561 1293/3449/560 1150/3450/560
f 1150/3450/560 1293/3449/560 1288/404/559 1148/321/559
f 1169/110/59 1243/109/584 1245/3451/585 1172/1192/60
f 1172/1192/60 1245/3451/585 1246/3452/586 1173/1195/63
f 1173/1195/63 1246/3452/586 1247/3453/587 1174/1197/65
f 1174/1211/65 1247/3454/587 1248/3455/588 1191/3456/242
f 1191/3456/242 1248/3455/588 1249/3457/589 1187/3458/74
f 1187/3458/74 1249/3457/589 1244/92/590 1170/91/71
f 2083/231/544 2118/230/296 2124/1861/340 2085/3459/574
f 2085/3459/574 2124/1861/340 2128/1866/341 2086/3164/542
f 2086/3164/542 2128/1866/341 2146/1172/293 2087/3161/541
f 2087/3160/541 2146/1888/293 2145/1886/292 2088/3460/540
f 2088/3460/540 2145/1886/292 2144/1883/290 2089/3461/539
f 2089/3461/539 2144/1883/290 2120/94/289 2084/93/538
f 1295/595/565 1155/594/565 1157/3462/564 1300/3463/564
f 1300/3463/564 1157/3462/564 1158/3464/563 1299/3465/563
f 1299/3465/563 1158/3464/563 1159/3466/562 1298/3467/562
f 1298/3468/562 1159/3469/562 1160/3470/561 1297/3471/561
f 1297/3471/561 1160/3470/561 1161/3472/560 1296/3473/560
f 1296/3473/560 1161/3472/560 1156/320/559 1294/443/559
f 2069/649/481 2200/648/481 2205/3133/480 2071/3214/480
f 2071/3214/480 2205/3133/480 2204/3132/479 2072/3212/479
f 2072/3212/479 2204/3132/479 2203/3131/478 2073/3209/478
f 2073/3208/478 2203/3130/478 2202/3474/477 2074/3475/477
f 2074/3475/477 2202/3474/477 2201/3476/476 2075/3477/476
f 2075/3477/476 2201/3476/476 2199/444/475 2070/323/475
f 2531/186/544 2574/488/296 2580/2325/340 2536/3478/574
f 2536/3478/574 2580/2325/340 2584/2331/341 2535/3479/542
f 2535/3479/542 2584/2331/341 2602/2334/293 2534/3480/541
f 2534/3481/541 2602/2351/293 2601/2349/292 2533/3482/540
f 2533/3482/540 2601/2349/292 2600/2346/290 2532/3483/539
f 2532/3483/539 2600/2346/290 2576/408/289 2530/176/538
f 532/8/565 539/7/96 556/769/99 537/3484/564
f 537/3484/564 556/769/99 560/775/105 536/3485/563
f 536/3485/563 560/775/105 543/779/86 535/3486/562
f 535/3487/562 543/757/86 542/755/84 534/3488/561
f 534/3488/561 542/755/84 541/752/81 533/3489/560
f 533/3489/560 541/752/81 538/38/80 531/37/559
f 2486/153/331 2618/122/544 2620/3490/574 2489/2240/332
f 2489/2240/332 2620/3490/574 2621/3491/542 2490/2243/335
f 2490/2243/335 2621/3491/542 2622/3492/541 2491/2245/316
f 2491/2267/316 2622/3493/541 2623/3494/540 2508/2263/312
f 2508/2263/312 2623/3494/540 2624/3495/539 2504/2257/306
f 2504/2257/306 2624/3495/539 2619/40/538 2487/39/303
f 450/646/6 639/356/565 644/3098/564 453/667/7
f 453/667/7 644/3098/564 643/3496/563 454/670/10
f 454/670/10 643/3496/563 642/3095/562 455/672/12
f 455/694/12 642/3092/562 641/3090/561 472/690/31
f 472/690/31 641/3090/561 640/3088/560 468/684/25
f 468/684/25 640/3088/560 638/377/559 451/376/22
f 443/3497/453 452/697/34 479/700/37 445/3498/452
f 445/3498/452 479/700/37 483/706/41 446/3499/451
f 446/3499/451 483/706/41 467/710/28 447/2737/450
f 447/2736/450 467/687/28 466/685/26 448/2734/449
f 448/2734/449 466/685/26 465/682/23 449/2732/448
f 449/2732/448 465/682/23 451/376/22 444/21/447
f 1692/344/474 2479/343/582 2481/3500/581 1697/3501/473
f 1697/3501/473 2481/3500/581 2482/3502/580 1696/3503/472
f 1696/3503/472 2482/3502/580 2483/3504/579 1695/3505/471
f 1695/3506/471 2483/3507/579 2484/3508/578 1694/3509/470
f 1694/3509/470 2484/3508/578 2485/3510/577 1693/3511/469
f 1693/3511/469 2485/3510/577 2480/154/576 1691/23/468
f 1010/340/582 2361/339/551 2363/3512/550 1015/3513/581
f 1015/3513/581 2363/3512/550 2364/3514/549 1014/3515/580
f 1014/3515/580 2364/3514/549 2365/3516/548 1013/3517/579
f 1013/3518/579 2365/3519/548 2366/3520/547 1012/3521/578
f 1012/3521/578 2366/3520/547 2367/3522/546 1011/3523/577
f 1011/3523/577 2367/3522/546 2362/161/545 1009/362/576
f 937/432/453 945/431/453 950/2859/452 939/3125/452
f 939/3125/452 950/2859/452 949/3524/451 940/3525/451
f 940/3525/451 949/3524/451 948/2856/450 941/3120/450
f 941/3119/450 948/2853/450 947/2851/449 942/3117/449
f 942/3117/449 947/2851/449 946/2849/448 943/3115/448
f 943/3115/448 946/2849/448 944/363/447 938/160/447
f 1134/612/453 1142/611/453 1147/3124/452 1136/3262/452
f 1136/3262/452 1147/3124/452 1146/3526/451 1137/3527/451
f 1137/3527/451 1146/3526/451 1145/3121/450 1138/3257/450
f 1138/3256/450 1145/3118/450 1144/3116/449 1139/3254/449
f 1139/3254/449 1144/3116/449 1143/3114/448 1140/3252/448
f 1140/3252/448 1143/3114/448 1141/163/447 1135/585/447
f 590/484/474 2062/483/582 2064/3528/581 595/3529/473
f 595/3529/473 2064/3528/581 2065/3530/580 594/3531/472
f 594/3531/472 2065/3530/580 2066/3532/579 593/3533/471
f 593/3534/471 2066/3535/579 2067/3536/578 592/3537/470
f 592/3537/470 2067/3536/578 2068/3538/577 591/3539/469
f 591/3539/469 2068/3538/577 2063/245/576 589/519/468
f 1439/412/582 1974/411/551 1976/3540/550 1444/3541/581
f 1444/3541/581 1976/3540/550 1977/3542/549 1443/3543/580
f 1443/3543/580 1977/3542/549 1978/3544/548 1442/3545/579
f 1442/3546/579 1978/3547/548 1979/3548/547 1441/3549/578
f 1441/3549/578 1979/3548/547 1980/3550/546 1440/3551/577
f 1440/3551/577 1980/3550/546 1975/575/545 1438/246/576
f 1309/374/453 1315/373/453 1317/3552/452 1314/3553/452
f 1314/3553/452 1317/3552/452 1318/3554/451 1313/3555/451
f 1313/3555/451 1318/3554/451 1319/3556/450 1312/3557/450
f 1312/3558/450 1319/3559/450 1320/3560/449 1311/3561/449
f 1311/3561/449 1320/3560/449 1321/3562/448 1310/3563/448
f 1310/3563/448 1321/3562/448 1316/247/447 1308/574/447
f 1576/282/474 1705/281/551 1707/3564/550 1581/3565/473
f 1581/3565/473 1707/3564/550 1708/3566/549 1580/3567/472
f 1580/3567/472 1708/3566/549 1709/3568/548 1579/3569/471
f 1579/3570/471 1709/3571/548 1710/3572/547 1578/3573/470
f 1578/3573/470 1710/3572/547 1711/3574/546 1577/3575/469
f 1577/3575/469 1711/3574/546 1706/202/545 1575/201/468
f 2575/600/430 1692/344/474 1697/3501/473 2589/2336/300
f 2589/2336/300 1697/3501/473 1696/3576/472 2590/2339/301
f 2590/2339/301 1696/3576/472 1695/3505/471 2591/986/342
f 2591/2351/342 1695/3506/471 1694/3509/470 2607/3577/294
f 2607/3577/294 1694/3509/470 1693/3578/469 2603/3579/344
f 2603/3579/344 1693/3578/469 1691/23/468 2576/22/289
f 1778/573/299 1576/282/474 1581/3565/473 1792/1622/300
f 1792/1622/300 1581/3565/473 1580/3567/472 1793/1625/301
f 1793/1625/301 1580/3567/472 1579/3569/471 1794/1627/342
f 1794/1641/342 1579/3570/471 1578/3573/470 1810/3580/294
f 1810/3580/294 1578/3573/470 1577/3581/469 1806/3582/344
f 1806/3582/344 1577/3581/469 1575/201/468 1779/375/289
f 2062/483/582 1439/412/582 1444/3541/581 2064/3528/581
f 2064/3528/581 1444/3541/581 1443/3543/580 2065/3530/580
f 2065/3530/580 1443/3543/580 1442/3545/579 2066/3532/579
f 2066/3535/579 1442/3546/579 1441/3549/578 2067/3536/578
f 2067/3536/578 1441/3549/578 1440/3583/577 2068/3584/577
f 2068/3584/577 1440/3583/577 1438/246/576 2063/245/576
f 1315/383/453 576/382/453 581/3326/452 1317/3552/452
f 1317/3552/452 581/3326/452 580/3585/451 1318/3586/451
f 1318/3586/451 580/3585/451 579/3323/450 1319/3556/450
f 1319/3559/450 579/3322/450 578/3320/449 1320/3560/449
f 1320/3560/449 578/3320/449 577/3318/448 1321/3562/448
f 1321/3562/448 577/3318/448 575/244/447 1316/247/447
f 2361/557/551 1171/556/43 1198/1219/243 2363/3512/550
f 2363/3512/550 1198/1219/243 1202/1225/244 2364/3514/549
f 2364/3514/549 1202/1225/244 1186/1228/56 2365/3516/548
f 2365/3519/548 1186/1211/56 1185/1209/75 2366/3520/547
f 2366/3520/547 1185/1209/75 1184/1206/72 2367/3587/546
f 2367/3587/546 1184/1206/72 1170/162/71 2362/161/545
f 2479/609/582 1010/340/582 1015/3513/581 2481/3500/581
f 2481/3500/581 1015/3513/581 1014/3515/580 2482/3502/580
f 2482/3502/580 1014/3515/580 1013/3517/579 2483/3504/579
f 2483/3507/579 1013/3518/579 1012/3521/578 2484/3508/578
f 2484/3508/578 1012/3521/578 1011/3588/577 2485/3589/577
f 2485/3589/577 1011/3588/577 1009/362/576 2480/154/576
f 1974/411/551 851/549/43 878/977/243 1976/3540/550
f 1976/3540/550 878/977/243 882/983/244 1977/3542/549
f 1977/3542/549 882/983/244 866/986/56 1978/3544/548
f 1978/3547/548 866/968/56 865/966/75 1979/3548/547
f 1979/3548/547 865/966/75 864/963/72 1980/3590/546
f 1980/3590/546 864/963/72 850/576/71 1975/575/545
f 687/381/453 1309/380/453 1314/3553/452 689/3591/452
f 689/3591/452 1314/3553/452 1313/3592/451 690/3593/451
f 690/3593/451 1313/3592/451 1312/3557/450 691/2876/450
f 691/2875/450 1312/3558/450 1311/3561/449 692/2874/449
f 692/2874/449 1311/3561/449 1310/3563/448 693/2873/448
f 693/2873/448 1310/3563/448 1308/574/447 688/1/447
f 2119/590/299 590/484/474 595/3529/473 2133/1869/300
f 2133/1869/300 595/3529/473 594/3531/472 2134/1872/301
f 2134/1872/301 594/3531/472 593/3533/471 2135/1874/342
f 2135/1888/342 593/3534/471 592/3537/470 2151/3594/294
f 2151/3594/294 592/3537/470 591/3595/469 2147/3596/344
f 2147/3596/344 591/3595/469 589/519/468 2120/610/289
f 1705/281/551 487/544/43 493/715/46 1707/3564/550
f 1707/3564/550 493/715/46 497/721/52 1708/3566/549
f 1708/3566/549 497/721/52 515/724/56 1709/3568/548
f 1709/3571/548 515/745/56 514/743/75 1710/3572/547
f 1710/3572/547 514/743/75 513/740/72 1711/3597/546
f 1711/3597/546 513/740/72 489/476/71 1706/202/545
f 645/355/565 611/397/565 616/3140/564 647/3099/564
f 647/3099/564 616/3140/564 615/3598/563 648/3599/563
f 648/3599/563 615/3598/563 614/3137/562 649/3094/562
f 649/3093/562 614/3136/562 613/3135/561 650/3091/561
f 650/3091/561 613/3135/561 612/3134/560 651/3089/560
f 651/3089/560 612/3134/560 610/174/559 646/173/559
f 2611/187/481 2531/186/544 2536/3478/574 2613/3178/480
f 2613/3178/480 2536/3478/574 2535/3600/542 2614/3176/479
f 2614/3176/479 2535/3600/542 2534/3480/541 2615/3173/478
f 2615/3172/478 2534/3481/541 2533/3601/540 2616/3602/477
f 2616/3602/477 2533/3601/540 2532/3483/539 2617/3168/476
f 2617/3168/476 2532/3483/539 2530/176/538 2612/175/475
f 1243/109/584 1207/124/170 1224/1244/173 1245/3451/585
f 1245/3451/585 1224/1244/173 1228/1250/179 1246/3452/586
f 1246/3452/586 1228/1250/179 1211/1253/160 1247/3453/587
f 1247/3454/587 1211/1235/160 1210/1233/158 1248/3603/588
f 1248/3603/588 1210/1233/158 1209/1230/155 1249/3604/589
f 1249/3604/589 1209/1230/155 1206/328/154 1244/92/590
f 1401/644/6 1395/308/565 1400/3349/564 1404/1359/7
f 1404/1359/7 1400/3349/564 1399/3605/563 1405/1362/10
f 1405/1362/10 1399/3605/563 1398/3346/562 1406/1364/12
f 1406/1386/12 1398/3343/562 1397/3341/561 1423/1382/31
f 1423/1382/31 1397/3341/561 1396/3339/560 1419/1376/25
f 1419/1376/25 1396/3339/560 1394/249/559 1402/248/22
f 1967/494/583 1865/564/346 1871/1694/349 1969/3270/571
f 1969/3270/571 1871/1694/349 1875/1700/355 1970/3269/570
f 1970/3269/570 1875/1700/355 1893/1704/359 1971/3268/569
f 1971/3267/569 1893/1727/359 1892/1725/378 1972/3266/568
f 1972/3266/568 1892/1725/378 1891/1722/375 1973/3606/567
f 1973/3606/567 1891/1722/375 1867/251/374 1968/250/566
f 1866/664/362 1403/663/34 1430/1391/272 1880/1707/363
f 1880/1707/363 1430/1391/272 1434/1397/41 1881/1710/366
f 1881/1710/366 1434/1397/41 1418/1401/28 1882/1712/368
f 1882/1734/368 1418/1379/28 1417/1377/26 1898/1730/381
f 1898/1730/381 1417/1377/26 1416/1374/23 1894/1724/377
f 1894/1724/377 1416/1374/23 1402/248/22 1867/251/374
f 1770/235/481 1757/234/544 1762/3607/574 1772/3608/480
f 1772/3608/480 1762/3607/574 1761/3609/542 1773/3280/479
f 1773/3280/479 1761/3609/542 1760/3389/541 1774/3277/478
f 1774/3276/478 1760/3390/541 1759/3610/540 1775/3611/477
f 1775/3611/477 1759/3610/540 1758/3612/539 1776/3613/476
f 1776/3613/476 1758/3612/539 1756/20/538 1771/19/475
f 958/414/453 952/243/453 957/2904/452 960/3075/452
f 960/3075/452 957/2904/452 956/3614/451 961/3615/451
f 961/3615/451 956/3614/451 955/2902/450 962/3073/450
f 962/3072/450 955/2901/450 954/2900/449 963/3071/449
f 963/3071/449 954/2900/449 953/2899/448 964/3070/448
f 964/3070/448 953/2899/448 951/398/447 959/401/447
f 2538/228/395 2524/227/572 2529/3177/575 2552/2298/429
f 2552/2298/429 2529/3177/575 2528/3175/570 2553/2301/121
f 2553/2301/121 2528/3175/570 2527/3174/569 2554/2303/396
f 2554/2317/396 2527/3171/569 2526/3616/568 2570/3617/400
f 2570/3617/400 2526/3616/568 2525/3167/567 2566/3618/136
f 2566/3618/136 2525/3167/567 2523/475/566 2539/647/397
f 1098/593/267 1163/592/494 1168/2958/573 1112/1167/268
f 1112/1167/268 1168/2958/573 1167/2956/490 1113/1170/63
f 1113/1170/63 1167/2956/490 1166/2955/488 1114/1172/269
f 1114/1186/269 1166/2952/488 1165/3619/486 1130/3620/242
f 1130/3620/242 1165/3619/486 1164/3621/484 1126/3622/74
f 1126/3622/74 1164/3621/484 1162/330/483 1099/329/71
f 1452/307/565 1446/623/565 1451/2934/564 1454/3350/564
f 1454/3350/564 1451/2934/564 1450/3623/563 1455/3624/563
f 1455/3624/563 1450/3623/563 1449/2931/562 1456/3345/562
f 1456/3344/562 1449/2928/562 1448/3625/561 1457/3342/561
f 1457/3342/561 1448/3625/561 1447/2924/560 1458/3340/560
f 1458/3340/560 1447/2924/560 1445/83/559 1453/302/559
f 1814/12/331 1750/11/481 1755/3281/480 1817/1647/332
f 1817/1647/332 1755/3281/480 1754/3279/479 1818/1650/335
f 1818/1650/335 1754/3279/479 1753/3278/478 1819/1652/316
f 1819/1674/316 1753/3275/478 1752/3626/477 1836/1670/312
f 1836/1670/312 1752/3626/477 1751/3271/476 1832/1664/306
f 1832/1664/306 1751/3271/476 1749/288/475 1815/287/303
f 1981/60/299 843/59/474 848/3627/473 1984/1782/300
f 1984/1782/300 848/3627/473 847/3628/472 1985/1785/301
f 1985/1785/301 847/3628/472 846/2704/471 1986/1787/342
f 1986/1801/342 846/2703/471 845/3629/470 2003/3630/294
f 2003/3630/294 845/3629/470 844/2701/469 1999/3631/344
f 1999/3631/344 844/2701/469 842/286/468 1982/388/289
f 659/150/565 532/8/565 537/3484/564 661/3069/564
f 661/3069/564 537/3484/564 536/3632/563 662/3633/563
f 662/3633/563 536/3632/563 535/3486/562 663/3066/562
f 663/3065/562 535/3487/562 534/3634/561 664/3064/561
f 664/3064/561 534/3634/561 533/3489/560 665/3063/560
f 665/3063/560 533/3489/560 531/37/559 660/133/559
f 2618/122/544 1604/121/296 1621/1494/297 2620/3635/574
f 2620/3635/574 1621/1494/297 1625/1500/298 2621/3491/542
f 2621/3491/542 1625/1500/298 1608/1503/293 2622/3492/541
f 2622/3493/541 1608/1486/293 1607/1484/292 2623/3636/540
f 2623/3636/540 1607/1484/292 1606/1481/290 2624/3495/539
f 2624/3495/539 1606/1481/290 1603/361/289 2619/40/538
f 973/143/254 1053/142/263 1059/1111/264 987/1046/255
f 987/1046/255 1059/1111/264 1063/1117/265 988/1049/256
f 988/1049/256 1063/1117/265 1081/1121/249 989/1051/231
f 989/1065/231 1081/1144/249 1080/1142/248 1005/3637/258
f 1005/3637/258 1080/1142/248 1079/1139/246 1001/3638/235
f 1001/3638/235 1079/1139/246 1055/335/245 974/334/257
f 1054/118/108 2288/117/319 2305/2046/322 1068/1124/109
f 1068/1124/109 2305/2046/322 2309/2052/328 1069/1127/112
f 1069/1127/112 2309/2052/328 2292/2056/309 1070/1129/93
f 1070/1151/93 2292/2034/309 2291/2032/307 1086/1147/89
f 1086/1147/89 2291/2032/307 2290/2029/304 1082/1141/83
f 1082/1141/83 2290/2029/304 2287/336/303 1055/335/245
f 1301/425/565 1295/424/565 1300/3463/564 1303/2959/564
f 1303/2959/564 1300/3463/564 1299/3465/563 1304/3639/563
f 1304/3639/563 1299/3465/563 1298/3467/562 1305/2954/562
f 1305/2953/562 1298/3468/562 1297/3640/561 1306/3641/561
f 1306/3641/561 1297/3640/561 1296/3642/560 1307/3643/560
f 1307/3643/560 1296/3642/560 1294/443/559 1302/332/559
f 1373/429/565 1367/428/565 1372/3397/564 1375/2935/564
f 1375/2935/564 1372/3397/564 1371/3644/563 1376/3645/563
f 1376/3645/563 1371/3644/563 1370/3401/562 1377/2930/562
f 1377/2929/562 1370/3402/562 1369/3405/561 1378/3646/561
f 1378/3646/561 1369/3405/561 1368/3407/560 1379/2925/560
f 1379/2925/560 1368/3407/560 1366/296/559 1374/84/559
f 1953/90/481 1903/89/544 1908/2872/543 1955/3408/480
f 1955/3408/480 1908/2872/543 1907/3647/542 1956/3648/479
f 1956/3648/479 1907/3647/542 1906/2870/541 1957/3412/478
f 1957/3415/478 1906/2869/541 1905/3649/540 1958/3416/477
f 1958/3416/477 1905/3649/540 1904/3650/539 1959/3651/476
f 1959/3651/476 1904/3650/539 1902/85/538 1954/297/475
f 1155/438/565 1149/437/565 1154/3652/564 1157/3462/564
f 1157/3462/564 1154/3652/564 1153/3442/563 1158/3464/563
f 1158/3464/563 1153/3442/563 1152/3444/562 1159/3466/562
f 1159/3469/562 1152/3445/562 1151/3653/561 1160/3654/561
f 1160/3654/561 1151/3653/561 1150/3655/560 1161/3656/560
f 1161/3656/560 1150/3655/560 1148/321/559 1156/320/559
f 1466/442/565 1460/441/565 1465/3421/564 1468/3396/564
f 1468/3396/564 1465/3421/564 1464/3657/563 1469/3658/563
f 1469/3658/563 1464/3657/563 1463/3425/562 1470/3400/562
f 1470/3403/562 1463/3426/562 1462/3429/561 1471/3404/561
f 1471/3404/561 1462/3429/561 1461/3431/560 1472/3406/560
f 1472/3406/560 1461/3431/560 1459/650/559 1467/546/559
f 2018/560/481 1852/559/481 1857/3409/480 2020/3362/480
f 2020/3362/480 1857/3409/480 1856/3659/479 2021/3660/479
f 2021/3660/479 1856/3659/479 1855/3413/478 2022/3357/478
f 2022/3356/478 1855/3414/478 1854/3417/477 2023/3354/477
f 2023/3354/477 1854/3417/477 1853/3661/476 2024/3662/476
f 2024/3662/476 1853/3661/476 1851/547/475 2019/651/475
f 1287/36/565 1251/35/96 1268/1286/99 1289/3439/564
f 1289/3439/564 1268/1286/99 1272/1292/105 1290/3441/563
f 1290/3441/563 1272/1292/105 1255/1296/86 1291/3443/562
f 1291/3446/562 1255/1274/86 1254/1272/84 1292/3663/561
f 1292/3663/561 1254/1272/84 1253/1269/81 1293/3664/560
f 1293/3664/560 1253/1269/81 1250/405/80 1288/404/559
f 1387/446/565 1381/301/565 1386/2988/564 1389/3420/564
f 1389/3420/564 1386/2988/564 1385/3665/563 1390/3666/563
f 1390/3666/563 1385/3665/563 1384/2985/562 1391/3424/562
f 1391/3427/562 1384/2982/562 1383/2980/561 1392/3667/561
f 1392/3667/561 1383/2980/561 1382/2978/560 1393/3430/560
f 1393/3430/560 1382/2978/560 1380/100/559 1388/99/559
f 1960/255/481 1910/254/481 1915/3361/480 1962/2947/480
f 1962/2947/480 1915/3361/480 1914/3668/479 1963/3669/479
f 1963/3669/479 1914/3668/479 1913/3358/478 1964/2942/478
f 1964/2941/478 1913/3355/478 1912/3670/477 1965/2939/477
f 1965/2939/477 1912/3670/477 1911/3671/476 1966/2937/476
f 1966/2937/476 1911/3671/476 1909/102/475 1961/101/475
f 2026/511/395 1859/510/572 1864/2946/571 2040/1833/118
f 2040/1833/118 1864/2946/571 1863/3672/570 2041/1836/121
f 2041/1836/121 1863/3672/570 1862/2943/569 2042/1838/396
f 2042/1852/396 1862/2940/569 1861/2938/568 2058/3673/400
f 2058/3673/400 1861/2938/568 1860/2936/567 2054/3674/136
f 2054/3674/136 1860/2936/567 1858/259/566 2027/258/397
f 1359/216/565 1323/215/96 1340/1331/99 1361/3432/564
f 1361/3432/564 1340/1331/99 1344/1337/105 1362/3675/563
f 1362/3675/563 1344/1337/105 1327/1341/86 1363/3435/562
f 1363/3436/562 1327/1319/86 1326/1317/84 1364/3437/561
f 1364/3437/561 1326/1317/84 1325/1314/81 1365/3438/560
f 1365/3438/560 1325/1314/81 1322/309/80 1360/264/559
f 1916/32/383 769/31/207 786/886/210 1919/1737/384
f 1919/1737/384 786/886/210 790/892/216 1920/1740/385
f 1920/1740/385 790/892/216 773/895/197 1921/1742/386
f 1921/1764/386 773/878/197 772/876/195 1938/1760/390
f 1938/1760/390 772/876/195 771/873/192 1934/1754/389
f 1934/1754/389 771/873/192 768/311/191 1917/310/388
f 805/582/228 901/581/251 918/1005/252 808/911/229
f 808/911/229 918/1005/252 922/1011/253 809/914/230
f 809/914/230 922/1011/253 905/1015/249 810/916/231
f 810/930/231 905/993/249 904/991/248 827/3676/238
f 827/3676/238 904/991/248 903/988/246 823/3677/235
f 823/3677/235 903/988/246 900/293/245 806/292/233
f 2838/27/481 2867/82/346 2884/2598/441 2840/3338/480
f 2840/3338/480 2884/2598/441 2888/2604/355 2841/3678/479
f 2841/3678/479 2888/2604/355 2871/2608/359 2842/3333/478
f 2842/3332/478 2871/2586/359 2870/2584/378 2843/3679/477
f 2843/3679/477 2870/2584/378 2869/2581/375 2844/3680/476
f 2844/3680/476 2869/2581/375 2866/396/374 2839/395/475
f 2917/239/481 2860/238/481 2865/3299/480 2919/3288/480
f 2919/3288/480 2865/3299/480 2864/3681/479 2920/3682/479
f 2920/3682/479 2864/3681/479 2863/3296/478 2921/3286/478
f 2921/3285/478 2863/3293/478 2862/3683/477 2922/3684/477
f 2922/3684/477 2862/3683/477 2861/3685/476 2923/3686/476
f 2923/3686/476 2861/3685/476 2859/128/475 2918/127/475
f 488/615/59 632/614/494 637/3112/492 502/726/60
f 502/726/60 637/3112/492 636/3110/490 503/729/63
f 503/729/63 636/3110/490 635/3109/488 504/731/65
f 504/746/65 635/3106/488 634/3687/486 520/3688/78
f 520/3688/78 634/3687/486 633/3689/484 516/3690/74
f 516/3690/74 633/3689/484 631/460/483 489/459/71
f 2852/562/481 2904/220/481 2909/3316/480 2854/3300/480
f 2854/3300/480 2909/3316/480 2908/3691/479 2855/3692/479
f 2855/3692/479 2908/3691/479 2907/3313/478 2856/3295/478
f 2856/3294/478 2907/3310/478 2906/3693/477 2857/3694/477
f 2857/3694/477 2906/3693/477 2905/3695/476 2858/3696/476
f 2858/3696/476 2905/3695/476 2903/180/475 2853/179/475
f 666/351/565 2684/666/96 2701/2418/432 668/3062/564
f 668/3062/564 2701/2418/432 2705/2424/105 669/3061/563
f 669/3061/563 2705/2424/105 2688/2428/86 670/3060/562
f 670/3059/562 2688/2406/86 2687/2404/84 671/3697/561
f 671/3697/561 2687/2404/84 2686/2401/81 672/3698/560
f 672/3698/560 2686/2401/81 2683/464/80 667/463/559
f 624/314/565 604/106/565 609/3154/564 626/3113/564
f 626/3113/564 609/3154/564 608/3153/563 627/3699/563
f 627/3699/563 608/3153/563 607/3152/562 628/3108/562
f 628/3107/562 607/3151/562 606/3700/561 629/3701/561
f 629/3701/561 606/3700/561 605/3702/560 630/3703/560
f 630/3703/560 605/3702/560 603/653/559 625/652/559
f 2910/219/481 2846/28/481 2851/3337/480 2912/3317/480
f 2912/3317/480 2851/3337/480 2850/3704/479 2913/3705/479
f 2913/3705/479 2850/3704/479 2849/3334/478 2914/3312/478
f 2914/3311/478 2849/3331/478 2848/3706/477 2915/3707/477
f 2915/3707/477 2848/3706/477 2847/3708/476 2916/3709/476
f 2916/3709/476 2847/3708/476 2845/159/475 2911/158/475
f 415/225/524 2538/228/395 2555/2300/120 417/3710/525
f 417/3710/525 2555/2300/120 2559/2306/126 418/3711/526
f 418/3711/526 2559/2306/126 2542/2310/130 419/3712/527
f 419/3713/527 2542/2290/130 2541/2288/149 420/3714/528
f 420/3714/528 2541/2288/149 2540/2285/146 421/3715/529
f 421/3715/529 2540/2285/146 2537/516/391 416/515/530
f 198/140/510 973/143/254 990/1048/62 200/3716/511
f 200/3716/511 990/1048/62 994/1054/68 201/3717/512
f 201/3717/512 994/1054/68 977/1058/49 202/3718/513
f 202/3719/513 977/1038/49 976/1036/47 203/3720/514
f 203/3720/514 976/1036/47 975/1033/44 204/3721/515
f 204/3721/515 975/1033/44 972/551/43 199/550/516
f 2729/529/34 283/528/558 288/3722/557 2753/2476/35
f 2753/2476/35 288/3722/557 287/3723/556 2754/2479/38
f 2754/2479/38 287/3723/556 286/3724/555 2755/2481/19
f 2755/2458/19 286/3725/555 285/3726/554 2737/2454/15
f 2737/2454/15 285/3726/554 284/3727/553 2733/2448/9
f 2733/2448/9 284/3727/553 282/209/552 2727/212/433
f 317/527/502 2765/530/362 2782/2508/365 319/3728/501
f 319/3728/501 2782/2508/365 2786/2514/371 320/3729/500
f 320/3729/500 2786/2514/371 2769/2518/352 321/3730/499
f 321/3731/499 2769/2496/352 2768/2494/350 322/3732/498
f 322/3732/498 2768/2494/350 2767/2491/347 323/3733/497
f 323/3733/497 2767/2491/347 2764/51/346 318/50/496
f 345/535/502 2802/538/362 2819/2553/365 347/3734/501
f 347/3734/501 2819/2553/365 2823/2559/371 348/3735/500
f 348/3735/500 2823/2559/371 2806/2563/352 349/3736/499
f 349/3737/499 2806/2541/352 2805/2539/350 350/3738/498
f 350/3738/498 2805/2539/350 2804/2536/347 351/3739/497
f 351/3739/497 2804/2536/347 2801/79/443 346/78/496
f 487/544/43 115/543/516 120/3740/515 490/713/44
f 490/713/44 120/3740/515 119/3741/514 491/716/47
f 491/716/47 119/3741/514 118/3742/513 492/718/49
f 492/738/49 118/3743/513 117/3744/512 509/734/68
f 509/734/68 117/3744/512 116/3745/511 505/728/62
f 505/728/62 116/3745/511 114/613/510 488/615/59
f 452/697/34 108/3746/558 113/3747/557 476/698/35
f 476/698/35 113/3747/557 112/3748/556 477/701/38
f 477/701/38 112/3748/556 111/3749/555 478/703/19
f 478/679/19 111/3750/555 110/3751/554 460/675/15
f 460/675/15 110/3751/554 109/3752/553 456/669/9
f 456/669/9 109/3752/553 107/645/552 450/646/6
f 851/549/43 171/548/516 176/3753/515 875/975/44
f 875/975/44 176/3753/515 175/3754/514 876/978/47
f 876/978/47 175/3754/514 174/3755/513 877/980/49
f 877/961/49 174/3756/513 173/3757/512 859/957/68
f 859/957/68 173/3757/512 172/3758/511 855/951/62
f 855/951/62 172/3758/511 170/485/510 849/486/59
f 212/115/467 1054/118/108 1071/1126/111 214/3759/466
f 214/3759/466 1071/1126/111 1075/1132/115 215/3760/465
f 215/3760/465 1075/1132/115 1058/1136/102 216/3761/464
f 216/3762/464 1058/1114/102 1057/1112/100 217/3763/463
f 217/3763/463 1057/1112/100 1056/1109/97 218/3764/462
f 218/3764/462 1056/1109/97 1053/142/263 213/141/461
f 1171/556/43 234/555/516 239/3765/515 1195/1217/44
f 1195/1217/44 239/3765/515 238/3766/514 1196/1220/47
f 1196/1220/47 238/3766/514 237/3767/513 1197/1222/49
f 1197/1204/49 237/3768/513 236/3769/512 1179/1200/68
f 1179/1200/68 236/3769/512 235/3770/511 1175/1194/62
f 1175/1194/62 235/3770/511 233/107/510 1169/110/59
f 254/643/552 1401/644/6 1407/1361/9 256/3771/553
f 256/3771/553 1407/1361/9 1411/1367/15 257/3772/554
f 257/3772/554 1411/1367/15 1429/1371/19 258/3773/555
f 258/3774/555 1429/1394/19 1428/1392/38 259/3775/556
f 259/3775/556 1428/1392/38 1427/1389/35 260/3776/557
f 260/3776/557 1427/1389/35 1403/663/34 255/662/558
f 1865/564/346 150/563/496 155/3777/497 1868/1692/347
f 1868/1692/347 155/3777/497 154/3778/498 1869/1695/350
f 1869/1695/350 154/3778/498 153/3779/499 1870/1697/352
f 1870/1719/352 153/3780/499 152/3781/500 1887/1715/371
f 1887/1715/371 152/3781/500 151/3782/501 1883/1709/365
f 1883/1709/365 151/3782/501 149/661/502 1866/664/362
f 219/591/510 1098/593/267 1115/1169/62 221/3783/511
f 221/3783/511 1115/1169/62 1119/1175/68 222/3784/512
f 222/3784/512 1119/1175/68 1102/1179/49 223/3785/513
f 223/3786/513 1102/1159/49 1101/1157/47 224/3787/514
f 224/3787/514 1101/1157/47 1100/1154/44 225/3788/515
f 225/3788/515 1100/1154/44 1097/597/43 220/596/516
f 331/572/523 1778/573/299 1795/1624/222 333/3789/522
f 333/3789/522 1795/1624/222 1799/1630/226 334/3790/521
f 334/3790/521 1799/1630/226 1782/1634/213 335/3791/520
f 335/3792/520 1782/1614/213 1781/1612/211 336/3793/519
f 336/3793/519 1781/1612/211 1780/1609/208 337/3794/518
f 337/3794/518 1780/1609/208 1777/554/296 332/553/517
f 373/589/523 2119/590/299 2136/1871/222 375/3795/522
f 375/3795/522 2136/1871/222 2140/1877/226 376/3796/521
f 376/3796/521 2140/1877/226 2123/1881/213 377/3797/520
f 377/3785/520 2123/1864/213 2122/1862/211 378/3798/519
f 378/3798/519 2122/1862/211 2121/1859/208 379/3799/518
f 379/3799/518 2121/1859/208 2118/230/296 374/229/517
f 422/599/523 2575/600/430 2592/2338/222 424/3800/522
f 424/3800/522 2592/2338/222 2596/2343/226 425/3801/521
f 425/3801/521 2596/2343/226 2579/980/213 426/3755/520
f 426/3802/520 2579/2328/213 2578/2326/211 427/3803/519
f 427/3803/519 2578/2326/211 2577/2323/208 428/3804/518
f 428/3804/518 2577/2323/208 2574/488/296 423/487/517
f 2025/608/391 367/607/530 372/3805/529 2028/1820/146
f 2028/1820/146 372/3805/529 371/3806/528 2029/1823/149
f 2029/1823/149 371/3806/528 370/3807/527 2030/1825/130
f 2030/1845/130 370/3808/527 369/3809/526 2047/1841/126
f 2047/1841/126 369/3809/526 368/3810/525 2043/1835/120
f 2043/1835/120 368/3810/525 366/508/524 2026/511/395
f 1/633/5 108/3746/5 452/697/5 443/3497/5
o Plane.001
v -19.148861 0.433215 18.291548
v -19.251637 0.433215 18.043427
v -19.286692 0.433215 17.777157
v -19.286692 0.433209 -18.961933
v -18.257908 -0.088282 18.805941
v -19.286692 -0.088283 17.777157
v -18.524176 -0.088282 18.770887
v -18.772299 -0.088282 18.668112
v -18.985367 -0.088282 18.504618
v -19.148861 -0.088283 18.291548
v -19.251637 -0.088283 18.043427
v 19.509966 -0.088283 17.777157
v 18.481182 -0.088282 18.805941
v 19.474911 -0.088283 18.043427
v 19.372135 -0.088283 18.291548
v 19.208641 -0.088282 18.504618
v 18.995573 -0.088282 18.668112
v 18.747450 -0.088282 18.770887
v -18.257908 -0.088289 -19.990717
v -19.286692 -0.088289 -18.961933
v -18.524176 -0.088289 -19.955660
v -18.772299 -0.088289 -19.852884
v -18.985367 -0.088289 -19.689392
v -19.148861 -0.088289 -19.476324
v -19.251637 -0.088289 -19.228201
v 18.481182 -0.088289 -19.990717
v 19.509966 -0.088289 -18.961933
v 18.747450 -0.088289 -19.955660
v 18.995573 -0.088289 -19.852884
v 19.208641 -0.088289 -19.689392
v 19.372135 -0.088289 -19.476324
v 19.474911 -0.088289 -19.228201
v -18.985367 0.433215 18.504618
v -18.772299 0.433215 18.668112
v -18.524176 0.433215 18.770887
v -18.257908 0.433215 18.805941
v 18.481182 0.433215 18.805941
v 18.747450 0.433215 18.770887
v 18.995573 0.433215 18.668112
v 19.208641 0.433215 18.504618
v 19.372135 0.433215 18.291548
v 19.474911 0.433215 18.043427
v 19.509966 0.433215 17.777157
v 19.509966 0.433209 -18.961933
v 19.474911 0.433209 -19.228201
v 19.372135 0.433209 -19.476324
v 19.208641 0.433209 -19.689392
v 18.995573 0.433209 -19.852884
v 18.747450 0.433209 -19.955660
v 18.481182 0.433209 -19.990717
v -18.257908 0.433209 -19.990717
v -18.524176 0.433209 -19.955660
v -18.772299 0.433209 -19.852884
v -18.985367 0.433209 -19.689392
v -19.148861 0.433209 -19.476324
v -19.251637 0.433209 -19.228201
vn -0.0000 1.0000 -0.0000
vn -0.0000 -1.0000 -0.0000
vn 0.3827 -0.0000 -0.9239
vn -0.1305 -0.0000 0.9914
vn 0.1305 -0.0000 -0.9914
vn -0.0000 -0.0000 1.0000
vn -0.0000 -0.0000 -1.0000
vn 0.1305 -0.0000 0.9914
vn -0.1305 -0.0000 -0.9914
vn 0.3827 -0.0000 0.9239
vn -0.3827 -0.0000 -0.9239
vn 0.6088 -0.0000 0.7934
vn -0.6088 -0.0000 -0.7934
vn 0.7934 -0.0000 0.6088
vn -0.7934 -0.0000 -0.6088
vn 0.9239 -0.0000 0.3827
vn -0.9239 -0.0000 -0.3827
vn 0.9914 -0.0000 0.1305
vn -1.0000 -0.0000 -0.0000
vn -0.9914 -0.0000 -0.1305
vn 1.0000 -0.0000 -0.0000
vn -0.9914 -0.0000 0.1305
vn 0.9914 -0.0000 -0.1305
vn -0.9239 -0.0000 0.3827
vn 0.9239 -0.0000 -0.3827
vn -0.7934 -0.0000 0.6088
vn 0.7934 -0.0000 -0.6088
vn -0.6088 -0.0000 0.7934
vn 0.6088 -0.0000 -0.7934
vn -0.3827 -0.0000 0.9239
vt 0.000000 0.026517
vt 0.000904 0.019654
vt 0.003553 0.013259
vt 0.007767 0.007767
vt 0.013259 0.003553
vt 0.019654 0.000904
vt 0.026517 0.000000
vt 0.973483 0.000000
vt 0.980346 0.000904
vt 0.986741 0.003553
vt 0.992233 0.007767
vt 0.996447 0.013259
vt 0.999096 0.019654
vt 1.000000 0.026517
vt 1.000000 0.973483
vt 0.999096 0.980346
vt 0.996447 0.986741
vt 0.992233 0.992233
vt 0.986741 0.996447
vt 0.980346 0.999096
vt 0.973483 1.000000
vt 0.026517 1.000000
vt 0.019654 0.999096
vt 0.013259 0.996447
vt 0.007767 0.992233
vt 0.003553 0.986741
vt 0.000904 0.980346
vt 0.000000 0.973483
s 1
usemtl Dirt
f 2963/3811/591 2962/3812/591 2961/3813/591 2993/3814/591 2994/3815/591 2995/3816/591 2996/3817/591 2997/3818/591 2998/3819/591 2999/3820/591 3000/3821/591 3001/3822/591 3002/3823/591 3003/3824/591 3004/3825/591 3005/3826/591 3006/3827/591 3007/3828/591 3008/3829/591 3009/3830/591 3010/3831/591 3011/3832/591 3012/3833/591 3013/3834/591 3014/3835/591 3015/3836/591 3016/3837/591 2964/3838/591
f 2966/3811/592 2980/3838/592 2985/3837/592 2984/3836/592 2983/3835/592 2982/3834/592 2981/3833/592 2979/3832/592 2986/3831/592 2988/3830/592 2989/3829/592 2990/3828/592 2991/3827/592 2992/3826/592 2987/3825/592 2972/3824/592 2974/3823/592 2975/3822/592 2976/3821/592 2977/3820/592 2978/3819/592 2973/3818/592 2965/3817/592 2967/3816/592 2968/3815/592 2969/3814/592 2970/3813/592 2971/3812/592
f 2989/3829/593 2988/3830/593 3009/3830/593 3008/3829/593
f 2967/3816/594 2965/3817/594 2996/3817/594 2995/3816/594
f 2988/3830/595 2986/3831/595 3010/3831/595 3009/3830/595
f 2965/3817/596 2973/3818/596 2997/3818/596 2996/3817/596
f 2986/3831/597 2979/3832/597 3011/3832/597 3010/3831/597
f 2973/3818/598 2978/3819/598 2998/3819/598 2997/3818/598
f 2979/3832/599 2981/3833/599 3012/3833/599 3011/3832/599
f 2978/3819/600 2977/3820/600 2999/3820/600 2998/3819/600
f 2981/3833/601 2982/3834/601 3013/3834/601 3012/3833/601
f 2977/3820/602 2976/3821/602 3000/3821/602 2999/3820/602
f 2982/3834/603 2983/3835/603 3014/3835/603 3013/3834/603
f 2976/3821/604 2975/3822/604 3001/3822/604 3000/3821/604
f 2983/3835/605 2984/3836/605 3015/3836/605 3014/3835/605
f 2975/3822/606 2974/3823/606 3002/3823/606 3001/3822/606
f 2984/3836/607 2985/3837/607 3016/3837/607 3015/3836/607
f 2974/3823/608 2972/3824/608 3003/3824/608 3002/3823/608
f 2980/3838/609 2966/3811/609 2963/3811/609 2964/3838/609
f 2985/3837/610 2980/3838/610 2964/3838/610 3016/3837/610
f 2972/3824/611 2987/3825/611 3004/3825/611 3003/3824/611
f 2966/3811/612 2971/3812/612 2962/3812/612 2963/3811/612
f 2987/3825/613 2992/3826/613 3005/3826/613 3004/3825/613
f 2971/3812/614 2970/3813/614 2961/3813/614 2962/3812/614
f 2992/3826/615 2991/3827/615 3006/3827/615 3005/3826/615
f 2970/3813/616 2969/3814/616 2993/3814/616 2961/3813/616
f 2991/3827/617 2990/3828/617 3007/3828/617 3006/3827/617
f 2969/3814/618 2968/3815/618 2994/3815/618 2993/3814/618
f 2990/3828/619 2989/3829/619 3008/3829/619 3007/3828/619
f 2968/3815/620 2967/3816/620 2995/3816/620 2994/3815/620
o Plane.002
v 15.012492 0.425249 18.909933
v 17.310040 0.425249 18.909933
v 15.012492 8.293027 18.909931
v 12.714946 0.425249 18.909933
v 10.417400 0.425249 18.909933
v 12.714946 8.293027 18.909931
v 10.417400 8.293027 18.909931
v 12.714946 8.581100 18.872004
v 10.417400 8.581100 18.872004
v 12.714946 8.849543 18.760811
v 15.012492 8.581100 18.872004
v 17.310040 8.581100 18.872004
v 15.012492 8.849543 18.760811
v 17.310040 8.849543 18.760811
v 15.012492 9.080059 18.583931
v 17.310040 9.080059 18.583931
v 15.012492 9.256940 18.353415
v 12.714946 9.080059 18.583931
v 10.417400 9.080059 18.583931
v 12.714946 9.256940 18.353415
v 10.417400 9.256940 18.353415
v 12.714946 9.368133 18.084972
v 10.417400 9.368133 18.084972
v 12.714946 9.406058 17.796900
v 15.012492 9.368133 18.084972
v 17.310040 9.368133 18.084972
v 15.012492 9.406058 17.796900
v 15.012492 9.406058 17.725414
v 17.310040 9.406058 17.796900
v 18.423071 9.406058 17.725414
v 18.423071 9.406058 17.796900
v 18.423071 9.406058 16.612383
v 18.423069 9.368159 18.084871
v 18.711042 9.368159 17.796898
v 18.720104 9.323034 18.096382
v 18.979675 9.256887 17.796898
v 18.711142 9.368133 16.612383
v 18.711142 9.368132 14.314837
v 18.979586 9.256940 16.612383
v 18.979586 9.256940 14.314837
v 19.210100 9.080059 16.612383
v 19.210100 9.080058 14.314837
v 19.386982 8.849543 16.612383
v 19.210100 9.080058 17.796898
v 19.386930 8.849632 17.796898
v 19.183990 9.053238 18.083111
v 19.340538 8.851341 18.089085
v 19.123798 8.993680 18.303753
v 18.981680 9.209779 18.090765
v 18.953247 9.115456 18.327333
v 18.715256 9.210497 18.355211
v 18.929924 8.993756 18.497551
v 18.953505 8.823203 18.619328
v 18.709282 9.053947 18.557110
v 19.065678 8.935636 18.439507
v 19.123722 8.799881 18.497627
v 19.183281 8.579239 18.557819
v 19.245499 8.823462 18.327076
v 19.339823 8.586892 18.355509
v 19.453075 8.592511 18.093935
v 19.386930 8.293026 18.353504
v 19.498199 8.293026 18.084871
v 19.210100 8.293026 18.583931
v 19.386982 0.425249 18.353416
v 19.210100 0.425249 18.583933
v 19.498175 0.425249 18.084974
v 19.536102 0.425249 17.796902
v 19.536102 0.425248 16.612385
v 19.536102 8.293027 17.796900
v 19.536102 8.293027 16.612383
v 19.498199 8.580999 17.796898
v 19.498175 8.581100 16.612383
v 19.498175 8.581100 14.314837
v 19.498175 8.581100 12.017292
v 19.536102 8.293027 14.314837
v 19.386982 8.849543 14.314837
v 19.386982 8.849542 12.017292
v 19.210100 9.080058 12.017292
v 19.386982 8.849542 9.719747
v 19.386982 8.849542 7.422200
v 19.498175 8.581100 9.719747
v 19.210100 9.080057 9.719747
v 19.210100 9.080057 7.422200
v 18.979586 9.256939 9.719747
v 18.979586 9.256939 7.422200
v 18.711142 9.368131 9.719747
v 18.979586 9.256939 12.017292
v 18.711142 9.368132 12.017292
v 18.423071 9.406057 12.017292
v 18.423071 9.406058 14.314837
v 18.423071 9.406057 10.904261
v 18.423071 9.406057 9.719747
v 18.423071 9.406057 10.832779
v 18.423071 9.406057 7.422200
v 18.423071 9.406056 6.309168
v 18.423071 9.406056 5.124653
v 18.711142 9.368131 7.422200
v 18.711142 9.368131 5.124653
v 18.711142 9.368130 2.827107
v 18.979586 9.256938 5.124653
v 18.979586 9.256938 2.827107
v 19.210100 9.080057 5.124653
v 19.210100 9.080056 2.827107
v 19.386982 8.849541 5.124653
v 19.386982 8.849541 2.827107
v 19.498175 8.581099 5.124653
v 19.498175 8.581099 2.827107
v 19.536102 8.293025 5.124653
v 19.498175 8.581100 7.422200
v 19.536102 8.293026 7.422200
v 19.536102 0.425247 7.422201
v 19.536102 8.293026 9.719747
v 19.536102 0.425247 9.719748
v 19.536102 8.293026 12.017292
v 19.536102 0.425248 12.017293
v 19.536102 0.425248 14.314838
v 19.536102 0.425246 5.124654
v 19.536102 0.425246 2.827109
v 19.536102 0.425246 0.529562
v 19.536102 8.293025 2.827107
v 19.536102 8.293024 0.529561
v 19.536102 8.293024 -1.767985
v 19.498175 8.581098 0.529561
v 19.386982 8.849540 0.529561
v 19.498175 8.581098 -1.767985
v 19.498175 8.581098 -4.065531
v 19.386982 8.849540 -1.767985
v 19.386982 8.849540 -4.065531
v 19.210100 9.080055 -1.767985
v 19.210100 9.080055 -4.065532
v 18.979586 9.256937 -1.767985
v 19.210100 9.080056 0.529561
v 18.979586 9.256937 0.529561
v 18.711142 9.368130 0.529561
v 18.423071 9.406055 0.529561
v 18.711142 9.368129 -1.767985
v 18.711142 9.368129 -4.065532
v 18.423071 9.406055 -1.767985
v 18.423071 9.406055 -1.767985
v 18.423071 9.406055 -4.065532
v 18.423071 9.406055 -4.065532
v 18.423071 9.406054 -6.363078
v 18.423071 9.406054 -6.363078
v 18.423071 9.406054 -8.660624
v 18.711142 9.368129 -6.363078
v 18.711142 9.368128 -8.660624
v 18.979586 9.256936 -6.363078
v 18.979586 9.256936 -8.660624
v 19.210100 9.080055 -6.363078
v 18.979586 9.256937 -4.065532
v 19.210100 9.080054 -8.660624
v 19.386982 8.849539 -6.363077
v 19.386982 8.849539 -8.660624
v 19.498175 8.581097 -6.363077
v 19.498175 8.581097 -8.660624
v 19.536102 8.293023 -6.363077
v 19.536102 8.293023 -8.660624
v 19.536102 0.425245 -6.363076
v 19.536102 8.293024 -4.065531
v 19.536102 0.425245 -4.065530
v 19.536102 0.425245 -1.767984
v 19.536102 0.425244 -8.660623
v 19.536102 0.425244 -10.958170
v 19.536102 8.293022 -10.958171
v 19.536102 0.425243 -13.255715
v 19.536102 0.425243 -15.553262
v 19.536102 8.293022 -13.255716
v 19.536102 8.293022 -15.553263
v 19.498175 8.581096 -13.255716
v 19.498175 8.581096 -15.553263
v 19.386982 8.849538 -13.255716
v 19.498175 8.581096 -10.958171
v 19.386982 8.849538 -10.958171
v 19.210100 9.080054 -10.958171
v 18.979586 9.256935 -10.958171
v 19.210100 9.080053 -13.255716
v 19.210100 9.080053 -15.553263
v 18.979586 9.256935 -13.255716
v 18.979586 9.256935 -15.553263
v 18.711142 9.368127 -13.255716
v 18.711142 9.368127 -15.553263
v 18.423071 9.406054 -13.255716
v 18.711142 9.368128 -10.958171
v 18.423071 9.406054 -10.958171
v 18.423071 9.406054 -10.958171
v 18.423071 9.406054 -13.255716
v 18.423071 9.406054 -8.660624
v 18.134998 9.368128 -10.958171
v 18.134998 9.368127 -13.255716
v 17.866554 9.256935 -10.958171
v 18.134998 9.368128 -8.660624
v 18.134998 9.368129 -6.363078
v 17.866554 9.256936 -8.660624
v 17.866554 9.256936 -6.363078
v 17.636040 9.080054 -8.660624
v 17.636040 9.080055 -6.363078
v 17.459158 8.849539 -8.660624
v 17.636040 9.080054 -10.958171
v 17.636040 9.080053 -13.255716
v 17.459158 8.849538 -10.958171
v 17.459158 8.849538 -13.255716
v 17.347965 8.581096 -10.958171
v 17.347965 8.581096 -13.255716
v 17.310040 8.293022 -10.958171
v 17.347965 8.581097 -8.660624
v 17.347965 8.581097 -6.363077
v 17.310040 8.293023 -8.660624
v 17.310040 0.425244 -8.660623
v 17.310040 8.293023 -6.363077
v 17.310040 0.425245 -6.363076
v 17.310040 8.293024 -4.065531
v 17.310040 0.425245 -4.065530
v 17.310040 8.293024 -1.767985
v 17.347965 8.581098 -4.065531
v 17.347965 8.581098 -1.767985
v 17.459158 8.849540 -4.065531
v 17.459158 8.849540 -1.767985
v 17.636040 9.080055 -4.065532
v 17.459158 8.849539 -6.363077
v 17.636040 9.080055 -1.767985
v 17.866554 9.256937 -4.065532
v 17.866554 9.256937 -1.767985
v 18.134998 9.368129 -4.065532
v 18.134998 9.368129 -1.767985
v 18.134998 9.368130 0.529561
v 18.423071 9.406055 0.529561
v 18.134998 9.368130 2.827107
v 17.866554 9.256937 0.529561
v 17.866554 9.256938 2.827107
v 17.636040 9.080056 0.529561
v 17.636040 9.080056 2.827107
v 17.459158 8.849540 0.529561
v 17.459158 8.849541 2.827107
v 17.347965 8.581098 0.529561
v 17.347965 8.581099 2.827107
v 17.310040 8.293024 0.529561
v 17.310040 8.293025 2.827107
v 17.310040 0.425246 0.529562
v 17.310040 0.425246 2.827109
v 17.310040 0.425245 -1.767984
v 17.310040 0.425246 4.011623
v 17.310040 8.293025 4.011622
v 17.272112 0.425246 4.299697
v 17.267538 8.293025 4.298363
v 17.160919 0.425246 4.568139
v 17.156744 8.293025 4.565846
v 16.984037 0.425246 4.798655
v 16.984037 8.293025 4.798654
v 16.753523 0.425246 4.975536
v 16.751230 8.293025 4.971359
v 16.485079 0.425246 5.086729
v 16.483746 8.293025 5.082154
v 16.197008 0.425246 5.124654
v 15.012492 0.425246 5.124654
v 16.197008 8.293025 5.124653
v 15.012492 8.293025 5.124653
v 16.524214 8.578206 5.166679
v 16.742346 8.573945 5.118555
v 16.903254 8.846420 5.277505
v 15.012492 8.581099 5.162580
v 15.012492 8.849541 5.273772
v 12.714946 8.581099 5.162580
v 10.417400 8.581099 5.162580
v 12.714946 8.293025 5.124653
v 12.714946 8.849541 5.273772
v 10.417400 8.849541 5.273772
v 12.714946 9.080057 5.450653
v 10.417400 9.080057 5.450653
v 12.714946 9.256938 5.681169
v 15.012492 9.080057 5.450653
v 17.310040 9.080057 5.450653
v 15.012492 9.256938 5.681169
v 17.716822 9.253204 5.684289
v 15.012492 9.368131 5.949611
v 18.095863 9.364031 5.952504
v 15.012492 9.406056 6.237684
v 12.714946 9.368131 5.949611
v 10.417400 9.368131 5.949611
v 12.714946 9.406056 6.237684
v 12.714946 9.406056 6.309168
v 10.417400 9.406056 6.237684
v 9.304369 9.406056 6.309168
v 9.232885 9.406056 6.237684
v 9.232885 9.406057 8.535232
v 9.232885 9.368157 5.949711
v 8.944912 9.368157 6.237684
v 8.935848 9.323032 5.938200
v 8.676279 9.256886 6.237684
v 8.947704 9.364031 8.208024
v 8.682954 9.281985 7.991033
v 8.679491 9.253205 7.828984
v 8.492602 9.189470 7.712940
v 8.445853 9.080057 7.422200
v 8.330801 9.047049 7.422922
v 8.272705 8.846421 7.015416
v 8.445853 9.080056 6.237684
v 8.269024 8.849630 6.237684
v 8.471965 9.053236 5.951471
v 8.315415 8.851339 5.945498
v 8.532156 8.993678 5.730830
v 8.674274 9.209777 5.943818
v 8.702708 9.115454 5.707248
v 8.940699 9.210495 5.679369
v 8.726030 8.993754 5.537031
v 8.702450 8.823201 5.415255
v 8.946672 9.053946 5.477473
v 8.590277 8.935634 5.595075
v 8.532232 8.799879 5.536955
v 8.472674 8.579237 5.476763
v 8.410456 8.823460 5.707508
v 8.316133 8.586890 5.679073
v 8.202877 8.592509 5.940648
v 8.269024 8.293024 5.681078
v 8.157753 8.293024 5.949711
v 8.445853 8.293024 5.450652
v 8.268972 0.425247 5.681170
v 8.445853 0.425246 5.450654
v 8.157780 0.425247 5.949612
v 8.119854 0.425247 6.237686
v 8.119854 0.425247 6.309169
v 8.119854 8.293025 6.237685
v 8.119854 8.293025 6.309168
v 8.157753 8.580997 6.237684
v 8.161880 8.578206 6.636375
v 8.125196 8.571589 6.860223
v 8.077355 8.293025 6.595909
v 8.037503 8.568628 7.050030
v 8.207811 8.830228 7.135701
v 8.120193 8.811301 7.235678
v 8.023618 8.796112 7.325884
v 8.216171 8.998540 7.422281
v 8.306676 9.109820 7.609666
v 8.119854 8.940602 7.422201
v 8.119775 8.998281 7.518068
v 8.119137 9.046100 7.631790
v 7.932694 8.811565 7.421262
v 7.829740 8.832597 7.503797
v 7.744932 8.568891 7.333468
v 7.552164 8.573946 7.416101
v 7.561047 8.293025 7.268905
v 7.909629 8.566216 7.211254
v 7.793855 8.293025 7.096200
v 7.966560 8.293025 6.863393
v 7.793855 0.425247 7.096201
v 7.970736 0.425247 6.865685
v 7.563339 0.425247 7.273083
v 7.294897 0.425247 7.384275
v 7.293564 8.293026 7.379701
v 7.006823 0.425247 7.422201
v 5.822308 0.425247 7.422201
v 7.006823 8.293026 7.422200
v 5.822308 8.293026 7.422200
v 7.334030 8.578206 7.464226
v 7.713070 8.846421 7.575051
v 5.822308 8.581100 7.460126
v 5.822308 8.849542 7.571318
v 3.524762 8.581100 7.460126
v 3.524762 8.849542 7.571318
v 3.524762 8.293026 7.422200
v 1.227215 8.581100 7.460126
v 1.227215 8.849542 7.571318
v 0.042701 8.580998 7.460098
v 1.227215 8.293026 7.422200
v 0.042701 8.293026 7.422200
v 1.227215 0.425247 7.422201
v 0.042701 0.425247 7.422201
v 3.524762 0.425247 7.422201
v -0.245373 0.425247 7.460127
v -0.245272 8.293025 7.460098
v -0.513815 0.425247 7.571319
v -0.513906 8.293025 7.571370
v -0.744332 0.425247 7.748200
v -0.744332 8.293025 7.748199
v -0.921213 0.425247 7.978717
v -0.921161 8.293025 7.978625
v -1.032405 0.425247 8.247159
v -1.032432 8.293025 8.247257
v -1.070331 0.425247 8.535233
v -1.070331 0.425247 9.719748
v -1.070331 8.293026 8.535232
v -1.070331 8.293026 9.719747
v -1.032432 8.580998 8.535231
v -0.987308 8.592509 8.238194
v -0.921161 8.849631 8.535231
v -1.032405 8.581100 9.719747
v -0.921213 8.849542 9.719747
v -1.028305 8.578207 11.231466
v -1.064990 8.571589 11.455315
v -1.070331 8.293026 10.904261
v -0.917480 8.846421 11.610508
v -0.982374 8.830228 11.730791
v -0.744332 9.080058 12.017292
v -0.510695 9.253205 12.424076
v -0.859384 9.047050 12.018013
v -0.744332 9.080057 9.719747
v -0.744332 9.080057 8.535231
v -0.513815 9.256939 9.719747
v -0.513906 9.256886 8.535231
v -0.245373 9.368131 9.719747
v -0.245272 9.368157 8.535231
v 0.042701 9.406057 9.719747
v -0.242480 9.364032 12.803117
v 0.042701 9.406057 13.130323
v -0.507230 9.281985 12.586123
v -0.284507 9.364032 12.845140
v -0.697582 9.189470 12.308032
v -0.783231 9.184350 12.392802
v -0.663547 9.253206 12.576927
v -0.883509 9.109821 12.204759
v -1.071048 9.046100 12.226881
v -1.070332 9.080058 12.343290
v -1.360447 8.832597 12.098889
v -1.070411 8.998281 12.113159
v -1.257492 8.811565 12.016353
v -1.070331 8.940603 12.017293
v -1.166567 8.796113 11.920976
v -0.974014 8.998540 12.017373
v -1.069992 8.811302 11.830770
v -1.152681 8.568629 11.645122
v -1.223625 8.293026 11.458486
v -1.280556 8.566216 11.806347
v -1.445254 8.568891 11.928561
v -1.396330 8.293026 11.691294
v -1.629138 8.293026 11.863997
v -1.396330 0.425248 11.691295
v -1.626847 0.425248 11.868176
v -1.219449 0.425248 11.460777
v -1.108257 0.425247 11.192336
v -1.112830 8.293026 11.191002
v -1.070331 0.425247 10.904262
v -1.895289 0.425248 11.979368
v -1.896622 8.293026 11.974793
v -2.183362 0.425248 12.017293
v -2.273374 0.425248 12.017293
v -2.183362 8.293026 12.017292
v -2.273374 8.293026 12.017292
v -1.856157 8.578207 12.059316
v -1.638023 8.573946 12.011193
v -1.477116 8.846421 12.170142
v -2.273374 8.580998 12.055190
v -2.572858 8.590062 12.100314
v -2.273374 8.849631 12.166462
v -2.567240 8.851637 12.213572
v -2.273374 9.080057 12.343291
v -2.559587 9.053946 12.370111
v -2.273374 9.256886 12.573717
v -2.273374 9.368158 12.842350
v -2.565561 9.210496 12.572009
v -2.570411 9.323033 12.830839
v -2.803551 9.115455 12.599889
v -2.831986 9.209778 12.836456
v -2.780229 8.993755 12.429670
v -2.974104 8.993679 12.623468
v -3.034295 9.053237 12.844110
v -3.095803 8.823461 12.600145
v -2.915983 8.935635 12.487715
v -2.974027 8.799880 12.429593
v -3.033585 8.579238 12.369402
v -2.803810 8.823202 12.307894
v -2.831688 8.585212 12.212853
v -2.829980 8.293025 12.166462
v -2.561347 8.293025 12.055190
v -3.060406 8.293025 12.343291
v -2.829890 0.425248 12.166409
v -3.060406 0.425248 12.343291
v -2.561448 0.425248 12.055218
v -3.237288 0.425248 12.573808
v -3.237236 8.293025 12.573717
v -3.348480 0.425248 12.842250
v -3.348507 8.293025 12.842350
v -3.386406 0.425248 13.130324
v -3.386406 0.425248 13.201807
v -3.386406 8.293026 13.130323
v -3.386406 8.293027 13.201806
v -3.348507 8.580998 13.130323
v -3.303382 8.592510 12.833287
v -3.237236 8.849631 13.130323
v -3.348507 8.580999 13.201805
v -3.303383 8.590063 13.501289
v -3.237236 8.849632 13.201805
v -3.190126 8.851637 13.495671
v -3.060406 9.080058 13.201805
v -2.829980 9.256887 13.201805
v -3.033585 9.053947 13.488017
v -3.060406 9.080057 13.130323
v -2.829980 9.256886 13.130323
v -2.561347 9.368158 13.130323
v -2.273374 9.406057 13.130323
v -2.561347 9.368158 13.201805
v -2.273374 9.406058 13.201806
v -2.572859 9.323034 13.498841
v -2.273374 9.368158 13.489779
v -2.831688 9.210496 13.493992
v -2.567240 9.209778 13.760416
v -2.273374 9.256887 13.758411
v -2.803810 9.115456 13.731982
v -2.559587 9.053237 13.962727
v -2.273374 9.080058 13.988837
v -2.565561 8.851340 14.119275
v -2.780229 8.993679 13.902534
v -2.803551 8.823462 14.024235
v -2.915983 8.935635 13.844414
v -2.974104 8.799881 13.902458
v -2.974028 8.993755 13.708660
v -3.095803 8.823203 13.732240
v -3.190845 8.585213 13.760118
v -3.237236 8.293026 13.758411
v -3.034295 8.579239 13.962016
v -2.831986 8.586892 14.118557
v -3.060406 8.293026 13.988837
v -2.829980 8.293026 14.165667
v -3.060406 0.425248 13.988838
v -3.237288 0.425248 13.758323
v -2.829890 0.425248 14.165719
v -2.561448 0.425248 14.276912
v -2.561347 8.293026 14.276937
v -2.273374 0.425248 14.314838
v -1.070331 0.425248 14.314838
v -2.273374 8.293027 14.314837
v -1.070331 8.293027 14.314837
v -2.273374 8.580999 14.276937
v -2.570411 8.592510 14.231813
v -2.273374 8.849632 14.165667
v -1.070331 8.581100 14.276911
v -1.070331 8.849543 14.165718
v 1.227215 8.581100 14.276911
v 1.227215 8.849543 14.165718
v 1.227215 8.293027 14.314837
v 2.411730 8.580999 14.276937
v 2.711215 8.590063 14.231813
v 2.411730 8.293027 14.314837
v 2.411730 8.849632 14.165667
v 2.705596 8.851637 14.118557
v 2.411730 9.080058 13.988837
v 2.411730 9.256887 13.758411
v 2.697943 9.053947 13.962016
v 1.227215 9.080058 13.988837
v -1.070331 9.080058 13.988837
v 1.227215 9.256940 13.758322
v -1.070331 9.256940 13.758322
v 1.227215 9.368132 13.489879
v -1.070331 9.368132 13.489879
v 1.227215 9.406058 13.201806
v 2.411730 9.368158 13.489779
v 2.411730 9.406058 13.201806
v 2.708767 9.323034 13.501289
v 2.699703 9.368158 13.201805
v 2.703917 9.210496 13.760118
v 2.970342 9.209778 13.495671
v 2.968336 9.256887 13.201805
v 2.941907 9.115456 13.732240
v 3.172651 9.053237 13.488017
v 3.198762 9.080058 13.201805
v 3.112460 8.993679 13.708660
v 3.329200 8.851340 13.493992
v 3.375591 8.849632 13.201805
v 3.441739 8.592510 13.498841
v 3.234159 8.823462 13.731982
v 3.328482 8.586892 13.760416
v 3.112383 8.799881 13.902534
v 3.171941 8.579239 13.962727
v 2.942165 8.823203 14.024235
v 3.054339 8.935635 13.844414
v 2.918585 8.993755 13.902458
v 2.970045 8.585213 14.119275
v 2.968336 8.293026 14.165667
v 2.699703 8.293026 14.276937
v 3.198762 8.293026 13.988837
v 2.968246 0.425248 14.165719
v 2.699804 0.425248 14.276912
v 3.198762 0.425248 13.988838
v 3.375643 0.425248 13.758323
v 3.375591 8.293026 13.758411
v 3.486836 0.425248 13.489880
v 3.486863 8.293026 13.489779
v 3.524762 0.425248 13.201807
v 3.524762 0.425248 13.130324
v 3.524762 8.293027 13.201806
v 3.524762 8.293026 13.130323
v 3.486863 8.580999 13.201805
v 3.486863 8.580998 13.130323
v 3.441739 8.590062 12.830839
v 3.375591 8.849631 13.130323
v 3.328482 8.851637 12.836456
v 3.198762 9.080057 13.130323
v 2.968336 9.256886 13.130323
v 3.171941 9.053946 12.844110
v 2.970045 9.210496 12.838136
v 3.112383 8.993755 12.623468
v 2.942165 9.115455 12.600145
v 3.054339 8.935635 12.487715
v 3.234159 8.823202 12.599889
v 3.329200 8.585212 12.572009
v 3.112460 8.799880 12.429670
v 2.941907 8.823461 12.307894
v 3.172651 8.579238 12.370111
v 2.970342 8.586891 12.213572
v 3.198762 8.293025 12.343291
v 2.968336 8.293025 12.166462
v 3.375591 8.293025 12.573717
v 3.198762 0.425248 12.343291
v 2.968246 0.425248 12.166409
v 3.375643 0.425248 12.573808
v 3.486836 0.425248 12.842250
v 3.486863 8.293025 12.842350
v 2.699804 0.425248 12.055218
v 2.699703 8.293025 12.055190
v 2.411730 0.425248 12.017293
v 2.340247 0.425248 12.017293
v 2.411730 8.293026 12.017292
v 2.340247 8.293026 12.017292
v 2.411730 8.580998 12.055190
v 2.708767 8.592510 12.100314
v 2.411730 8.849631 12.166462
v 2.013041 8.578207 12.059317
v 1.789193 8.571589 12.022633
v 1.634000 8.846421 12.170142
v 1.513716 8.830228 12.105247
v 1.227216 9.080058 12.343290
v 0.820431 9.253206 12.576927
v 1.226494 9.047050 12.228238
v 2.411730 9.080057 12.343291
v 2.697943 9.053237 12.369402
v 2.411730 9.256886 12.573717
v 2.705596 9.209778 12.571712
v 2.411730 9.368158 12.842350
v 2.711215 9.323033 12.833287
v 2.411730 9.406057 13.130323
v 0.441392 9.364032 12.845142
v 0.114184 9.406057 13.130323
v 0.658382 9.281985 12.580394
v 0.399365 9.364032 12.803117
v 0.936476 9.189471 12.390041
v 0.851705 9.184350 12.304395
v 0.667579 9.253206 12.424076
v 1.039749 9.109821 12.204115
v 1.017625 9.046100 12.016576
v 0.901216 9.080058 12.017292
v 1.131347 8.998281 12.017213
v 1.145619 8.832596 11.727177
v 1.074364 8.846421 11.610508
v 1.233314 8.573946 11.449599
v 1.228154 8.811565 11.830131
v 1.315947 8.568891 11.642369
v 1.323532 8.796113 11.921057
v 1.438162 8.566216 11.807068
v 1.413739 8.811302 12.017631
v 1.227216 8.940603 12.017293
v 1.227135 8.998541 12.113609
v 1.599387 8.568628 11.934942
v 1.786022 8.293026 11.863997
v 2.053506 8.293025 11.974793
v 1.553215 8.293026 11.691294
v 1.783731 0.425248 11.868176
v 2.052173 0.425248 11.979368
v 1.553215 0.425248 11.691295
v 1.376333 0.425248 11.460777
v 1.380510 8.293026 11.458486
v 1.265141 0.425247 11.192336
v 1.269714 8.293026 11.191002
v 1.227215 0.425247 10.904262
v 1.227215 0.425247 10.832780
v 1.227215 8.293026 10.904261
v 1.227215 8.293026 10.832779
v 1.185189 8.578207 11.231466
v 1.185189 8.578207 10.505572
v 1.221875 8.571589 10.281723
v 1.074364 8.846421 10.126532
v 1.139258 8.830227 10.006247
v 0.901216 9.080057 9.719747
v 0.667579 9.253205 9.312962
v 1.016268 9.047049 9.719024
v 0.854466 9.189470 9.429007
v 1.130898 8.998540 9.719666
v 1.040393 9.109821 9.532281
v 1.227215 8.940602 9.719747
v 1.226877 8.811302 9.906269
v 1.309566 8.568628 10.091917
v 1.323451 8.796112 9.816063
v 1.414376 8.811565 9.720685
v 1.437440 8.566216 9.930694
v 1.602138 8.568891 9.808479
v 1.553215 8.293026 10.045747
v 1.786022 8.293026 9.873041
v 1.380510 8.293026 10.278553
v 1.553215 0.425247 10.045748
v 1.783731 0.425247 9.868865
v 1.376333 0.425247 10.276263
v 1.265141 0.425247 10.544706
v 1.269714 8.293026 10.546039
v 2.052173 0.425247 9.757673
v 2.053506 8.293026 9.762246
v 2.340247 0.425247 9.719748
v 3.524762 0.425247 9.719748
v 2.340247 8.293026 9.719747
v 3.524762 8.293026 9.719747
v 2.013040 8.578207 9.677721
v 1.794907 8.573946 9.725845
v 1.633999 8.846421 9.566895
v 3.524762 8.581100 9.681821
v 3.524762 8.849542 9.570628
v 5.822308 8.581100 9.681821
v 5.822308 8.849542 9.570628
v 8.119854 8.581100 9.681821
v 5.822308 8.293026 9.719747
v 5.822308 0.425247 9.719748
v 8.119854 8.293026 9.719747
v 8.119854 0.425247 9.719748
v 9.304369 8.293026 9.719747
v 9.304369 0.425247 9.719748
v 9.592341 8.293025 9.681849
v 9.304369 8.580998 9.681849
v 9.603853 8.590062 9.636724
v 9.304369 8.849631 9.570577
v 9.598235 8.851636 9.523468
v 9.304369 9.080057 9.393747
v 8.119854 8.849542 9.570628
v 8.119854 9.080057 9.393747
v 5.822308 9.080057 9.393747
v 8.119854 9.256939 9.163231
v 5.822308 9.256939 9.163231
v 8.119854 9.368131 8.894789
v 9.304369 9.256886 9.163321
v 9.304369 9.368157 8.894689
v 9.596556 9.210495 9.165030
v 9.601406 9.323033 8.906200
v 9.590582 9.053946 9.366927
v 9.834546 9.115455 9.137151
v 9.862981 9.209777 8.900581
v 9.811225 8.993754 9.307369
v 10.005099 8.993678 9.113570
v 10.065289 9.053236 8.892928
v 10.126798 8.823461 9.136892
v 9.946979 8.935634 9.249325
v 10.005023 8.799880 9.307446
v 10.064580 8.579238 9.367637
v 9.834805 8.823202 9.429145
v 9.862683 8.585212 9.524186
v 9.860976 8.293025 9.570577
v 10.091402 8.293025 9.393747
v 9.860885 0.425247 9.570629
v 10.091402 0.425247 9.393748
v 9.592443 0.425247 9.681822
v 10.268283 0.425247 9.163232
v 10.268229 8.293025 9.163321
v 10.379476 0.425247 8.894790
v 10.379502 8.293025 8.894689
v 10.417400 0.425247 8.606716
v 10.417400 0.425247 8.535233
v 10.417400 8.293026 8.606715
v 10.417400 8.293026 8.535232
v 10.379502 8.580998 8.606715
v 10.334377 8.592509 8.903752
v 10.268229 8.849631 8.606715
v 10.375375 8.578206 8.208026
v 10.412060 8.571589 7.984178
v 10.264550 8.846421 7.828985
v 10.329444 8.830227 7.708700
v 10.091402 9.080057 7.422201
v 9.857764 9.253205 7.015416
v 10.206454 9.047049 7.421479
v 10.091402 9.080057 8.606715
v 9.860974 9.256886 8.606715
v 9.592341 9.368157 8.606715
v 9.304369 9.406057 8.606715
v 9.589551 9.364031 6.636376
v 9.854300 9.281985 6.853367
v 9.631575 9.364031 6.594349
v 10.044653 9.189470 7.131460
v 10.130301 9.184349 7.046690
v 10.010616 9.253204 6.862564
v 10.230579 9.109820 7.234734
v 10.418117 9.046099 7.212609
v 10.417400 9.080057 7.096200
v 10.707516 8.832596 7.340604
v 10.417480 8.998281 7.326332
v 10.604561 8.811565 7.423140
v 10.417401 8.940602 7.422201
v 10.513637 8.796112 7.518517
v 10.321085 8.998540 7.422121
v 10.417061 8.811302 7.608724
v 10.499751 8.568628 7.794372
v 10.570694 8.293026 7.981008
v 10.627624 8.566216 7.633147
v 10.792323 8.568891 7.510933
v 10.743398 8.293026 7.748199
v 10.976206 8.293026 7.575495
v 10.743398 0.425247 7.748200
v 10.566517 0.425247 7.978717
v 10.973915 0.425247 7.571319
v 11.242356 0.425247 7.460127
v 11.243690 8.293026 7.464700
v 11.530432 0.425247 7.422201
v 12.714946 0.425247 7.422201
v 11.530432 8.293026 7.422200
v 12.714946 8.293026 7.422200
v 11.203225 8.578206 7.380174
v 10.985091 8.573946 7.428299
v 10.824184 8.846420 7.269349
v 12.714946 8.581100 7.384274
v 12.714946 8.849541 7.273082
v 15.012492 8.581100 7.384274
v 15.012492 8.849541 7.273082
v 15.012492 8.293026 7.422200
v 16.524214 8.578206 7.380174
v 16.748062 8.571589 7.416858
v 16.197008 8.293026 7.422200
v 16.903255 8.846420 7.269348
v 17.023539 8.830228 7.334243
v 17.310040 9.080057 7.096200
v 17.716822 9.253204 6.862564
v 17.310760 9.047049 7.211253
v 15.012492 9.080057 7.096200
v 12.714946 9.080057 7.096200
v 15.012492 9.256938 6.865684
v 12.714946 9.256938 6.865684
v 15.012492 9.368131 6.597241
v 12.714946 9.368131 6.597241
v 15.012492 9.406056 6.309168
v 18.095863 9.364031 6.594349
v 17.878872 9.281984 6.859098
v 18.137890 9.364031 6.636373
v 17.600779 9.189470 7.049450
v 17.685549 9.184349 7.135099
v 17.869675 9.253204 7.015414
v 17.497507 9.109820 7.235377
v 17.519629 9.046100 7.422915
v 17.636040 9.080057 7.422198
v 17.405907 8.998281 7.422278
v 17.391636 8.832596 7.712314
v 17.462893 8.846421 7.828983
v 17.303942 8.573946 7.989891
v 17.309099 8.811565 7.609360
v 17.221308 8.568891 7.797123
v 17.213722 8.796112 7.518435
v 17.099091 8.566216 7.632425
v 17.123516 8.811302 7.421862
v 17.310040 8.940602 7.422200
v 17.310120 8.998539 7.325883
v 16.937868 8.568628 7.504551
v 16.751230 8.293026 7.575495
v 16.483746 8.293026 7.464699
v 16.984037 8.293026 7.748199
v 16.753523 0.425247 7.571319
v 16.485079 0.425247 7.460127
v 16.984037 0.425247 7.748200
v 17.160919 0.425247 7.978717
v 17.156742 8.293026 7.981008
v 17.272112 0.425247 8.247159
v 17.267538 8.293026 8.248490
v 17.310040 0.425247 8.535233
v 17.310040 0.425247 8.606716
v 17.310040 8.293026 8.535232
v 17.310040 8.293026 8.606715
v 17.352066 8.578206 8.208023
v 17.352066 8.578206 8.933923
v 17.315380 8.571589 9.157770
v 17.462893 8.846421 9.312963
v 17.397995 8.830228 9.433248
v 17.636040 9.080057 9.719748
v 17.869675 9.253205 10.126533
v 17.520987 9.047049 9.720469
v 17.682789 9.189470 10.010488
v 17.406355 8.998539 9.719828
v 17.496861 9.109821 9.907212
v 17.310040 8.940602 9.719748
v 17.310379 8.811302 9.533225
v 17.227690 8.568628 9.347576
v 17.213802 8.796112 9.623431
v 17.122877 8.811565 9.718808
v 17.099813 8.566216 9.508801
v 16.935114 8.568891 9.631014
v 16.984037 8.293026 9.393747
v 16.751230 8.293026 9.566452
v 17.156744 8.293026 9.160939
v 16.984037 0.425247 9.393748
v 16.753523 0.425247 9.570629
v 17.160919 0.425247 9.163232
v 17.272112 0.425247 8.894790
v 17.267538 8.293026 8.893456
v 16.485079 0.425247 9.681822
v 16.483746 8.293026 9.677247
v 16.197008 0.425247 9.719748
v 15.012492 0.425247 9.719748
v 16.197008 8.293026 9.719747
v 15.012492 8.293026 9.719747
v 16.524214 8.578207 9.761772
v 16.742346 8.573945 9.713647
v 16.903254 8.846421 9.872599
v 15.012492 8.581100 9.757672
v 15.012492 8.849542 9.868864
v 13.827978 8.580998 9.757645
v 13.528494 8.590062 9.802770
v 13.827977 8.293026 9.719747
v 13.827978 8.849631 9.868917
v 13.534112 8.851636 9.916025
v 13.827978 9.080057 10.045745
v 13.541766 9.053946 10.072567
v 13.827978 9.256886 10.276173
v 15.012492 9.080057 10.045747
v 17.310040 9.080057 10.045747
v 15.012492 9.256939 10.276262
v 17.716822 9.253205 10.279383
v 15.012492 9.368132 10.544705
v 18.095863 9.364032 10.547597
v 15.012492 9.406057 10.832779
v 13.827978 9.368158 10.544806
v 13.827977 9.406057 10.832779
v 13.530942 9.323033 10.533294
v 13.540006 9.368158 10.832779
v 13.535791 9.210496 10.274464
v 13.269367 9.209778 10.538912
v 13.271373 9.256886 10.832779
v 13.297801 9.115455 10.302342
v 13.067058 9.053237 10.546565
v 13.040946 9.080057 10.832779
v 12.910508 8.851340 10.540591
v 13.127249 8.993679 10.325924
v 13.005549 8.823461 10.302601
v 13.185369 8.935634 10.190168
v 13.127326 8.799880 10.132048
v 13.321124 8.993754 10.132124
v 13.297544 8.823202 10.010349
v 13.269665 8.585212 9.915307
v 13.271373 8.293025 9.868917
v 13.067767 8.579238 10.071857
v 13.040946 8.293025 10.045745
v 12.911226 8.586891 10.274166
v 12.797970 8.592510 10.535741
v 12.864117 8.293025 10.276173
v 12.752846 8.293025 10.544806
v 12.864065 0.425247 10.276263
v 13.040946 0.425247 10.045748
v 12.752872 0.425247 10.544706
v 12.714946 0.425247 10.832780
v 12.714946 0.425247 10.904262
v 12.714946 8.293026 10.832779
v 12.714946 8.293026 10.904261
v 12.752846 8.580998 10.832779
v 12.864117 8.849631 10.832779
v 12.756973 8.578207 11.231469
v 12.720286 8.571590 11.455315
v 12.867800 8.846421 11.610509
v 12.802904 8.830228 11.730794
v 13.040948 9.080058 12.017293
v 13.274582 9.253205 12.424076
v 12.925894 9.047050 12.018016
v 13.087695 9.189471 12.308032
v 12.811264 8.998541 12.017374
v 12.901768 9.109820 12.204758
v 12.714946 8.940603 12.017293
v 12.715284 8.811303 11.830770
v 12.632595 8.568628 11.645122
v 12.618710 8.796113 11.920976
v 12.527783 8.811565 12.016353
v 12.504721 8.566216 11.806347
v 12.340023 8.568891 11.928560
v 12.388946 8.293026 11.691294
v 12.156138 8.293026 11.863997
v 12.561650 8.293026 11.458486
v 12.388946 0.425248 11.691295
v 12.158429 0.425248 11.868176
v 12.565826 0.425248 11.460777
v 12.677019 0.425247 11.192336
v 12.672444 8.293026 11.191002
v 11.889987 0.425248 11.979368
v 11.888654 8.293026 11.974793
v 11.601914 0.425248 12.017293
v 10.417400 0.425248 12.017293
v 11.601914 8.293026 12.017292
v 10.417400 8.293026 12.017292
v 11.929120 8.578207 12.059317
v 12.147252 8.573946 12.011191
v 12.308161 8.846421 12.170143
v 10.417400 8.581100 12.055217
v 10.417400 8.849542 12.166409
v 8.119854 8.581100 12.055217
v 8.119854 8.849542 12.166409
v 8.119854 8.293026 12.017292
v 6.935340 8.580998 12.055190
v 6.635856 8.590062 12.100314
v 6.935339 8.293026 12.017292
v 6.935340 8.849631 12.166462
v 6.641474 8.851637 12.213572
v 6.935340 9.080057 12.343291
v 6.935340 9.256886 12.573717
v 6.649127 9.053946 12.370111
v 8.119854 9.080058 12.343290
v 10.417400 9.080058 12.343290
v 8.119854 9.256939 12.573807
v 10.417400 9.256939 12.573807
v 8.119854 9.368132 12.842249
v 10.417400 9.368132 12.842249
v 8.119854 9.406057 13.130323
v 6.935340 9.368158 12.842350
v 6.935339 9.406057 13.130323
v 6.638303 9.323033 12.830839
v 6.647367 9.368158 13.130323
v 6.643154 9.210496 12.572009
v 6.376729 9.209778 12.836456
v 6.378734 9.256886 13.130323
v 6.405163 9.115455 12.599889
v 6.174419 9.053237 12.844110
v 6.148308 9.080057 13.130323
v 6.234611 8.993679 12.623468
v 6.017870 8.851340 12.838136
v 5.971478 8.849631 13.130323
v 5.905332 8.592510 12.833287
v 6.112911 8.823461 12.600145
v 6.018588 8.586891 12.571712
v 6.234686 8.799880 12.429593
v 6.175129 8.579238 12.369402
v 6.404905 8.823202 12.307894
v 6.292731 8.935635 12.487715
v 6.428485 8.993755 12.429670
v 6.377026 8.585212 12.212853
v 6.378734 8.293025 12.166462
v 6.647367 8.293025 12.055190
v 6.148308 8.293025 12.343291
v 6.378824 0.425248 12.166409
v 6.647266 0.425248 12.055218
v 6.148307 0.425248 12.343291
v 5.971426 0.425248 12.573808
v 5.971478 8.293025 12.573717
v 5.860234 0.425248 12.842250
v 5.860207 8.293025 12.842350
v 5.822308 0.425248 13.130324
v 5.822308 0.425248 13.201807
v 5.822308 8.293026 13.130323
v 5.822308 8.293027 13.201806
v 5.860207 8.580998 13.130323
v 5.860207 8.580999 13.201805
v 5.905332 8.590063 13.501289
v 5.971478 8.849632 13.201805
v 6.018588 8.851637 13.495671
v 6.148308 9.080058 13.201805
v 6.378734 9.256887 13.201805
v 6.175129 9.053947 13.488017
v 6.377026 9.210496 13.493992
v 6.234686 8.993755 13.708660
v 6.404905 9.115456 13.731982
v 6.292731 8.935635 13.844414
v 6.112911 8.823203 13.732240
v 6.017870 8.585213 13.760118
v 6.234611 8.799881 13.902458
v 6.405163 8.823462 14.024235
v 6.174419 8.579239 13.962016
v 6.376729 8.586892 14.118557
v 6.148308 8.293026 13.988837
v 6.378734 8.293026 14.165667
v 5.971478 8.293026 13.758411
v 6.148307 0.425248 13.988838
v 6.378824 0.425248 14.165719
v 5.971426 0.425248 13.758323
v 5.860234 0.425248 13.489880
v 5.860207 8.293026 13.489779
v 6.647266 0.425248 14.276912
v 6.647367 8.293026 14.276937
v 6.935339 0.425248 14.314838
v 8.119854 0.425248 14.314838
v 6.935339 8.293027 14.314837
v 8.119854 8.293027 14.314837
v 6.935340 8.580999 14.276937
v 6.638303 8.592510 14.231813
v 6.935340 8.849632 14.165667
v 8.119854 8.581100 14.276911
v 8.119854 8.849543 14.165718
v 10.417400 8.581100 14.276911
v 10.417400 8.849543 14.165718
v 10.417400 8.293027 14.314837
v 12.714946 8.581100 14.276911
v 12.714946 8.849543 14.165718
v 13.899463 8.580999 14.276940
v 12.714946 8.293027 14.314837
v 13.899461 8.293027 14.314837
v 12.714946 0.425248 14.314838
v 13.899461 0.425248 14.314838
v 10.417400 0.425248 14.314838
v 14.187535 0.425248 14.276912
v 14.187436 8.293026 14.276940
v 14.455976 0.425248 14.165719
v 14.456069 8.293026 14.165668
v 14.686494 0.425248 13.988838
v 14.686495 8.293026 13.988839
v 14.863375 0.425248 13.758323
v 14.863324 8.293026 13.758413
v 14.974567 0.425248 13.489880
v 14.974595 8.293026 13.489780
v 15.012492 0.425248 13.201807
v 15.012492 0.425248 13.130324
v 15.012492 8.293027 13.201806
v 15.012492 8.293026 13.130323
v 14.974595 8.580999 13.201807
v 14.929471 8.592510 13.498844
v 14.863324 8.849632 13.201807
v 14.970467 8.578207 12.803117
v 15.007150 8.571590 12.579269
v 14.859642 8.846421 12.424077
v 14.924536 8.830228 12.303792
v 14.686494 9.080058 12.017293
v 14.452856 9.253205 11.610508
v 14.801546 9.047050 12.016571
v 14.686495 9.080058 13.201807
v 14.660384 9.053237 13.488020
v 14.456069 9.256887 13.201807
v 14.458075 9.209778 13.495674
v 14.187436 9.368158 13.201807
v 14.196499 9.323034 13.501292
v 13.899461 9.406058 13.201806
v 14.184642 9.364032 11.231468
v 13.899461 9.406057 10.904261
v 14.449389 9.281985 11.448459
v 14.226669 9.364032 11.189443
v 14.639742 9.189471 11.726554
v 14.725391 9.184350 11.641782
v 14.605708 9.253205 11.457657
v 14.825671 9.109821 11.829826
v 15.013208 9.046100 11.807702
v 15.012493 9.080058 11.691294
v 15.302608 8.832597 11.935696
v 15.012573 8.998281 11.921424
v 15.199653 8.811565 12.018231
v 15.012495 8.940603 12.017293
v 15.108728 8.796113 12.113609
v 14.916176 8.998541 12.017213
v 15.012153 8.811302 12.203815
v 15.094840 8.568628 12.389462
v 15.165786 8.293026 12.576098
v 15.222715 8.566217 12.228238
v 15.387415 8.568891 12.106022
v 15.338490 8.293026 12.343290
v 15.571298 8.293026 12.170585
v 15.338490 0.425248 12.343291
v 15.569007 0.425248 12.166409
v 15.161609 0.425248 12.573808
v 15.050416 0.425248 12.842250
v 15.054991 8.293026 12.843580
v 15.837449 0.425248 12.055218
v 15.838780 8.293026 12.059791
v 16.125525 0.425248 12.017293
v 16.197008 0.425248 12.017293
v 16.125525 8.293026 12.017292
v 16.197008 8.293026 12.017292
v 15.798316 8.578207 11.975266
v 15.580184 8.573946 12.023389
v 15.419277 8.846421 11.864442
v 16.524212 8.578207 11.975266
v 16.748058 8.571590 12.011952
v 16.903254 8.846421 11.864441
v 17.023537 8.830229 11.929336
v 17.310038 9.080058 11.691294
v 17.716822 9.253205 11.457657
v 17.310759 9.047050 11.806347
v 17.600779 9.189472 11.644542
v 17.310120 8.998541 11.920976
v 17.497505 9.109821 11.830469
v 17.310040 8.940603 12.017292
v 17.123514 8.811303 12.016953
v 16.937866 8.568628 12.099642
v 17.213720 8.796113 12.113526
v 17.099091 8.566217 12.227516
v 17.309101 8.811565 12.204452
v 17.391636 8.832597 12.307405
v 17.221308 8.568891 12.392215
v 17.405907 8.998281 12.017369
v 17.519629 9.046100 12.018007
v 17.685549 9.184350 11.730191
v 17.636040 9.080058 12.017290
v 17.869675 9.253205 11.610508
v 17.462893 8.846421 12.424075
v 17.636040 9.080058 14.314837
v 17.866554 9.256940 14.314837
v 17.459158 8.849543 14.314837
v 17.636040 9.080059 16.612383
v 17.869675 9.253206 17.019167
v 17.520988 9.047051 16.613106
v 17.462893 8.846422 16.205601
v 17.397995 8.830229 16.325882
v 17.352066 8.578207 15.826561
v 17.315380 8.571590 16.050406
v 17.310040 8.293027 15.499352
v 17.347965 8.581100 14.314837
v 17.352066 8.578207 12.803115
v 17.310040 8.293027 14.314837
v 17.310040 0.425248 14.314838
v 17.310040 8.293026 13.130323
v 17.310040 0.425248 13.130324
v 17.267538 8.293026 12.843582
v 17.303942 8.573946 12.584984
v 17.156744 8.293026 12.576098
v 17.272112 0.425248 12.842250
v 17.160919 0.425248 12.573808
v 16.984037 0.425248 12.343291
v 16.753523 0.425248 12.166409
v 16.984037 8.293026 12.343290
v 16.751230 8.293026 12.170586
v 16.483746 8.293026 12.059791
v 16.485079 0.425248 12.055218
v 17.310040 0.425248 15.499353
v 17.272112 0.425248 15.787428
v 17.267538 8.293027 15.786095
v 17.160919 0.425248 16.055870
v 17.156744 8.293027 16.053576
v 16.984037 0.425248 16.286386
v 16.984037 8.293027 16.286385
v 16.753523 0.425248 16.463268
v 16.751230 8.293027 16.459089
v 16.485079 0.425248 16.574459
v 16.483746 8.293027 16.569883
v 16.197008 0.425248 16.612385
v 15.012492 0.425248 16.612385
v 16.197008 8.293027 16.612383
v 15.012492 8.293027 16.612383
v 16.524212 8.578208 16.654406
v 16.742346 8.573948 16.606283
v 16.903254 8.846422 16.765232
v 15.012492 8.581100 16.650307
v 15.012492 8.849543 16.761499
v 12.714946 8.581100 16.650307
v 10.417400 8.581100 16.650307
v 12.714946 8.293027 16.612383
v 12.714946 8.849543 16.761499
v 10.417400 8.849543 16.761499
v 12.714946 9.080059 16.938381
v 10.417400 9.080059 16.938381
v 12.714946 9.256940 17.168898
v 15.012492 9.080059 16.938381
v 17.310038 9.080059 16.938381
v 15.012492 9.256940 17.168898
v 17.716822 9.253206 17.172018
v 15.012492 9.368133 17.437340
v 18.095863 9.364033 17.440233
v 12.714946 9.368133 17.437340
v 10.417400 9.368133 17.437340
v 12.714946 9.406058 17.725414
v 10.417400 9.406058 17.725414
v 10.417400 9.406058 17.796900
v 8.119854 9.406058 17.725414
v 8.119854 9.406058 17.796900
v 5.822308 9.406058 17.725414
v 8.119854 9.368133 17.437340
v 5.822308 9.368133 17.437340
v 8.119854 9.256940 17.168898
v 5.822308 9.256940 17.168898
v 8.119854 9.080059 16.938381
v 10.417400 9.256940 17.168898
v 5.822308 9.080059 16.938381
v 8.119854 8.849543 16.761499
v 5.822308 8.849543 16.761499
v 8.119854 8.581100 16.650307
v 5.822308 8.581100 16.650307
v 8.119854 8.293027 16.612383
v 5.822308 8.293027 16.612383
v 8.119854 0.425248 16.612385
v 10.417400 8.293027 16.612383
v 10.417400 0.425248 16.612385
v 12.714946 0.425248 16.612385
v 5.822308 0.425248 16.612385
v 3.524762 0.425248 16.612385
v 2.340247 0.425248 16.612385
v 3.524762 8.293027 16.612383
v 2.340247 8.293027 16.612383
v 3.524762 8.581100 16.650307
v 3.524762 8.849543 16.761499
v 2.340247 8.580999 16.650282
v 2.040762 8.590063 16.695406
v 2.340247 8.849632 16.761553
v 2.046381 8.851638 16.808662
v 2.340247 9.080058 16.938381
v 2.340247 9.256887 17.168808
v 2.054034 9.053947 16.965202
v 3.524762 9.080059 16.938381
v 3.524762 9.256940 17.168898
v 3.524762 9.368133 17.437340
v 3.524762 9.406058 17.725414
v 2.340247 9.368159 17.437441
v 2.340247 9.406058 17.725414
v 2.043210 9.323034 17.425930
v 2.052274 9.368159 17.725414
v 2.048060 9.210497 17.167101
v 1.781635 9.209779 17.431547
v 1.783641 9.256887 17.725414
v 1.810070 9.115456 17.194979
v 1.579326 9.053238 17.439201
v 1.553215 9.080058 17.725414
v 1.639517 8.993680 17.218559
v 1.422777 8.851341 17.433228
v 1.376386 8.849632 17.725414
v 1.310239 8.592511 17.428377
v 1.517818 8.823462 17.195236
v 1.423495 8.586892 17.166803
v 1.639594 8.799881 17.024685
v 1.580036 8.579239 16.964493
v 1.809811 8.823203 16.902985
v 1.697638 8.935636 17.082806
v 1.833392 8.993756 17.024761
v 1.781933 8.585213 16.807943
v 1.783641 8.293026 16.761553
v 2.052274 8.293026 16.650282
v 1.553215 8.293026 16.938381
v 1.783731 0.425248 16.761501
v 2.052173 0.425248 16.650309
v 1.553215 0.425248 16.938383
v 1.376333 0.425248 17.168900
v 1.376386 8.293026 17.168808
v 1.265141 0.425249 17.437342
v 1.265114 8.293026 17.437441
v 1.227215 0.425249 17.725416
v 1.227215 0.425249 17.796902
v 1.227215 8.293027 17.725414
v 1.227215 8.293027 17.796900
v 1.265114 8.580999 17.725414
v 1.265114 8.580999 17.796898
v 1.310239 8.590063 18.096382
v 1.376385 8.849632 17.796898
v 1.423495 8.851638 18.090765
v 1.553215 9.080058 17.796898
v 1.783641 9.256887 17.796898
v 1.580036 9.053947 18.083111
v 1.781932 9.210497 18.089085
v 1.639594 8.993756 18.303753
v 1.809811 9.115456 18.327076
v 1.697638 8.935636 18.439507
v 1.517818 8.823203 18.327333
v 1.422777 8.585213 18.355211
v 1.639517 8.799881 18.497551
v 1.579326 8.579239 18.557110
v 1.810070 8.823462 18.619328
v 2.048060 8.851341 18.714369
v 1.781635 8.586892 18.713650
v 1.833392 8.993680 18.497627
v 2.054034 9.053238 18.557819
v 2.046381 9.209779 18.355509
v 2.340247 9.080058 18.583931
v 2.340247 9.256887 18.353504
v 2.340247 8.849632 18.760759
v 3.524762 9.080059 18.583931
v 3.524762 9.256940 18.353415
v 3.524762 8.849543 18.760811
v 5.822308 9.080059 18.583931
v 5.822308 9.256940 18.353415
v 5.822308 8.849543 18.760811
v 8.119854 9.080059 18.583931
v 8.119854 9.256940 18.353415
v 8.119854 8.849543 18.760811
v 8.119854 8.581100 18.872004
v 10.417400 8.849543 18.760811
v 5.822308 8.581100 18.872004
v 8.119854 8.293027 18.909931
v 8.119854 0.425249 18.909933
v 5.822308 8.293027 18.909931
v 5.822308 0.425249 18.909933
v 3.524762 8.293027 18.909931
v 3.524762 0.425249 18.909933
v 2.340247 8.293027 18.909931
v 3.524762 8.581100 18.872004
v 2.340247 8.580999 18.872030
v 2.043210 8.592511 18.826906
v 2.052274 8.293026 18.872030
v 1.783641 8.293026 18.760759
v 2.052173 0.425249 18.872005
v 1.783731 0.425249 18.760813
v 2.340247 0.425249 18.909933
v 1.553215 0.425249 18.583933
v 1.376333 0.425249 18.353416
v 1.553215 8.293026 18.583931
v 1.376386 8.293026 18.353504
v 1.265114 8.293026 18.084871
v 1.265141 0.425249 18.084974
v 8.119854 9.368133 18.084972
v 5.822308 9.368133 18.084972
v 3.524762 9.368133 18.084972
v 5.822308 9.406058 17.796900
v 3.524762 9.406058 17.796900
v 2.340247 9.406058 17.796900
v 2.052274 9.368159 17.796898
v 2.340247 9.368159 18.084871
v 2.040762 9.323034 18.093935
v 17.873138 9.281986 17.181215
v 18.137890 9.364033 17.398207
v 17.682789 9.189472 16.903122
v 17.597137 9.184351 16.987892
v 17.496862 9.109822 16.799849
v 17.309322 9.046101 16.821974
v 17.019922 8.832598 16.693979
v 17.309959 8.998282 16.708248
v 17.122877 8.811566 16.611444
v 17.310040 8.940604 16.612383
v 17.213802 8.796114 16.516068
v 17.406359 8.998542 16.612465
v 17.310377 8.811304 16.425859
v 17.227690 8.568629 16.240211
v 17.099813 8.566217 16.401436
v 16.935114 8.568892 16.523649
v 18.134998 9.368132 14.314837
v 18.137890 9.364032 11.231466
v 18.423071 9.406058 14.314837
v 17.878872 9.281985 11.454190
v 18.095861 9.364032 11.189442
v 13.827977 9.406057 13.130323
v 12.714946 9.406058 13.201806
v 10.417400 9.406057 13.130323
v 13.542797 9.364032 12.803118
v 13.500770 9.364032 12.845140
v 13.278048 9.281985 12.586124
v 13.121729 9.253205 12.576927
v 13.002045 9.184350 12.392800
v 12.714945 9.080058 12.343290
v 12.714229 9.046100 12.226880
v 12.424830 8.832597 12.098889
v 12.714867 8.998281 12.113159
v 10.417400 9.406058 13.201806
v 8.119854 9.406058 13.201806
v 10.417400 9.368132 13.489879
v 8.119854 9.368132 13.489879
v 10.417400 9.256940 13.758322
v 12.714946 9.368132 13.489879
v 13.899463 9.368158 13.489780
v 12.714946 9.256940 13.758322
v 13.899463 9.256887 13.758413
v 12.714946 9.080058 13.988837
v 13.899463 9.080058 13.988839
v 10.417400 9.080058 13.988837
v 8.119854 9.080058 13.988837
v 8.119854 9.256940 13.758322
v 6.935340 9.080058 13.988837
v 6.649127 9.053237 13.962727
v 6.935340 9.256887 13.758411
v 6.641474 9.209778 13.760416
v 6.935340 9.368158 13.489779
v 6.635856 9.323034 13.498841
v 6.935339 9.406058 13.201806
v 6.647367 9.368158 13.201805
v 6.643154 8.851340 14.119275
v 6.428485 8.993679 13.902534
v 14.185675 9.053947 13.962019
v 13.899463 8.849632 14.165668
v 14.193329 8.851637 14.118560
v 14.198947 8.590063 14.231816
v 14.429897 8.823203 14.024237
v 14.457776 8.585213 14.119278
v 14.600116 8.799881 13.902537
v 14.406318 8.993755 13.902460
v 14.429640 9.115456 13.732243
v 14.542071 8.935635 13.844416
v 14.600192 8.993679 13.708662
v 14.721892 8.823462 13.731985
v 14.816933 8.851340 13.493995
v 14.816215 8.586892 13.760419
v 14.659674 8.579239 13.962729
v 14.191649 9.210496 13.760121
v 6.935339 0.425248 12.017293
v 8.119854 0.425248 12.017293
v 13.271462 0.425247 9.868865
v 13.539905 0.425247 9.757673
v 13.827977 0.425247 9.719748
v 13.540006 8.293025 9.757645
v 17.873142 9.281985 10.288583
v 18.137890 9.364032 10.505572
v 17.597139 9.184350 10.095258
v 17.309322 9.046100 9.929336
v 17.019922 8.832597 9.801343
v 17.309959 8.998281 9.815615
v 16.197008 0.425247 7.422201
v 15.012492 0.425247 7.422201
v 10.455324 0.425247 8.247159
v 10.459899 8.293026 8.248491
v 8.119854 9.406057 8.606715
v 5.822308 9.406057 8.606715
v 5.822308 9.406057 8.535232
v 3.524762 9.406057 8.606715
v 5.822308 9.368131 8.894789
v 3.524762 9.368131 8.894789
v 3.524762 9.256939 9.163231
v 0.441391 9.364031 8.891895
v 0.664114 9.281984 9.150913
v 0.114184 9.406057 8.606715
v 0.820431 9.253205 9.160110
v 0.940115 9.184349 9.344236
v 1.227215 9.080057 9.393747
v 1.227932 9.046100 9.510157
v 3.524762 9.080057 9.393747
v 1.517331 8.832596 9.638150
v 1.227295 8.998281 9.623879
v 1.227215 9.406057 8.535232
v 0.399365 9.364031 8.933922
v 3.524762 9.406057 8.535232
v 0.042701 9.406057 8.535232
v 1.227215 9.368131 8.247158
v 0.042701 9.368157 8.247257
v 1.227215 9.256939 7.978715
v 3.524762 9.368131 8.247158
v 5.822308 9.368131 8.247158
v 3.524762 9.256939 7.978715
v 5.822308 9.256939 7.978715
v 3.524762 9.080057 7.748199
v 5.822308 9.080057 7.748199
v 1.227215 9.080057 7.748199
v 0.042701 9.080057 7.748198
v 0.042701 9.256886 7.978624
v -0.243512 9.053946 7.775019
v 0.042701 8.849631 7.571370
v -0.251165 8.851636 7.618479
v -0.256784 8.590062 7.505223
v -0.487735 8.823202 7.712802
v -0.515614 8.585212 7.617761
v -0.657953 8.799880 7.834501
v -0.464154 8.993754 7.834578
v -0.487476 9.115455 8.004795
v -0.599909 8.935634 7.892622
v -0.658029 8.993678 8.028376
v -0.718220 9.053236 8.249018
v -0.779729 8.823461 8.005054
v -0.874770 8.851339 8.243045
v -0.874052 8.586891 7.976619
v -0.717511 8.579238 7.774310
v -0.515911 9.209777 8.241365
v -0.254336 9.323033 8.235746
v -0.249486 9.210495 7.976916
v 8.119854 9.080057 7.748199
v 8.526638 9.253205 7.981835
v 8.406953 9.184349 7.797709
v 8.905679 9.364031 8.250051
v 10.221839 8.851339 8.898902
v 10.221122 8.586891 9.165327
v 2.699703 9.368158 13.130323
v 2.703917 8.851340 12.212853
v 2.918585 8.993679 12.429593
v 2.411730 0.425248 14.314838
v 1.227215 0.425248 14.314838
v -1.070331 9.406058 13.201806
v -3.348480 0.425248 13.489880
v -3.348507 8.293026 13.489779
v -3.190844 8.851340 12.838136
v -3.190126 8.586891 12.571712
v 8.081928 0.425247 6.597243
v 8.676370 0.425246 5.273773
v 8.944812 0.425246 5.162580
v 8.676279 8.293024 5.273823
v 8.944912 8.293024 5.162551
v 8.674571 8.585211 5.320214
v 8.933401 8.590061 5.207676
v 9.232885 8.580997 5.162551
v 8.939019 8.851636 5.320932
v 9.232885 8.849630 5.273823
v 9.232885 9.080056 5.450652
v 9.232885 9.256886 5.681078
v 10.417400 9.256938 5.681169
v 9.232885 8.293025 5.124653
v 9.232885 0.425246 5.124654
v 10.417400 8.293025 5.124653
v 10.417400 0.425246 5.124654
v 12.714946 0.425246 5.124654
v 18.423071 9.406056 6.237684
v 18.423071 9.406056 2.827107
v 18.137890 9.364031 5.910479
v 17.873142 9.281984 5.693487
v 17.869675 9.253204 5.531438
v 17.682789 9.189470 5.415393
v 17.636040 9.080057 5.124654
v 17.520987 9.047049 5.125375
v 17.462893 8.846420 4.717871
v 17.397995 8.830227 4.838154
v 17.352066 8.578205 4.338830
v 17.315380 8.571589 4.562677
v 17.227690 8.568627 4.752483
v 17.099813 8.566216 4.913707
v 17.310377 8.811301 4.938131
v 17.213802 8.796112 5.028337
v 17.406359 8.998540 5.124734
v 17.496862 9.109820 5.312119
v 17.310040 8.940602 5.124654
v 17.309959 8.998281 5.220521
v 17.309322 9.046100 5.334244
v 17.122879 8.811564 5.123714
v 17.019922 8.832595 5.206250
v 16.935114 8.568890 5.035921
v 17.597139 9.184349 5.500165
v 18.423071 9.406056 2.827107
v 17.310040 0.425244 -10.958170
v 17.310040 0.425243 -13.255715
v 17.310040 8.293022 -13.255716
v 17.310040 0.425243 -15.553262
v 17.310040 8.293022 -15.553263
v 17.310040 0.425243 -16.737776
v 17.310040 8.293021 -16.737778
v 17.272112 0.425243 -17.025850
v 17.267538 8.293021 -17.024519
v 17.160919 0.425243 -17.294292
v 17.156744 8.293021 -17.292004
v 16.984037 0.425243 -17.524809
v 16.984037 8.293021 -17.524811
v 16.753523 0.425243 -17.701691
v 16.751230 8.293021 -17.697515
v 16.485079 0.425243 -17.812883
v 16.483746 8.293021 -17.808311
v 16.197008 0.425243 -17.850807
v 15.012492 0.425243 -17.850807
v 16.197008 8.293021 -17.850809
v 15.012492 8.293021 -17.850809
v 16.524212 8.578202 -17.892834
v 16.748058 8.571586 -17.856152
v 16.903254 8.846416 -18.003660
v 15.012492 8.581095 -17.888735
v 12.714946 8.581095 -17.888735
v 15.012492 8.849537 -17.999926
v 12.714946 8.849537 -17.999926
v 15.012492 9.080053 -18.176807
v 12.714946 9.080053 -18.176807
v 15.012492 9.256934 -18.407324
v 17.310038 9.080053 -18.176807
v 17.310759 9.047046 -18.061756
v 17.716822 9.253201 -18.410444
v 18.095861 9.364027 -18.678658
v 17.600777 9.189466 -18.223558
v 17.878870 9.281981 -18.413912
v 17.497503 9.109817 -18.037632
v 17.685549 9.184345 -18.137909
v 17.310120 8.998536 -17.947128
v 17.405907 8.998277 -17.850733
v 17.519629 9.046095 -17.850096
v 17.309101 8.811561 -17.663651
v 17.310040 8.940598 -17.850811
v 17.213720 8.796108 -17.754574
v 17.099091 8.566213 -17.640585
v 17.123514 8.811298 -17.851149
v 16.937866 8.568624 -17.768459
v 17.023537 8.830224 -17.938765
v 17.221308 8.568886 -17.475887
v 17.303942 8.573941 -17.283119
v 17.352066 8.578202 -17.064987
v 17.391636 8.832592 -17.560696
v 17.462893 8.846416 -17.444027
v 17.636040 9.080053 -17.850811
v 17.459158 8.849538 -15.553263
v 17.636040 9.080053 -15.553263
v 17.347965 8.581096 -15.553263
v 17.866554 9.256935 -15.553263
v 18.134998 9.368127 -15.553263
v 17.866554 9.256935 -13.255716
v 17.869675 9.253201 -18.257595
v 18.137890 9.364027 -18.636635
v 18.423071 9.406053 -18.963840
v 18.423071 9.406054 -15.553263
v 18.423071 9.406053 -17.850809
v 17.310040 9.406053 -19.034510
v 15.012492 9.406053 -18.963840
v 12.714946 9.406053 -18.963840
v 15.012492 9.406053 -19.034510
v 15.012492 9.368127 -18.675766
v 12.714946 9.368127 -18.675766
v 12.714946 9.256934 -18.407324
v 10.417400 9.368127 -18.675766
v 8.119854 9.368127 -18.675766
v 10.417400 9.406053 -18.963840
v 10.417400 9.256934 -18.407324
v 8.119854 9.256934 -18.407324
v 10.417400 9.080053 -18.176807
v 8.119854 9.080053 -18.176807
v 10.417400 8.849537 -17.999926
v 8.119854 8.849537 -17.999926
v 10.417400 8.581095 -17.888735
v 8.119854 8.581095 -17.888735
v 10.417400 8.293021 -17.850809
v 12.714946 8.293021 -17.850809
v 10.417400 0.425243 -17.850807
v 8.119854 8.293021 -17.850809
v 8.119854 0.425243 -17.850807
v 5.822308 8.293021 -17.850809
v 5.822308 0.425243 -17.850807
v 4.637793 8.293021 -17.850809
v 5.822308 8.581095 -17.888735
v 4.310587 8.578202 -17.892836
v 5.822308 8.849537 -17.999926
v 3.931547 8.846416 -18.003660
v 5.822308 9.080053 -18.176807
v 3.524763 9.080053 -18.176807
v 5.822308 9.256934 -18.407324
v 3.117977 9.253201 -18.410444
v 5.822308 9.368127 -18.675766
v 2.738937 9.364027 -18.678659
v 5.822308 9.406053 -18.963840
v 8.119854 9.406053 -18.963840
v 5.822308 9.406053 -19.034510
v 2.411730 9.406053 -18.963840
v 2.340247 9.406053 -17.850809
v 3.524762 9.406053 -19.034510
v 2.411730 9.406054 -14.440231
v 2.696911 9.364027 -18.636635
v 2.961660 9.281981 -18.419641
v 2.965126 9.253201 -18.257593
v 2.696911 9.364027 -14.767439
v 2.955928 9.281981 -14.990163
v 2.965126 9.253201 -15.146479
v 3.149251 9.184346 -15.266162
v 3.198762 9.080053 -15.553263
v 3.371910 8.846417 -15.960047
v 3.315171 9.046096 -15.553978
v 3.198762 9.080053 -17.850809
v 3.313815 9.047045 -17.851530
v 3.371910 8.846416 -17.444025
v 3.436804 8.830223 -17.564308
v 3.482735 8.578202 -17.064983
v 3.519421 8.571585 -17.288832
v 3.524762 8.293021 -16.737778
v 3.482735 8.578202 -16.339087
v 3.524762 8.293021 -16.666294
v 3.530860 8.573942 -16.120956
v 3.567261 8.293021 -16.379557
v 3.443165 8.832592 -15.843378
v 3.613494 8.568886 -15.928185
v 3.678056 8.293021 -16.112070
v 3.525701 8.811562 -15.740423
v 3.735709 8.566213 -15.763487
v 3.850761 8.293022 -15.879263
v 3.621078 8.796108 -15.649500
v 3.896932 8.568624 -15.635613
v 4.083569 8.293022 -15.706559
v 4.086738 8.571586 -15.547922
v 3.711284 8.811297 -15.552925
v 3.811260 8.830224 -15.465305
v 3.524680 8.998536 -15.456945
v 3.524039 9.047045 -15.342315
v 3.337296 9.109818 -15.366441
v 3.524762 8.940598 -15.553263
v 3.428894 8.998278 -15.553343
v 3.234022 9.189466 -15.180514
v 3.117977 9.253201 -14.993626
v 2.738935 9.364027 -14.725411
v 3.524760 9.080053 -15.227262
v 5.822308 9.256935 -14.996746
v 5.822308 9.368127 -14.728304
v 5.822308 9.080053 -15.227262
v 7.006823 9.256883 -14.996836
v 7.300689 9.209773 -14.998841
v 7.006823 9.368154 -14.728203
v 7.006823 9.080053 -15.227262
v 7.006823 8.849627 -15.404091
v 7.293036 9.053232 -15.201151
v 7.299009 8.851336 -15.357700
v 7.513678 8.993674 -15.140960
v 7.537000 8.823457 -15.262659
v 7.649433 8.935630 -15.082838
v 7.537259 9.115451 -14.970407
v 7.565137 9.210491 -14.732417
v 7.707476 8.993751 -14.947084
v 7.767034 9.053943 -14.726442
v 7.829253 8.823198 -14.970665
v 7.924293 8.585208 -14.998544
v 7.923575 8.851632 -14.734097
v 7.707552 8.799876 -15.140882
v 7.767745 8.579234 -15.200441
v 7.565435 8.586887 -15.356982
v 7.793855 8.293021 -15.227262
v 7.563429 8.293021 -15.404091
v 7.970685 8.293021 -14.996836
v 7.793855 0.425243 -15.227261
v 7.563339 0.425243 -15.404142
v 7.970736 0.425243 -14.996745
v 8.081928 0.425243 -14.728303
v 8.081955 8.293021 -14.728203
v 8.119854 0.425243 -14.440230
v 8.119854 0.425243 -14.368747
v 8.119854 8.293022 -14.440231
v 8.119854 8.293022 -14.368748
v 8.081955 8.580995 -14.440230
v 8.036831 8.590058 -14.739715
v 7.970685 8.849627 -14.440230
v 8.081955 8.580995 -14.368748
v 8.036831 8.592505 -14.071712
v 7.970685 8.849627 -14.368748
v 7.924293 8.851336 -14.076561
v 7.793855 9.080053 -14.368748
v 7.767745 9.053232 -14.082536
v 7.563429 9.256883 -14.368748
v 7.793855 9.080053 -14.440230
v 7.563429 9.256883 -14.440230
v 7.294796 9.368154 -14.440230
v 7.006823 9.406054 -14.440231
v 7.306308 9.323030 -14.737267
v 7.294796 9.368154 -14.368748
v 7.303860 9.323030 -14.069263
v 7.006823 9.406054 -14.368748
v 5.822308 9.406054 -14.368748
v 7.006823 9.368154 -14.080775
v 7.006823 9.256883 -13.812142
v 5.822308 9.368127 -14.080673
v 5.822308 9.256935 -13.812232
v 3.524762 9.368127 -14.080673
v 3.524762 9.406054 -14.368748
v 3.524762 9.256935 -13.812232
v 1.227215 9.368127 -14.080673
v -1.070331 9.368127 -14.080673
v 1.227215 9.406054 -14.368748
v 1.227215 9.256935 -13.812232
v -1.070331 9.256935 -13.812232
v 1.227215 9.080053 -13.581715
v -1.070331 9.080053 -13.581715
v 1.227215 8.849538 -13.404834
v 3.524762 9.080053 -13.581715
v 5.822308 9.080053 -13.581715
v 3.524762 8.849538 -13.404834
v 5.822308 8.849538 -13.404834
v 3.524762 8.581096 -13.293641
v 5.822308 8.581096 -13.293641
v 3.524762 8.293022 -13.255716
v 1.227215 8.581096 -13.293641
v -1.070331 8.581096 -13.293641
v 1.227215 8.293022 -13.255716
v 1.227215 0.425243 -13.255715
v -1.070331 8.293022 -13.255716
v -1.070331 0.425243 -13.255715
v -2.273374 8.293022 -13.255716
v -2.273374 0.425243 -13.255715
v -2.600580 8.578202 -13.297742
v -2.560115 8.293022 -13.213218
v -2.818714 8.573942 -13.249618
v -2.827599 8.293022 -13.102423
v -2.561448 0.425243 -13.217791
v -2.829890 0.425243 -13.106599
v -3.060406 0.425243 -12.929717
v -3.237288 0.425244 -12.699201
v -3.060406 8.293022 -12.929718
v -3.176180 8.566213 -13.044771
v -3.233111 8.293022 -12.696910
v -3.343907 8.293022 -12.429428
v -3.304056 8.568624 -12.883546
v -3.391747 8.571586 -12.693739
v -3.386744 8.811298 -13.069196
v -3.474363 8.830224 -12.969217
v -3.290170 8.796109 -13.159402
v -3.482723 8.998536 -13.255798
v -3.597353 9.047046 -13.256438
v -3.573228 9.109818 -13.443182
v -3.386405 8.940598 -13.255718
v -3.386326 8.998278 -13.351585
v -3.385689 9.046096 -13.465306
v -3.199244 8.811561 -13.254778
v -3.096290 8.832592 -13.337313
v -3.011482 8.568887 -13.166984
v -2.979621 8.846417 -13.408566
v -3.386405 9.080053 -13.581715
v -1.070331 8.849538 -13.404834
v -3.793190 9.253201 -13.815352
v -3.673505 9.184346 -13.631227
v -4.172230 9.364027 -14.083566
v -3.949507 9.281981 -13.824550
v -4.499437 9.406054 -14.368748
v -4.589448 9.406054 -14.368748
v -3.386406 9.406054 -14.440231
v -1.070331 9.406054 -14.368748
v -4.499437 9.406054 -9.845140
v -4.214256 9.364027 -14.041540
v -3.946042 9.253201 -13.662500
v -4.214256 9.364028 -10.172347
v -3.955239 9.281981 -10.395069
v -3.946042 9.253202 -10.551388
v -3.761916 9.184346 -10.671071
v -3.712405 9.080054 -10.958171
v -3.539257 8.846417 -11.364956
v -3.595996 9.046096 -10.958888
v -3.712405 9.080053 -13.255716
v -3.539257 8.846417 -12.848932
v -3.428432 8.578203 -12.469892
v -3.386406 8.293022 -12.142685
v -3.428432 8.578203 -11.743995
v -3.386406 8.293022 -12.071202
v -3.380307 8.573942 -11.525862
v -3.343906 8.293022 -11.784463
v -3.468002 8.832593 -11.248286
v -3.297673 8.568887 -11.333095
v -3.233111 8.293022 -11.516978
v -3.385467 8.811562 -11.145332
v -3.175459 8.566213 -11.168397
v -3.060406 8.293022 -11.284171
v -3.014235 8.568624 -11.040522
v -3.290089 8.796109 -11.054408
v -3.199883 8.811298 -10.957831
v -3.386406 8.940599 -10.958171
v -3.386487 8.998536 -10.861854
v -3.482274 8.998278 -10.958251
v -3.573872 9.109817 -10.771349
v -3.677145 9.189467 -10.585421
v -3.793190 9.253201 -10.398534
v -3.387128 9.047046 -10.747222
v -3.099906 8.830224 -10.870214
v -3.386407 9.080054 -10.632170
v -2.979623 8.846417 -10.805317
v -1.070331 9.080054 -10.632170
v -1.070331 8.849538 -10.809052
v -1.070331 9.256935 -10.401654
v 1.227215 9.080054 -10.632170
v 3.524762 9.080054 -10.632170
v 1.227215 9.256935 -10.401654
v 1.227215 8.849538 -10.809052
v 3.524762 8.849538 -10.809052
v 1.227215 8.581096 -10.920243
v 3.524762 8.581096 -10.920243
v 1.227215 8.293022 -10.958171
v -1.070331 8.581096 -10.920243
v -2.600582 8.578203 -10.916143
v -1.070331 8.293022 -10.958171
v -1.070331 0.425244 -10.958170
v -2.273374 8.293022 -10.958171
v -2.273374 0.425244 -10.958170
v -2.560115 8.293022 -11.000670
v -2.824429 8.571585 -10.952830
v -2.827598 8.293022 -11.111466
v -2.561448 0.425244 -10.996097
v -2.829890 0.425244 -11.107289
v -3.060406 0.425244 -11.284170
v -3.237288 0.425244 -11.514686
v -3.348480 0.425244 -11.783129
v -3.386406 0.425244 -12.071201
v -3.386406 0.425244 -12.142684
v -3.348480 0.425244 -12.430759
v 1.227215 0.425244 -10.958170
v 3.524762 0.425244 -10.958170
v 5.822308 0.425244 -10.958170
v 3.524762 8.293022 -10.958171
v 5.822308 8.293022 -10.958171
v 7.006823 8.293022 -10.958171
v 5.822308 8.581096 -10.920243
v 7.006823 8.580995 -10.920272
v 5.822308 8.849538 -10.809052
v 7.006823 8.849627 -10.809001
v 5.822308 9.080054 -10.632170
v 7.006823 9.080053 -10.632172
v 5.822308 9.256935 -10.401654
v 7.006823 9.256883 -10.401746
v 5.822308 9.368128 -10.133212
v 3.524762 9.256935 -10.401654
v 3.524762 9.368128 -10.133212
v 3.524762 9.406054 -9.845140
v 1.227215 9.368128 -10.133212
v 1.227215 9.406054 -9.845140
v -1.070331 9.368128 -10.133212
v -4.172231 9.364028 -10.130319
v -1.070331 9.406054 -9.845140
v -1.070331 9.406054 -9.773655
v 1.227215 9.406054 -9.773655
v -3.386406 9.406054 -9.773655
v -1.070331 9.368128 -9.485581
v 1.227215 9.368128 -9.485581
v -1.070331 9.256936 -9.217139
v -3.386406 9.368128 -9.485581
v -4.589448 9.368155 -9.485682
v -3.386406 9.256936 -9.217139
v -4.589448 9.256884 -9.217049
v -3.386406 9.080054 -8.986623
v -4.589448 9.080054 -8.986623
v -3.386406 8.849539 -8.809742
v -1.070331 9.080054 -8.986623
v 1.227215 9.080054 -8.986623
v -1.070331 8.849539 -8.809742
v 1.227215 8.849539 -8.809742
v -1.070331 8.581097 -8.698549
v 1.227215 8.581097 -8.698549
v -1.070331 8.293023 -8.660624
v -3.386406 8.581097 -8.698549
v -4.589448 8.580996 -8.698523
v -3.386406 8.293023 -8.660624
v -3.386406 0.425244 -8.660623
v -4.589448 8.293023 -8.660624
v -4.589448 0.425244 -8.660623
v -4.877421 8.293022 -8.698523
v -4.886485 8.592506 -8.743647
v -5.146054 8.293022 -8.809793
v -4.877522 0.425244 -8.698548
v -5.145964 0.425244 -8.809741
v -5.376481 0.425244 -8.986622
v -5.553362 0.425244 -9.217138
v -5.376481 8.293022 -8.986623
v -5.553310 8.293022 -9.217049
v -5.350369 8.579235 -9.013444
v -5.506918 8.585209 -9.215341
v -5.290178 8.799877 -9.073002
v -5.148060 8.586888 -8.856903
v -5.119625 8.823458 -8.951225
v -4.881635 8.851336 -8.856185
v -5.096303 8.993675 -9.072926
v -5.119884 9.115452 -9.243478
v -4.875661 9.053233 -9.012734
v -5.232058 8.935631 -9.131046
v -5.290102 8.993752 -9.266800
v -5.349659 9.053944 -9.487442
v -5.411878 8.823199 -9.243219
v -5.506200 8.851633 -9.479789
v -5.619456 8.590059 -9.474171
v -5.553310 8.849628 -9.773655
v -5.664581 8.580996 -9.773655
v -5.376481 9.080054 -9.773655
v -5.553362 8.849538 -10.958171
v -5.549629 8.846417 -12.848932
v -5.376481 9.080054 -10.958171
v -5.664554 8.581096 -10.958171
v -5.660453 8.578203 -12.469893
v -5.702480 8.293022 -10.958171
v -5.702480 8.293023 -9.773655
v -5.702480 0.425244 -10.958170
v -5.702480 8.293022 -12.142685
v -5.702480 0.425244 -12.142684
v -5.744979 8.293022 -12.429426
v -5.708579 8.573943 -12.688025
v -5.855774 8.293022 -12.696910
v -5.740406 0.425244 -12.430759
v -5.851598 0.425244 -12.699201
v -6.028479 0.425243 -12.929717
v -6.028479 8.293022 -12.929718
v -6.258996 0.425243 -13.106599
v -6.261287 8.293022 -13.102423
v -6.527438 0.425243 -13.217791
v -6.528771 8.293022 -13.213218
v -6.815511 0.425243 -13.255715
v -8.018555 0.425243 -13.255715
v -6.815511 8.293022 -13.255716
v -8.018555 8.293022 -13.255716
v -6.488306 8.578202 -13.297742
v -6.264457 8.571586 -13.261057
v -6.109265 8.846417 -13.408566
v -8.018555 8.581096 -13.293641
v -8.018555 8.849538 -13.404834
v -10.334631 8.581096 -13.293641
v -10.334631 8.849538 -13.404834
v -10.334631 8.293022 -13.255716
v -12.613649 8.581096 -13.293641
v -13.779634 8.580995 -13.293615
v -12.613649 8.849538 -13.404834
v -12.613649 8.293022 -13.255716
v -12.613649 0.425243 -13.255715
v -13.779634 8.293022 -13.255716
v -13.779634 0.425243 -13.255715
v -14.067608 8.293021 -13.293615
v -14.076671 8.592505 -13.338739
v -14.336241 8.293021 -13.404886
v -14.067710 0.425243 -13.293640
v -14.336151 0.425243 -13.404833
v -14.566669 0.425243 -13.581714
v -14.566667 8.293021 -13.581716
v -14.743549 0.425243 -13.812231
v -14.743496 8.293021 -13.812142
v -14.854741 0.425243 -14.080672
v -14.854768 8.293021 -14.080775
v -14.892666 0.425243 -14.368747
v -14.892666 0.425243 -14.440230
v -14.892666 8.293022 -14.368748
v -14.892666 8.293022 -14.440231
v -14.854768 8.580995 -14.368748
v -14.809644 8.590058 -14.069263
v -14.743496 8.849627 -14.368748
v -14.854768 8.580995 -14.440230
v -14.809644 8.592505 -14.737267
v -14.743496 8.849627 -14.440230
v -14.697104 8.851336 -14.732417
v -14.566667 9.080053 -14.440230
v -14.540556 9.053232 -14.726442
v -14.336241 9.256883 -14.440230
v -14.566667 9.080053 -14.368748
v -14.336241 9.256883 -14.368748
v -14.539846 9.053943 -14.082536
v -14.337949 9.210491 -14.076561
v -14.480288 8.993751 -13.861894
v -14.696386 8.851632 -14.074882
v -14.602064 8.823198 -13.838313
v -14.697104 8.585208 -13.810434
v -14.480365 8.799876 -13.668096
v -14.309813 8.823457 -13.546319
v -14.540556 8.579234 -13.608537
v -14.422243 8.935630 -13.726139
v -14.286489 8.993674 -13.668018
v -14.065847 9.053232 -13.607827
v -14.310070 9.115451 -13.838571
v -14.073502 9.209773 -13.810137
v -14.079120 9.323030 -14.071712
v -13.779634 9.256883 -13.812142
v -13.779634 9.368154 -14.080775
v -13.779634 9.080053 -13.581716
v -12.613649 9.256935 -13.812232
v -12.613649 9.368127 -14.080673
v -12.613649 9.080053 -13.581715
v -10.334631 9.256935 -13.812232
v -10.334631 9.368127 -14.080673
v -8.018555 9.256935 -13.812232
v -10.334631 9.080053 -13.581715
v -8.018555 9.080053 -13.581715
v -5.702481 9.080053 -13.581715
v -5.295696 9.253201 -13.815352
v -5.701759 9.047045 -13.466663
v -5.411740 9.189466 -13.628467
v -5.702400 8.998536 -13.352033
v -5.988980 8.830223 -13.343673
v -5.889003 8.811298 -13.256056
v -6.074651 8.568624 -13.173368
v -5.798797 8.796109 -13.159482
v -5.703419 8.811562 -13.068557
v -5.913427 8.566213 -13.045493
v -5.702480 8.940598 -13.255718
v -5.606612 8.998278 -13.255637
v -5.492890 9.046096 -13.255001
v -5.515014 9.109818 -13.442539
v -5.326970 9.184346 -13.542817
v -5.133647 9.281981 -13.818818
v -5.142844 9.253201 -13.662500
v -4.874629 9.364027 -14.041540
v -5.376481 9.080053 -13.255716
v -5.145964 9.256935 -10.958171
v -4.877522 9.368128 -10.958171
v -5.146054 9.256884 -9.773655
v -4.877421 9.368155 -9.773655
v -5.147763 9.210492 -9.481468
v -4.888933 9.323030 -9.476618
v -4.883314 9.209774 -9.215044
v -4.589448 9.406054 -9.773655
v -4.589448 9.406054 -10.958171
v -4.916656 9.364027 -14.083567
v -8.018555 9.368127 -14.080673
v -8.018555 9.406054 -14.368748
v -10.334631 9.406054 -14.368748
v -8.018555 9.406054 -14.440231
v -10.334631 9.406054 -14.440231
v -5.702480 9.406054 -14.440231
v -8.018555 9.368127 -14.728304
v -10.334631 9.368127 -14.728304
v -8.018555 9.256935 -14.996746
v -5.702480 9.368127 -14.728304
v -3.386406 9.368127 -14.728304
v -5.702480 9.256935 -14.996746
v -3.386406 9.256935 -14.996746
v -5.702480 9.080053 -15.227262
v -3.386406 9.080053 -15.227262
v -5.702480 8.849538 -15.404143
v -8.018555 9.080053 -15.227262
v -10.334631 9.080053 -15.227262
v -8.018555 8.849538 -15.404143
v -10.334631 8.849538 -15.404143
v -8.018555 8.581096 -15.515335
v -10.334631 8.581096 -15.515335
v -8.018555 8.293022 -15.553263
v -5.702480 8.581096 -15.515335
v -3.386406 8.581096 -15.515335
v -5.702480 8.293022 -15.553263
v -5.702480 0.425243 -15.553262
v -3.386406 8.293022 -15.553263
v -3.386406 0.425243 -15.553262
v -1.070331 8.293022 -15.553263
v -1.070331 0.425243 -15.553262
v 0.114184 8.293022 -15.553263
v -1.070331 8.581096 -15.515335
v 0.441392 8.578202 -15.511235
v -1.070331 8.849538 -15.404143
v 0.820432 8.846417 -15.400409
v -1.070331 9.080053 -15.227262
v -3.386406 8.849538 -15.404143
v 1.227217 9.080053 -15.227262
v -1.070331 9.256935 -14.996746
v 1.634000 9.253201 -14.993626
v -1.070331 9.368127 -14.728304
v 2.013041 9.364027 -14.725411
v -1.070331 9.406054 -14.440231
v 2.340247 9.406054 -14.440231
v 2.055066 9.364027 -14.767439
v 1.790317 9.281981 -14.984430
v 1.786851 9.253201 -15.146480
v 2.052173 9.368127 -17.850809
v 1.783731 9.256934 -17.850809
v 2.052274 9.368153 -19.034508
v 2.043210 9.323029 -19.333992
v 2.340247 9.406053 -19.034510
v 1.783641 9.256882 -19.034508
v 1.781635 9.209772 -19.328375
v 1.553215 9.080052 -19.034508
v 1.376385 8.849627 -19.034508
v 1.579326 9.053231 -19.320721
v 1.553215 9.080053 -17.850809
v 1.553215 9.080053 -15.553263
v 1.376333 8.849537 -17.850809
v 1.380067 8.846417 -15.960047
v 1.265141 8.581095 -17.850809
v 1.269241 8.578202 -16.339087
v 1.227215 8.293021 -17.850809
v 1.265114 8.580994 -19.034508
v 1.227215 8.293021 -19.034510
v 1.310238 8.592505 -19.331545
v 1.265114 8.293020 -19.322481
v 1.422777 8.851335 -19.326694
v 1.423494 8.586886 -19.593119
v 1.376385 8.293020 -19.591114
v 1.517818 8.823456 -19.564686
v 1.580036 8.579233 -19.795429
v 1.553215 8.293020 -19.821541
v 1.639593 8.799875 -19.735237
v 1.781932 8.585207 -19.951977
v 1.783641 8.293020 -19.998369
v 2.040762 8.590057 -20.064516
v 1.809811 8.823197 -19.856936
v 2.046381 8.851631 -19.951262
v 1.833392 8.993750 -19.735161
v 2.054034 9.053942 -19.794720
v 1.810070 9.115450 -19.564943
v 1.697638 8.935629 -19.677116
v 1.639517 8.993673 -19.541363
v 2.048060 9.210490 -19.592821
v 2.340247 9.256882 -19.591114
v 2.340247 9.368153 -19.322481
v 2.340247 9.080052 -19.821541
v 3.524762 9.256934 -19.591024
v 3.524762 9.368126 -19.322582
v 3.524762 9.080052 -19.821539
v 5.822308 9.256934 -19.591024
v 8.119854 9.256934 -19.591024
v 5.822308 9.368126 -19.322582
v 5.822308 9.080052 -19.821539
v 8.119854 9.080052 -19.821539
v 5.822308 8.849537 -19.998421
v 8.119854 8.849537 -19.998421
v 5.822308 8.581095 -20.109613
v 3.524762 8.849537 -19.998421
v 2.340247 8.849627 -19.998369
v 3.524762 8.581095 -20.109613
v 2.340247 8.580994 -20.109640
v 3.524762 8.293021 -20.147541
v 3.524762 0.425242 -20.147539
v 5.822308 8.293021 -20.147541
v 2.340247 8.293021 -20.147541
v 2.340247 0.425242 -20.147539
v 2.052274 8.293020 -20.109640
v 2.052173 0.425242 -20.109612
v 1.783731 0.425242 -19.998419
v 1.553215 0.425242 -19.821537
v 1.376333 0.425242 -19.591022
v 1.265141 0.425243 -19.322580
v 1.227215 0.425243 -19.034508
v 1.227215 0.425243 -17.850807
v 1.227215 0.425243 -16.666292
v 1.227215 8.293021 -16.666294
v 1.189290 0.425243 -16.378222
v 1.184716 8.293021 -16.379557
v 1.078097 0.425243 -16.109777
v 1.073920 8.293021 -16.112070
v 0.901216 0.425243 -15.879262
v 0.901216 8.293022 -15.879263
v 0.670699 0.425243 -15.702381
v 0.668408 8.293022 -15.706558
v 0.402257 0.425243 -15.591188
v 0.400924 8.293022 -15.595763
v 0.114184 0.425243 -15.553262
v 0.659524 8.573942 -15.559361
v 0.937100 8.832592 -15.471665
v 0.852292 8.568887 -15.641994
v 1.040054 8.811561 -15.554201
v 1.016990 8.566213 -15.764210
v 1.144865 8.568624 -15.925435
v 1.130979 8.796108 -15.649580
v 1.227554 8.811297 -15.739784
v 1.227216 8.940598 -15.553263
v 1.323532 8.998536 -15.553183
v 1.227136 8.998278 -15.457396
v 1.414038 9.109817 -15.365797
v 1.226500 9.046096 -15.343672
v 1.514316 9.184345 -15.177752
v 1.599964 9.189466 -15.262524
v 1.438163 9.047046 -15.552541
v 1.315172 8.830224 -15.839765
v 1.232556 8.571586 -16.115242
v 5.822308 0.425242 -20.147539
v 8.119854 8.293021 -20.147541
v 8.119854 0.425242 -20.147539
v 10.417400 8.293021 -20.147541
v 8.119854 8.581095 -20.109613
v 10.417400 8.581095 -20.109613
v 12.714946 8.581095 -20.109613
v 10.417400 8.849537 -19.998421
v 12.714946 8.849537 -19.998421
v 10.417400 9.080052 -19.821539
v 12.714946 9.080052 -19.821539
v 10.417400 9.256934 -19.591024
v 12.714946 9.256934 -19.591024
v 10.417400 9.368126 -19.322582
v 12.714946 9.368126 -19.322582
v 10.417400 9.406053 -19.034510
v 8.119854 9.368126 -19.322582
v 8.119854 9.406053 -19.034510
v 12.714946 9.406053 -19.034510
v 15.012492 9.368126 -19.322582
v 17.310040 9.368126 -19.322582
v 15.012492 9.256934 -19.591024
v 17.310040 9.256934 -19.591024
v 15.012492 9.080052 -19.821539
v 17.310040 9.080052 -19.821539
v 15.012492 8.849537 -19.998421
v 17.310040 8.849537 -19.998421
v 15.012492 8.581095 -20.109613
v 17.310040 8.581095 -20.109613
v 15.012492 8.293021 -20.147541
v 12.714946 8.293021 -20.147541
v 15.012492 0.425242 -20.147539
v 17.310040 8.293021 -20.147541
v 17.310040 0.425242 -20.147539
v 18.423071 8.293021 -20.147541
v 18.423071 0.425242 -20.147539
v 18.423069 8.580994 -20.109640
v 18.711042 8.293020 -20.109640
v 18.720104 8.592505 -20.064516
v 18.979675 8.293020 -19.998369
v 18.711142 0.425242 -20.109612
v 18.979586 0.425242 -19.998419
v 19.210100 0.425242 -19.821537
v 19.386982 0.425242 -19.591022
v 19.210100 8.293020 -19.821541
v 19.386930 8.293020 -19.591114
v 19.183990 8.579233 -19.794720
v 19.340538 8.585207 -19.592821
v 19.123798 8.799875 -19.735161
v 18.981680 8.586886 -19.951262
v 18.953247 8.823456 -19.856936
v 18.715256 8.851335 -19.951977
v 18.929924 8.993673 -19.735237
v 18.953505 9.115450 -19.564686
v 18.709282 9.053231 -19.795429
v 19.065678 8.935629 -19.677116
v 19.123722 8.993750 -19.541363
v 19.183281 9.053942 -19.320721
v 19.245499 8.823197 -19.564943
v 19.339823 8.851631 -19.328375
v 19.453075 8.590057 -19.333992
v 19.386930 8.849627 -19.034508
v 19.498199 8.580994 -19.034508
v 19.210100 9.080052 -19.034508
v 19.386982 8.849537 -17.850809
v 19.498175 8.581095 -17.850809
v 19.386982 8.849538 -15.553263
v 19.210100 9.080053 -17.850809
v 18.979586 9.256934 -17.850809
v 18.711142 9.368127 -17.850809
v 18.979675 9.256882 -19.034508
v 18.711042 9.368153 -19.034508
v 18.981382 9.210490 -19.326694
v 18.722553 9.323029 -19.331545
v 18.423069 9.368153 -19.322481
v 18.716936 9.209772 -19.593119
v 18.423069 9.256882 -19.591114
v 18.423069 9.080052 -19.821541
v 18.423069 8.849627 -19.998369
v 18.423071 9.406053 -19.034510
v 19.536102 8.293021 -17.850809
v 19.536102 8.293021 -19.034510
v 19.536102 0.425243 -17.850807
v 19.536102 0.425243 -19.034508
v 19.498175 0.425243 -19.322580
v 19.498199 8.293020 -19.322481
v 12.714946 0.425242 -20.147539
v 10.417400 0.425242 -20.147539
v -8.018555 0.425243 -15.553262
v -10.334631 0.425243 -15.553262
v -10.334631 8.293022 -15.553263
v -12.613649 0.425243 -15.553262
v -13.779634 0.425243 -15.553262
v -12.613649 8.293022 -15.553263
v -13.779634 8.293022 -15.553263
v -12.613649 8.581096 -15.515335
v -12.613649 8.849538 -15.404143
v -13.779634 8.580995 -15.515363
v -14.079120 8.590058 -15.470239
v -13.779634 8.849627 -15.404091
v -14.073502 8.851632 -15.356982
v -13.779634 9.080053 -15.227262
v -13.779634 9.256883 -14.996836
v -14.065847 9.053943 -15.200441
v -12.613649 9.080053 -15.227262
v -12.613649 9.256935 -14.996746
v -12.613649 9.368127 -14.728304
v -10.334631 9.256935 -14.996746
v -12.613649 9.406054 -14.440231
v -13.779634 9.368154 -14.728203
v -13.779634 9.406054 -14.440231
v -14.076671 9.323030 -14.739715
v -14.067608 9.368154 -14.440230
v -14.071822 9.210491 -14.998544
v -14.338246 9.209773 -14.734097
v -14.309813 9.115451 -14.970665
v -14.286489 8.993751 -15.140882
v -14.480365 8.993674 -14.947084
v -14.602064 8.823457 -14.970407
v -14.422243 8.935630 -15.082838
v -14.480288 8.799876 -15.140960
v -14.539846 8.579234 -15.201151
v -14.310070 8.823198 -15.262659
v -14.337949 8.585208 -15.357700
v -14.336241 8.293021 -15.404091
v -14.067608 8.293021 -15.515363
v -14.566667 8.293021 -15.227262
v -14.336151 0.425243 -15.404142
v -14.566669 0.425243 -15.227261
v -14.067710 0.425243 -15.515334
v -14.743549 0.425243 -14.996745
v -14.743496 8.293021 -14.996836
v -14.854741 0.425243 -14.728303
v -14.854768 8.293021 -14.728203
v -14.696386 8.586887 -14.998841
v -14.067608 9.368154 -14.368748
v -13.779634 9.406054 -14.368748
v -12.613649 9.406054 -14.368748
v -5.620883 8.832593 -12.965602
v -5.791213 8.568887 -12.880795
v -13.779634 8.849627 -13.404886
v -14.071822 8.851336 -13.451278
v -14.338246 8.586887 -13.451996
v -10.334631 0.425243 -13.255715
v -5.702480 0.425244 -9.773654
v -5.664554 0.425244 -9.485580
v -5.664581 8.293022 -9.485682
v -4.589448 8.849628 -8.809793
v -1.070331 0.425244 -8.660623
v 1.227215 0.425244 -8.660623
v 3.524762 0.425244 -8.660623
v 1.227215 8.293023 -8.660624
v 3.524762 8.293023 -8.660624
v 5.822308 8.293023 -8.660624
v 3.524762 8.581097 -8.698549
v 3.524762 8.849539 -8.809742
v 5.822308 8.581097 -8.698549
v 5.822308 8.849539 -8.809742
v 7.006823 8.580996 -8.698523
v 7.306308 8.590059 -8.743647
v 7.006823 8.293023 -8.660624
v 7.006823 8.849628 -8.809793
v 7.300689 8.851633 -8.856903
v 7.006823 9.080054 -8.986623
v 7.006823 9.256884 -9.217049
v 7.293036 9.053944 -9.013444
v 5.822308 9.080054 -8.986623
v 3.524762 9.080054 -8.986623
v 5.822308 9.256936 -9.217139
v 3.524762 9.256936 -9.217139
v 5.822308 9.368128 -9.485581
v 3.524762 9.368128 -9.485581
v 5.822308 9.406054 -9.773655
v 7.006823 9.368155 -9.485682
v 7.006823 9.406054 -9.773655
v 7.303860 9.323030 -9.474171
v 7.294796 9.368155 -9.773655
v 7.299009 9.210492 -9.215341
v 7.565435 9.209774 -9.479789
v 7.563429 9.256884 -9.773655
v 7.537000 9.115452 -9.243219
v 7.767745 9.053233 -9.487442
v 7.793855 9.080054 -9.773655
v 7.924293 8.851336 -9.481468
v 7.707552 8.993675 -9.266800
v 7.829253 8.823458 -9.243478
v 7.649433 8.935631 -9.131046
v 7.707476 8.799877 -9.072926
v 7.513678 8.993752 -9.073002
v 7.537259 8.823199 -8.951225
v 7.565137 8.585209 -8.856185
v 7.563429 8.293022 -8.809793
v 7.767034 8.579235 -9.012734
v 7.923575 8.586888 -9.215044
v 7.793855 8.293022 -8.986623
v 7.970685 8.293022 -9.217049
v 7.793855 0.425244 -8.986622
v 7.970736 0.425244 -9.217138
v 7.563339 0.425244 -8.809741
v 7.294897 0.425244 -8.698548
v 7.294796 8.293022 -8.698523
v 7.006823 0.425244 -8.660623
v 5.822308 0.425244 -8.660623
v 8.081928 0.425244 -9.485580
v 8.081955 8.293022 -9.485682
v 8.119854 0.425244 -9.773654
v 8.119854 0.425244 -9.845139
v 8.119854 8.293023 -9.773655
v 8.119854 8.293023 -9.845140
v 8.081955 8.580996 -9.773655
v 8.036831 8.592506 -9.476618
v 7.970685 8.849628 -9.773655
v 8.081955 8.580996 -9.845140
v 8.036831 8.590059 -10.144624
v 7.970685 8.849628 -9.845140
v 7.923575 8.851633 -10.139006
v 7.793855 9.080054 -9.845140
v 7.563429 9.256884 -9.845140
v 7.767034 9.053944 -10.131351
v 7.565137 9.210492 -10.137326
v 7.707476 8.993752 -10.351995
v 7.537259 9.115451 -10.375317
v 7.649433 8.935631 -10.487748
v 7.829253 8.823198 -10.375574
v 7.924293 8.585208 -10.403453
v 7.707552 8.799876 -10.545793
v 7.767745 8.579234 -10.605350
v 7.537000 8.823457 -10.667568
v 7.299009 8.851336 -10.762609
v 7.565435 8.586887 -10.761891
v 7.513678 8.993675 -10.545869
v 7.293036 9.053233 -10.606060
v 7.300689 9.209774 -10.403750
v 7.306308 9.323030 -10.142176
v 7.294796 9.368155 -9.845140
v 7.006823 9.368155 -10.133113
v 7.006823 9.406054 -9.845140
v 5.822308 9.406054 -9.845140
v 7.303860 8.592506 -10.875148
v 7.563429 8.293021 -10.809001
v 7.294796 8.293021 -10.920272
v 7.793855 8.293021 -10.632172
v 7.563339 0.425244 -10.809051
v 7.793855 0.425244 -10.632169
v 7.294897 0.425244 -10.920242
v 7.006823 0.425244 -10.958170
v 7.970736 0.425244 -10.401653
v 8.081928 0.425244 -10.133211
v 7.970685 8.293021 -10.401746
v 8.081955 8.293022 -10.133113
v 3.524762 9.406054 -9.773655
v 1.227215 9.256936 -9.217139
v -3.759154 9.189466 -13.546455
v 3.524762 0.425243 -13.255715
v 5.822308 0.425243 -13.255715
v 7.006823 0.425243 -13.255715
v 5.822308 8.293022 -13.255716
v 7.006823 8.293022 -13.255716
v 7.294796 8.293021 -13.293615
v 7.006823 8.580995 -13.293615
v 7.306308 8.590058 -13.338739
v 7.006823 8.849627 -13.404886
v 7.300689 8.851632 -13.451996
v 7.006823 9.080053 -13.581716
v 7.293036 9.053943 -13.608537
v 7.299009 9.210491 -13.810434
v 7.513678 8.993751 -13.668096
v 7.537000 9.115451 -13.838313
v 7.649433 8.935630 -13.726139
v 7.537259 8.823198 -13.546319
v 7.565137 8.585208 -13.451278
v 7.707476 8.799876 -13.668018
v 7.767034 8.579234 -13.607827
v 7.829253 8.823457 -13.838571
v 7.923575 8.586887 -13.810137
v 7.707552 8.993674 -13.861894
v 7.970685 8.293021 -13.812142
v 8.081955 8.293021 -14.080775
v 7.793855 8.293021 -13.581716
v 7.970736 0.425243 -13.812231
v 7.793855 0.425243 -13.581714
v 8.081928 0.425243 -14.080672
v 7.563339 0.425243 -13.404833
v 7.294897 0.425243 -13.293640
v 7.563429 8.293021 -13.404886
v 7.565435 9.209773 -14.074882
v 5.822308 9.406054 -14.440231
v 7.294897 0.425243 -15.515334
v 7.294796 8.293021 -15.515363
v 7.006823 0.425243 -15.553262
v 5.822308 0.425243 -15.553262
v 7.006823 8.293022 -15.553263
v 5.822308 8.293022 -15.553263
v 7.006823 8.580995 -15.515363
v 7.303860 8.592505 -15.470239
v 5.822308 8.581096 -15.515335
v 5.822308 8.849538 -15.404143
v 4.310585 8.578202 -15.511235
v 4.637793 8.293022 -15.553263
v 3.931544 8.846417 -15.400409
v 4.637793 0.425243 -15.553262
v 4.351052 8.293022 -15.595763
v 4.349719 0.425243 -15.591188
v 4.081277 0.425243 -15.702381
v 3.850761 0.425243 -15.879262
v 3.673880 0.425243 -16.109777
v 3.562687 0.425243 -16.378222
v 3.524762 0.425243 -16.666292
v 3.524762 0.425243 -16.737776
v 3.562687 0.425243 -17.025850
v 3.567261 8.293021 -17.024521
v 3.673880 0.425243 -17.294292
v 3.678056 8.293021 -17.292004
v 3.850761 0.425243 -17.524809
v 3.850761 8.293021 -17.524811
v 4.081277 0.425243 -17.701691
v 4.083569 8.293021 -17.697515
v 4.349719 0.425243 -17.812883
v 4.351052 8.293021 -17.808311
v 4.637793 0.425243 -17.850807
v 4.092453 8.573941 -17.844709
v 3.814878 8.832591 -17.932404
v 3.899684 8.568886 -17.762077
v 3.711923 8.811561 -17.849871
v 3.734987 8.566212 -17.639862
v 3.620998 8.796108 -17.754494
v 3.607111 8.568624 -17.478638
v 3.524423 8.811297 -17.664286
v 3.428444 8.998535 -17.850889
v 3.337939 9.109817 -18.038275
v 3.524762 8.940598 -17.850809
v 3.524842 8.998277 -17.946676
v 3.525479 9.046095 -18.060398
v 3.237662 9.184345 -18.226318
v 3.152013 9.189466 -18.141548
v 12.714946 0.425243 -17.850807
v 18.423071 9.406054 -15.553263
v 18.979586 0.425249 18.760813
v 18.711142 0.425249 18.872005
v 18.979675 8.293026 18.760759
v 18.711042 8.293026 18.872030
v 18.981382 8.585213 18.714369
v 18.722553 8.590063 18.826906
v 18.423069 8.580999 18.872030
v 18.716936 8.851638 18.713650
v 18.423069 8.849632 18.760759
v 18.423069 9.080058 18.583931
v 18.423069 9.256887 18.353504
v 17.310040 9.256940 18.353415
v 18.423071 8.293027 18.909931
v 18.423071 0.425249 18.909933
v 17.310040 8.293027 18.909931
vn -0.0000 -0.0000 1.0000
vn -0.0000 0.2588 0.9659
vn -0.0000 0.1305 0.9914
vn -0.0000 0.5000 0.8660
vn -0.0000 0.7071 0.7071
vn -0.0000 0.8660 0.5000
vn -0.0000 0.9659 0.2588
vn -0.0000 0.9914 0.1305
vn -0.0000 1.0000 -0.0000
vn 0.0678 0.9634 0.2592
vn 0.0892 0.9920 0.0892
vn 0.2595 0.9633 0.0681
vn 0.2588 0.9659 -0.0000
vn 0.1305 0.9914 -0.0000
vn 0.2623 0.9283 0.2634
vn 0.4950 0.8318 0.2511
vn 0.4987 0.8643 0.0654
vn 0.5000 0.8660 -0.0000
vn 0.7071 0.7071 -0.0000
vn 0.7056 0.7058 0.0628
vn 0.8660 0.5000 -0.0000
vn 0.8642 0.4989 0.0648
vn 0.6865 0.6861 0.2410
vn 0.8321 0.4951 0.2502
vn 0.6354 0.6352 0.4392
vn 0.7551 0.4637 0.4635
vn 0.4635 0.7551 0.4637
vn 0.2502 0.8321 0.4951
vn 0.2410 0.6865 0.6861
vn 0.4392 0.6354 0.6352
vn 0.5774 0.5773 0.5774
vn 0.4637 0.4635 0.7551
vn 0.6352 0.4392 0.6354
vn 0.2511 0.4950 0.8318
vn 0.8318 0.2511 0.4950
vn 0.6861 0.2410 0.6865
vn 0.4951 0.2502 0.8321
vn 0.9283 0.2634 0.2623
vn 0.9633 0.0681 0.2595
vn 0.8643 0.0654 0.4987
vn 0.7058 0.0628 0.7056
vn 0.8660 -0.0000 0.5000
vn 0.9659 -0.0000 0.2588
vn 0.7071 -0.0000 0.7071
vn 0.9914 -0.0000 0.1305
vn 0.9920 0.0892 0.0892
vn 1.0000 -0.0000 -0.0000
vn 0.9914 0.1305 -0.0000
vn 0.9659 0.2588 -0.0000
vn 0.9634 0.2592 0.0678
vn -0.1305 0.9914 -0.0000
vn -0.2588 0.9659 -0.0000
vn -0.5000 0.8660 -0.0000
vn -0.7071 0.7071 -0.0000
vn -0.8660 0.5000 -0.0000
vn -0.9659 0.2588 -0.0000
vn -0.9914 0.1305 -0.0000
vn -1.0000 -0.0000 -0.0000
vn -0.1345 0.9909 0.0003
vn -0.2609 0.9654 0.0006
vn -0.4985 0.8669 0.0007
vn -0.7074 0.7068 0.0005
vn -0.8674 0.4975 0.0010
vn -0.9656 0.2599 0.0011
vn -0.9910 0.1339 0.0008
vn -0.9906 0.1185 -0.0682
vn -0.9904 -0.0003 -0.1386
vn -0.9649 -0.0005 -0.2627
vn -0.9545 0.1802 -0.2375
vn -0.8680 -0.0005 -0.4965
vn -0.8444 0.2550 -0.4710
vn -0.7071 -0.0003 -0.7071
vn -0.6777 0.2738 -0.6825
vn -0.4965 -0.0005 -0.8680
vn -0.4668 0.2410 -0.8509
vn -0.2627 -0.0005 -0.9649
vn -0.2448 0.1751 -0.9536
vn -0.1386 -0.0003 -0.9904
vn -0.0720 0.1189 -0.9903
vn -0.0000 -0.0000 -1.0000
vn 0.0008 0.1339 -0.9910
vn 0.0011 0.2599 -0.9656
vn -0.0910 0.3541 -0.9308
vn -0.2879 0.4979 -0.8181
vn -0.1430 0.6334 -0.7605
vn -0.3519 0.7157 -0.6033
vn 0.0010 0.4975 -0.8674
vn -0.0000 0.1305 -0.9914
vn -0.0000 0.2588 -0.9659
vn -0.0000 0.5000 -0.8660
vn -0.0000 0.7071 -0.7071
vn 0.0005 0.7068 -0.7074
vn -0.0000 0.8660 -0.5000
vn 0.0007 0.8669 -0.4985
vn -0.1684 0.8643 -0.4739
vn -0.0949 0.9440 -0.3161
vn 0.0006 0.9654 -0.2609
vn -0.0589 0.9862 -0.1548
vn -0.0000 0.9659 -0.2588
vn 0.0003 0.9909 -0.1345
vn -0.0730 0.9947 -0.0730
vn -0.0000 0.9914 -0.1305
vn -0.0678 0.9634 -0.2592
vn -0.0920 0.9918 -0.0889
vn -0.2618 0.9628 -0.0672
vn -0.1547 0.9862 -0.0590
vn -0.0730 0.9947 -0.0728
vn -0.2623 0.9283 -0.2634
vn -0.4950 0.8318 -0.2511
vn -0.4975 0.8651 -0.0643
vn -0.3098 0.9458 -0.0973
vn -0.1792 0.9667 -0.1827
vn -0.2139 0.9424 -0.2570
vn -0.4729 0.8639 -0.1730
vn -0.3502 0.8666 -0.3555
vn -0.7062 0.7053 -0.0618
vn -0.7794 0.6138 -0.1257
vn -0.6089 0.7085 -0.3567
vn -0.8663 0.4956 -0.0622
vn -0.6865 0.6861 -0.2410
vn -0.8321 0.4951 -0.2502
vn -0.6354 0.6352 -0.4392
vn -0.7551 0.4637 -0.4635
vn -0.4635 0.7551 -0.4637
vn -0.2502 0.8321 -0.4951
vn -0.2410 0.6865 -0.6861
vn -0.4392 0.6354 -0.6352
vn -0.5773 0.5774 -0.5774
vn -0.4637 0.4635 -0.7551
vn -0.6352 0.4392 -0.6354
vn -0.2511 0.4950 -0.8318
vn -0.8318 0.2511 -0.4950
vn -0.6861 0.2410 -0.6865
vn -0.4951 0.2502 -0.8321
vn -0.9283 0.2634 -0.2623
vn -0.9633 0.0681 -0.2595
vn -0.8643 0.0654 -0.4987
vn -0.7058 0.0628 -0.7056
vn -0.8660 -0.0000 -0.5000
vn -0.9659 -0.0000 -0.2588
vn -0.7071 -0.0000 -0.7071
vn -0.9914 -0.0000 -0.1305
vn -0.9922 0.0900 -0.0860
vn -0.9911 0.1162 -0.0642
vn -0.9359 0.3444 -0.0737
vn -0.9639 0.2587 -0.0633
vn -0.8236 0.4952 -0.2766
vn -0.7080 0.5466 -0.4472
vn -0.5774 0.6720 -0.4637
vn -0.4134 0.8120 -0.4120
vn -0.5823 0.5553 -0.5937
vn -0.5328 0.6493 -0.5427
vn -0.4725 0.7415 -0.4764
vn -0.3058 0.9048 -0.2963
vn -0.4036 0.8137 -0.4184
vn -0.4450 0.6732 -0.5906
vn -0.2735 0.9411 -0.1988
vn -0.3520 0.8703 -0.3444
vn -0.4323 0.5373 -0.7241
vn -0.0654 0.4987 -0.8643
vn -0.0681 0.2595 -0.9633
vn -0.0892 0.0892 -0.9920
vn -0.2588 -0.0000 -0.9659
vn -0.2592 0.0678 -0.9634
vn -0.1305 -0.0000 -0.9914
vn -0.5000 -0.0000 -0.8660
vn -0.4989 0.0648 -0.8642
vn -0.9920 0.0892 -0.0892
vn -0.9634 0.2592 -0.0678
vn -0.8642 0.4989 -0.0648
vn -0.9350 0.3463 -0.0767
vn -0.7788 0.6143 -0.1268
vn -0.4726 0.8640 -0.1734
vn -0.3095 0.9459 -0.0978
vn -0.7056 0.7058 -0.0628
vn -0.4987 0.8643 -0.0654
vn -0.2594 0.9633 -0.0681
vn -0.1545 0.9862 -0.0592
vn -0.0892 0.9920 -0.0892
vn -0.0728 0.9947 -0.0730
vn -0.0586 0.9862 -0.1549
vn -0.0945 0.9439 -0.3164
vn -0.1680 0.8642 -0.4742
vn -0.4036 0.8137 -0.4185
vn -0.1420 0.6329 -0.7611
vn -0.0684 0.1168 -0.9908
vn -0.0863 0.0901 -0.9922
vn -0.0640 0.2590 -0.9638
vn -0.0882 0.3524 -0.9317
vn -0.0628 0.4955 -0.8664
vn -0.2634 0.2623 -0.9283
vn -0.0618 0.7052 -0.7063
vn -0.0637 0.8650 -0.4977
vn -0.0668 0.9629 -0.2616
vn -0.5773 0.5774 -0.5773
vn -0.9920 0.0892 0.0892
vn -0.9633 0.2594 0.0681
vn -0.8643 0.4987 0.0654
vn -0.9283 0.2623 0.2634
vn -0.8318 0.4950 0.2511
vn -0.9634 0.0678 0.2592
vn -0.6861 0.6865 0.2410
vn -0.7058 0.7056 0.0628
vn -0.4989 0.8642 0.0648
vn -0.4951 0.8321 0.2502
vn -0.2592 0.9634 0.0678
vn -0.0889 0.9918 -0.0920
vn -0.0892 0.9920 0.0892
vn -0.2634 0.9283 0.2623
vn -0.0681 0.9633 0.2595
vn -0.2511 0.8318 0.4950
vn -0.0654 0.8643 0.4987
vn -0.4637 0.7551 0.4635
vn -0.2410 0.6861 0.6865
vn -0.0628 0.7058 0.7056
vn -0.4392 0.6352 0.6354
vn -0.0648 0.4989 0.8642
vn -0.2502 0.4951 0.8321
vn -0.4635 0.4637 0.7551
vn -0.5774 0.5773 0.5774
vn -0.6354 0.4392 0.6352
vn -0.6352 0.6354 0.4392
vn -0.7551 0.4635 0.4637
vn -0.8321 0.2502 0.4951
vn -0.6865 0.2410 0.6861
vn -0.8642 0.0648 0.4989
vn -0.7056 0.0628 0.7058
vn -0.4950 0.2511 0.8318
vn -0.4987 0.0654 0.8643
vn -0.7071 -0.0000 0.7071
vn -0.5000 -0.0000 0.8660
vn -0.8660 -0.0000 0.5000
vn -0.2588 -0.0000 0.9659
vn -0.2595 0.0681 0.9633
vn -0.1305 -0.0000 0.9914
vn -0.0892 0.0892 0.9920
vn -0.0678 0.2592 0.9634
vn -0.2623 0.2634 0.9283
vn 0.0681 0.2595 0.9633
vn 0.0654 0.4987 0.8643
vn 0.0892 0.0892 0.9920
vn 0.2634 0.2623 0.9283
vn 0.2592 0.0678 0.9634
vn 0.0628 0.7056 0.7058
vn 0.0648 0.8642 0.4989
vn 0.2594 0.9633 0.0681
vn 0.4989 0.0648 0.8642
vn 0.2588 -0.0000 0.9659
vn 0.5000 -0.0000 0.8660
vn 0.9633 0.2594 -0.0681
vn 0.9920 0.0892 -0.0892
vn 0.8643 0.4987 -0.0654
vn 0.9283 0.2623 -0.2634
vn 0.8318 0.4950 -0.2511
vn 0.9634 0.0678 -0.2592
vn 0.6861 0.6865 -0.2410
vn 0.7058 0.7056 -0.0628
vn 0.4989 0.8642 -0.0648
vn 0.4951 0.8321 -0.2502
vn 0.6352 0.6354 -0.4392
vn 0.4637 0.7551 -0.4635
vn 0.7551 0.4635 -0.4637
vn 0.5774 0.5773 -0.5774
vn 0.4392 0.6352 -0.6354
vn 0.6354 0.4392 -0.6352
vn 0.8321 0.2502 -0.4951
vn 0.6865 0.2410 -0.6861
vn 0.4635 0.4637 -0.7551
vn 0.4950 0.2511 -0.8318
vn 0.4987 0.0654 -0.8643
vn 0.7056 0.0628 -0.7058
vn 0.8642 0.0648 -0.4989
vn 0.5000 -0.0000 -0.8660
vn 0.7071 -0.0000 -0.7071
vn 0.8660 -0.0000 -0.5000
vn 0.9659 -0.0000 -0.2588
vn 0.9914 -0.0000 -0.1305
vn 0.2588 -0.0000 -0.9659
vn 0.2595 0.0681 -0.9633
vn 0.1305 -0.0000 -0.9914
vn 0.0860 0.0900 -0.9922
vn 0.0737 0.3444 -0.9359
vn 0.0633 0.2587 -0.9639
vn 0.0642 0.1162 -0.9911
vn 0.2623 0.2634 -0.9283
vn 0.0622 0.4956 -0.8663
vn 0.2502 0.4951 -0.8321
vn 0.1257 0.6138 -0.7794
vn 0.2766 0.4952 -0.8236
vn 0.3567 0.7085 -0.6089
vn 0.2375 0.1802 -0.9545
vn 0.3555 0.8666 -0.3502
vn 0.1730 0.8639 -0.4729
vn 0.0618 0.7053 -0.7062
vn 0.0973 0.9458 -0.3098
vn 0.0643 0.8651 -0.4975
vn 0.2570 0.9424 -0.2139
vn 0.2410 0.6861 -0.6865
vn 0.2511 0.8318 -0.4950
vn 0.0672 0.9628 -0.2618
vn 0.2634 0.9283 -0.2623
vn 0.0590 0.9862 -0.1547
vn 0.0889 0.9918 -0.0920
vn 0.2592 0.9634 -0.0678
vn 0.0762 0.9944 -0.0734
vn 0.1827 0.9667 -0.1792
vn 0.1574 0.9857 -0.0593
vn 0.1988 0.9411 -0.2735
vn 0.3147 0.9443 -0.0957
vn 0.2963 0.9048 -0.3058
vn 0.3444 0.8703 -0.3520
vn 0.4712 0.8657 -0.1689
vn 0.4184 0.8137 -0.4036
vn 0.7622 0.6311 -0.1438
vn 0.6033 0.7157 -0.3519
vn 0.5906 0.6732 -0.4450
vn 0.9301 0.3556 -0.0923
vn 0.8181 0.4979 -0.2879
vn 0.7241 0.5373 -0.4323
vn 0.5427 0.6493 -0.5328
vn 0.5937 0.5553 -0.5823
vn 0.4764 0.7415 -0.4725
vn 0.4472 0.5466 -0.7080
vn 0.4637 0.6720 -0.5774
vn 0.4120 0.8120 -0.4134
vn 0.4710 0.2550 -0.8444
vn 0.6825 0.2738 -0.6777
vn 0.2627 -0.0005 -0.9649
vn 0.4965 -0.0005 -0.8680
vn 0.7071 -0.0003 -0.7071
vn 0.8680 -0.0005 -0.4965
vn 0.8509 0.2410 -0.4668
vn 0.9649 -0.0005 -0.2627
vn 0.9536 0.1751 -0.2448
vn 0.9904 -0.0003 -0.1386
vn 0.9897 0.1233 -0.0729
vn 0.9344 0.3477 0.0780
vn 0.9900 0.1229 0.0691
vn 0.7805 0.6120 0.1276
vn 0.8236 0.4952 0.2766
vn 0.6089 0.7085 0.3567
vn 0.9545 0.1802 0.2375
vn 0.3502 0.8666 0.3555
vn 0.4700 0.8654 0.1739
vn 0.3081 0.9462 0.0985
vn 0.2139 0.9424 0.2570
vn 0.4134 0.8120 0.4120
vn 0.3058 0.9048 0.2963
vn 0.5774 0.6720 0.4637
vn 0.4725 0.7415 0.4764
vn 0.4036 0.8137 0.4184
vn 0.5328 0.6493 0.5427
vn 0.7080 0.5466 0.4472
vn 0.5823 0.5553 0.5937
vn 0.4450 0.6732 0.5906
vn 0.4323 0.5373 0.7241
vn 0.4668 0.2410 0.8509
vn 0.6777 0.2738 0.6825
vn 0.8444 0.2550 0.4710
vn 0.4965 -0.0005 0.8680
vn 0.7071 -0.0003 0.7071
vn 0.8680 -0.0005 0.4965
vn 0.9649 -0.0005 0.2627
vn 0.9904 -0.0003 0.1386
vn 0.2627 -0.0005 0.9649
vn 0.2448 0.1751 0.9536
vn 0.1386 -0.0003 0.9904
vn 0.0720 0.1189 0.9903
vn -0.0008 0.1339 0.9910
vn -0.0011 0.2599 0.9656
vn 0.0910 0.3541 0.9308
vn 0.2879 0.4979 0.8181
vn 0.1430 0.6334 0.7605
vn 0.3519 0.7157 0.6033
vn -0.0010 0.4975 0.8674
vn 0.1305 -0.0000 0.9914
vn 0.5773 0.5774 0.5774
vn 0.9922 0.0900 0.0860
vn 0.9911 0.1162 0.0642
vn 0.9359 0.3444 0.0737
vn 0.9639 0.2587 0.0633
vn 0.8663 0.4956 0.0622
vn 0.7794 0.6138 0.1257
vn 0.4729 0.8639 0.1730
vn 0.7062 0.7053 0.0618
vn 0.3098 0.9458 0.0973
vn 0.4975 0.8651 0.0643
vn 0.2618 0.9628 0.0672
vn 0.1547 0.9862 0.0590
vn 0.0920 0.9918 0.0889
vn 0.0730 0.9947 0.0728
vn 0.1792 0.9667 0.1827
vn 0.0589 0.9862 0.1548
vn 0.2735 0.9411 0.1988
vn 0.0949 0.9440 0.3161
vn 0.3520 0.8703 0.3444
vn 0.1684 0.8643 0.4739
vn 0.0010 0.4975 0.8674
vn 0.0011 0.2599 0.9656
vn 0.0008 0.1339 0.9910
vn -0.0767 0.3463 0.9350
vn -0.1268 0.6143 0.7788
vn -0.0682 0.1185 0.9906
vn -0.2766 0.4952 0.8236
vn -0.3567 0.7085 0.6089
vn -0.2375 0.1802 0.9545
vn -0.3555 0.8666 0.3502
vn -0.1734 0.8640 0.4726
vn 0.0005 0.7068 0.7074
vn -0.0978 0.9459 0.3095
vn 0.0007 0.8669 0.4985
vn -0.2570 0.9424 0.2139
vn -0.0005 0.7068 0.7074
vn -0.0007 0.8669 0.4985
vn 0.0006 0.9654 0.2609
vn -0.0006 0.9654 0.2609
vn -0.0592 0.9862 0.1545
vn 0.0003 0.9909 0.1345
vn -0.0003 0.9909 0.1345
vn -0.0763 0.9944 0.0733
vn -0.1827 0.9667 0.1792
vn -0.1574 0.9857 0.0593
vn -0.1988 0.9411 0.2735
vn -0.3147 0.9443 0.0957
vn -0.2963 0.9048 0.3058
vn -0.3444 0.8703 0.3520
vn -0.4712 0.8657 0.1689
vn -0.4184 0.8137 0.4036
vn -0.7622 0.6311 0.1438
vn -0.6033 0.7157 0.3519
vn -0.5906 0.6732 0.4450
vn -0.9301 0.3556 0.0923
vn -0.8181 0.4979 0.2879
vn -0.7241 0.5373 0.4323
vn -0.5427 0.6493 0.5328
vn -0.5937 0.5553 0.5823
vn -0.4764 0.7415 0.4725
vn -0.4472 0.5466 0.7080
vn -0.4637 0.6720 0.5774
vn -0.4120 0.8120 0.4134
vn -0.4710 0.2550 0.8444
vn -0.6825 0.2738 0.6777
vn -0.2627 -0.0005 0.9649
vn -0.4965 -0.0005 0.8680
vn -0.7071 -0.0003 0.7071
vn -0.8680 -0.0005 0.4965
vn -0.8509 0.2410 0.4668
vn -0.9649 -0.0005 0.2627
vn -0.9536 0.1751 0.2448
vn -0.9904 -0.0003 0.1386
vn -0.9897 0.1233 0.0729
vn -0.9343 0.3477 -0.0780
vn -0.9900 0.1229 -0.0691
vn -0.7805 0.6120 -0.1276
vn -0.4700 0.8654 -0.1739
vn -0.3081 0.9462 -0.0985
vn -0.0628 0.7056 -0.7058
vn -0.0648 0.8642 -0.4989
vn -0.0763 0.9944 -0.0733
vn -0.5774 0.5773 -0.5774
vn -0.0720 0.1188 -0.9903
vn -0.0681 0.2594 -0.9633
vn -0.9659 -0.0000 0.2588
vn -0.9914 -0.0000 0.1305
vn 0.7058 0.0628 0.7057
vn 0.0734 0.9944 0.0762
vn 0.0593 0.9857 0.1574
vn 0.0957 0.9443 0.3147
vn 0.1689 0.8657 0.4712
vn 0.1438 0.6311 0.7622
vn 0.0729 0.1233 0.9897
vn -0.0780 0.3477 0.9344
vn 0.0923 0.3556 0.9301
vn -0.0691 0.1229 0.9900
vn -0.1276 0.6120 0.7805
vn -0.1739 0.8654 0.4700
vn -0.0985 0.9462 0.3081
vn -0.3161 0.9440 0.0949
vn -0.4739 0.8643 0.1685
vn -0.7605 0.6334 0.1430
vn -0.4970 0.8678 -0.0000
vn -0.7076 0.7066 -0.0000
vn -0.8689 0.4951 -0.0000
vn -0.7788 0.6144 -0.1268
vn -0.9653 0.2611 -0.0000
vn -0.9905 0.1372 -0.0000
vn -0.9308 0.3541 0.0910
vn -0.9903 0.1189 0.0720
vn -0.1386 -0.0003 0.9904
vn -0.1385 0.9904 -0.0000
vn -0.2631 0.9648 -0.0000
vn -0.1548 0.9862 0.0589
vn -0.0733 0.9944 0.0763
vn -0.0596 0.9858 0.1572
vn 0.5773 0.5773 0.5774
vn -0.1572 0.9858 -0.0596
vn 0.0763 0.9944 0.0733
vn 0.1572 0.9858 0.0596
vn 0.1386 -0.0003 -0.9904
vn -0.4739 0.8643 0.1684
vn -0.9656 0.2599 -0.0011
vn -0.8674 0.4975 -0.0010
vn -0.7074 0.7068 -0.0005
vn -0.9910 0.1339 -0.0008
vn -0.4985 0.8669 -0.0007
vn -0.2609 0.9654 -0.0006
vn -0.1547 0.9862 0.0589
vn -0.0730 0.9947 0.0730
vn -0.1345 0.9909 -0.0003
vn 0.0763 0.9944 -0.0733
vn 0.0592 0.9862 -0.1545
vn 0.4185 0.8137 -0.4036
vn 0.0978 0.9459 -0.3095
vn 0.1734 0.8640 -0.4726
vn -0.0006 0.9654 -0.2609
vn -0.0007 0.8669 -0.4985
vn -0.0005 0.7068 -0.7074
vn 0.0681 0.9633 -0.2595
vn 0.0654 0.8643 -0.4987
vn 0.0628 0.7058 -0.7056
vn 0.0648 0.4989 -0.8642
vn -0.0010 0.4975 -0.8674
vn 0.7057 0.7058 0.0628
vn 0.0892 0.9920 -0.0892
vn -0.0011 0.2600 0.9656
vn 0.0911 0.3541 0.9308
vn 0.4036 0.8137 0.4185
vn 0.1685 0.8643 0.4739
vn 0.3147 0.9443 -0.0956
vn 0.1268 0.6144 -0.7788
vn -0.0011 0.2600 -0.9656
vn -0.0008 0.1339 -0.9910
vn 0.0767 0.3463 -0.9350
vn 0.0682 0.1185 -0.9906
vn 0.0678 0.2592 -0.9634
vn 0.0892 0.0892 -0.9920
vn 0.0628 0.7058 -0.7057
vn -0.0003 0.9909 -0.1345
vn -0.5774 0.5774 0.5774
vn -0.9633 0.2595 0.0681
vn -0.5774 0.5774 0.5773
vn -0.4185 0.8137 0.4036
vn -0.1685 0.8643 -0.4739
vn -0.0589 0.9862 -0.1547
vn -0.2595 0.9633 -0.0681
vn 0.5774 0.5774 -0.5773
vn 0.9633 0.2595 -0.0681
vn -0.5773 0.5773 -0.5774
vn 0.5773 0.5774 0.5773
vn -0.0011 0.2599 -0.9656
vn 0.0628 0.7057 0.7058
vt 0.505020 0.659967
vt 0.505020 0.637185
vt 0.583036 0.637185
vt 0.583036 0.659967
vt 0.505020 0.682750
vt 0.583036 0.682750
vt 0.505020 0.705532
vt 0.583036 0.705532
vt 0.585892 0.682750
vt 0.585892 0.705532
vt 0.585892 0.659967
vt 0.588554 0.682750
vt 0.588554 0.705532
vt 0.588554 0.659967
vt 0.585892 0.637185
vt 0.588554 0.637185
vt 0.594072 0.637185
vt 0.594072 0.659967
vt 0.594072 0.682750
vt 0.386589 0.387290
vt 0.363807 0.387290
vt 0.363807 0.381771
vt 0.386589 0.381771
vt 0.409371 0.387290
vt 0.409371 0.381771
vt 0.594072 0.705532
vt 0.432153 0.381771
vt 0.432153 0.387290
vt 0.409371 0.379109
vt 0.432153 0.379109
vt 0.386589 0.379109
vt 0.409371 0.376253
vt 0.432153 0.376253
vt 0.386589 0.376253
vt 0.363807 0.379109
vt 0.363807 0.376253
vt 0.386589 0.375544
vt 0.409371 0.375544
vt 0.352770 0.375544
vt 0.352770 0.375544
vt 0.352770 0.376253
vt 0.352770 0.364507
vt 0.352770 0.379108
vt 0.349914 0.376253
vt 0.349913 0.364507
vt 0.349825 0.379223
vt 0.347231 0.379167
vt 0.347251 0.376253
vt 0.347252 0.364507
vt 0.349913 0.341725
vt 0.352770 0.341725
vt 0.347252 0.341725
vt 0.341733 0.364507
vt 0.341733 0.341725
vt 0.341733 0.376253
vt 0.688643 0.022782
vt 0.688643 0.045564
vt 0.683125 0.045564
vt 0.683125 0.022782
vt 0.688643 0.011037
vt 0.683125 0.011037
vt 0.683125 0.008199
vt 0.688626 0.008139
vt 0.341733 0.379091
vt 0.683125 0.006011
vt 0.688902 0.005780
vt 0.347513 0.381513
vt 0.341733 0.381279
vt 0.349873 0.381789
vt 0.349932 0.387290
vt 0.347744 0.387290
vt 0.346398 0.387290
vt 0.588293 0.620889
vt 0.588062 0.615112
vt 0.589408 0.615112
vt 0.594072 0.621123
vt 0.588575 0.623235
vt 0.594072 0.623311
vt 0.683125 0.004665
vt 0.689136 0.000000
vt 0.691248 0.005498
vt 0.691324 0.000000
vt 0.585933 0.620612
vt 0.585874 0.615112
vt 0.691192 0.008091
vt 0.694162 0.008181
vt 0.694162 0.005517
vt 0.694162 0.000000
vt 0.772178 0.005518
vt 0.772178 0.008180
vt 0.772178 0.000000
vt 0.772178 0.011037
vt 0.694162 0.011037
vt 0.772178 0.022782
vt 0.694162 0.022782
vt 0.691305 0.022782
vt 0.691306 0.011037
vt 0.691305 0.045564
vt 0.694162 0.022782
vt 0.694162 0.045564
vt 0.691305 0.068347
vt 0.688643 0.068347
vt 0.694162 0.045564
vt 0.694162 0.068347
vt 0.683125 0.068347
vt 0.691305 0.091129
vt 0.688643 0.091129
vt 0.683125 0.091129
vt 0.688643 0.113911
vt 0.683125 0.113911
vt 0.691305 0.113911
vt 0.341733 0.296161
vt 0.341733 0.273378
vt 0.347252 0.273378
vt 0.347252 0.296161
vt 0.341733 0.318943
vt 0.347252 0.318943
vt 0.349913 0.273378
vt 0.349913 0.296161
vt 0.349913 0.318943
vt 0.352770 0.318943
vt 0.352770 0.296161
vt 0.352770 0.307906
vt 0.352770 0.307197
vt 0.352770 0.262342
vt 0.352770 0.273378
vt 0.352770 0.261633
vt 0.352770 0.250596
vt 0.349913 0.250596
vt 0.347252 0.250596
vt 0.349913 0.227814
vt 0.352770 0.227814
vt 0.347252 0.227814
vt 0.341733 0.250596
vt 0.341733 0.227814
vt 0.688643 0.136693
vt 0.688643 0.159476
vt 0.683125 0.159476
vt 0.683125 0.136693
vt 0.691305 0.136693
vt 0.691305 0.159476
vt 0.694162 0.136693
vt 0.694162 0.159476
vt 0.694162 0.113911
vt 0.694162 0.091129
vt 0.772178 0.113911
vt 0.772178 0.136693
vt 0.772178 0.091129
vt 0.772178 0.068347
vt 0.694162 0.091129
vt 0.772178 0.045564
vt 0.772178 0.159476
vt 0.772178 0.182258
vt 0.694162 0.182258
vt 0.691305 0.182258
vt 0.694162 0.182258
vt 0.694162 0.205040
vt 0.691305 0.205040
vt 0.772178 0.205040
vt 0.688643 0.182258
vt 0.688643 0.205040
vt 0.691305 0.227822
vt 0.688643 0.227822
vt 0.694162 0.227822
vt 0.683125 0.227822
vt 0.683125 0.205040
vt 0.683125 0.182258
vt 0.341733 0.182250
vt 0.341733 0.159467
vt 0.347252 0.159467
vt 0.347252 0.182250
vt 0.341733 0.205032
vt 0.347252 0.205032
vt 0.347252 0.205032
vt 0.349913 0.205032
vt 0.349913 0.182250
vt 0.352770 0.205032
vt 0.352770 0.182250
vt 0.349913 0.159467
vt 0.352770 0.159467
vt 0.352770 0.136685
vt 0.349913 0.136685
vt 0.352770 0.113903
vt 0.349913 0.113903
vt 0.347252 0.136685
vt 0.347252 0.113903
vt 0.341733 0.136685
vt 0.341733 0.113903
vt 0.688643 0.250604
vt 0.688643 0.273387
vt 0.683125 0.273387
vt 0.683125 0.250604
vt 0.688643 0.227822
vt 0.691305 0.250604
vt 0.691305 0.273387
vt 0.694162 0.250604
vt 0.694162 0.273387
vt 0.772178 0.250604
vt 0.772178 0.273387
vt 0.772178 0.227822
vt 0.772178 0.296169
vt 0.694162 0.296169
vt 0.772178 0.318951
vt 0.694162 0.318951
vt 0.772178 0.341733
vt 0.694162 0.341733
vt 0.691305 0.341733
vt 0.691305 0.318951
vt 0.691305 0.296169
vt 0.688643 0.341733
vt 0.688643 0.318951
vt 0.688643 0.296169
vt 0.683125 0.296169
vt 0.683125 0.318951
vt 0.341733 0.091121
vt 0.347252 0.091121
vt 0.341733 0.068339
vt 0.347252 0.068339
vt 0.341733 0.045556
vt 0.347252 0.045556
vt 0.683125 0.341733
vt 0.349913 0.045556
vt 0.349913 0.068339
vt 0.349913 0.091121
vt 0.352770 0.045556
vt 0.352770 0.068339
vt 0.352770 0.091121
vt 0.355626 0.068339
vt 0.355626 0.091121
vt 0.355626 0.113903
vt 0.358288 0.068339
vt 0.358288 0.091121
vt 0.358288 0.113903
vt 0.355626 0.136685
vt 0.358288 0.136685
vt 0.363807 0.113903
vt 0.363807 0.136685
vt 0.363807 0.091121
vt 0.505020 0.501201
vt 0.505020 0.478418
vt 0.510538 0.478418
vt 0.510538 0.501201
vt 0.510538 0.455636
vt 0.505020 0.455636
vt 0.505020 0.432854
vt 0.510538 0.432854
vt 0.363807 0.068339
vt 0.513200 0.432854
vt 0.513200 0.455636
vt 0.513200 0.478418
vt 0.516056 0.432854
vt 0.516056 0.455636
vt 0.516056 0.478418
vt 0.513200 0.501201
vt 0.516056 0.501201
vt 0.594072 0.478418
vt 0.594072 0.501201
vt 0.594072 0.455636
vt 0.594072 0.523983
vt 0.516056 0.523983
vt 0.513200 0.523983
vt 0.594072 0.546765
vt 0.516056 0.546765
vt 0.513200 0.546765
vt 0.510538 0.546765
vt 0.510538 0.523983
vt 0.505020 0.546765
vt 0.505020 0.523983
vt 0.363807 0.159467
vt 0.363807 0.182250
vt 0.358288 0.182250
vt 0.358288 0.159467
vt 0.355626 0.182250
vt 0.355626 0.159467
vt 0.358288 0.205032
vt 0.355626 0.205032
vt 0.355626 0.227814
vt 0.358288 0.205032
vt 0.358288 0.227814
vt 0.363807 0.205032
vt 0.363807 0.227814
vt 0.505020 0.592330
vt 0.505020 0.569547
vt 0.510538 0.569547
vt 0.510538 0.592330
vt 0.510538 0.569547
vt 0.513200 0.569547
vt 0.513200 0.592330
vt 0.516056 0.569547
vt 0.516056 0.592330
vt 0.594072 0.569547
vt 0.594072 0.592330
vt 0.594072 0.604075
vt 0.516056 0.604075
vt 0.594072 0.606932
vt 0.516056 0.606918
vt 0.594072 0.609593
vt 0.516056 0.609571
vt 0.594072 0.615112
vt 0.516056 0.615112
vt 0.011037 0.774579
vt 0.089053 0.774579
vt 0.089053 0.780097
vt 0.011037 0.780120
vt 0.089053 0.782759
vt 0.011037 0.782772
vt 0.089053 0.785616
vt 0.011037 0.785616
vt 0.089053 0.797361
vt 0.011037 0.797361
vt 0.008180 0.797361
vt 0.008209 0.782371
vt 0.008251 0.780208
vt 0.005549 0.778613
vt 0.005686 0.777456
vt 0.005518 0.797361
vt 0.011037 0.797361
vt 0.011037 0.820143
vt 0.008180 0.820143
vt 0.005518 0.820143
vt 0.005518 0.797361
vt 0.008180 0.842926
vt 0.005518 0.842926
vt 0.005518 0.820144
vt 0.011037 0.820143
vt 0.011037 0.842926
vt 0.000000 0.842926
vt 0.000000 0.820143
vt 0.000000 0.797361
vt 0.409371 0.250596
vt 0.432153 0.250596
vt 0.432153 0.256115
vt 0.409371 0.256115
vt 0.386589 0.250596
vt 0.386589 0.256115
vt 0.000000 0.774579
vt 0.363807 0.250596
vt 0.359773 0.256146
vt 0.386589 0.258776
vt 0.356015 0.258805
vt 0.409371 0.258776
vt 0.386589 0.261633
vt 0.352770 0.261633
vt 0.409371 0.261633
vt 0.432153 0.258776
vt 0.432153 0.261633
vt 0.409371 0.262342
vt 0.386589 0.262342
vt 0.443190 0.262342
vt 0.443899 0.284415
vt 0.443899 0.261633
vt 0.443899 0.258777
vt 0.446754 0.261633
vt 0.446727 0.281171
vt 0.446844 0.258663
vt 0.449438 0.258719
vt 0.449418 0.261633
vt 0.449386 0.277412
vt 0.449352 0.279019
vt 0.447143 0.281587
vt 0.451239 0.276261
vt 0.454935 0.273378
vt 0.454935 0.261633
vt 0.658018 0.950138
vt 0.659211 0.949977
vt 0.662052 0.955687
vt 0.650306 0.950170
vt 0.650306 0.955687
vt 0.647468 0.955687
vt 0.647409 0.950187
vt 0.454935 0.258795
vt 0.645280 0.955687
vt 0.645049 0.949910
vt 0.449156 0.256373
vt 0.454935 0.256607
vt 0.446796 0.256097
vt 0.446737 0.250596
vt 0.448925 0.250596
vt 0.450271 0.250596
vt 0.005780 0.859931
vt 0.006011 0.865708
vt 0.004665 0.865708
vt 0.000000 0.859697
vt 0.005498 0.857585
vt 0.000000 0.857509
vt 0.643934 0.955687
vt 0.639269 0.949677
vt 0.644767 0.947565
vt 0.639269 0.947489
vt 0.008139 0.860207
vt 0.008199 0.865708
vt 0.647361 0.947620
vt 0.647451 0.944651
vt 0.644787 0.944651
vt 0.639269 0.944651
vt 0.644788 0.866635
vt 0.647450 0.866635
vt 0.639269 0.866635
vt 0.650306 0.866635
vt 0.650306 0.944651
vt 0.651015 0.866635
vt 0.651015 0.944651
vt 0.654259 0.947478
vt 0.650306 0.947506
vt 0.656479 0.947413
vt 0.653858 0.944651
vt 0.656510 0.944651
vt 0.658361 0.947383
vt 0.660202 0.949790
vt 0.662052 0.947360
vt 0.662052 0.949639
vt 0.662052 0.951072
vt 0.453083 0.275237
vt 0.454936 0.273378
vt 0.332809 0.753661
vt 0.326914 0.751806
vt 0.326914 0.751805
vt 0.332962 0.751805
vt 0.452089 0.277102
vt 0.454943 0.273378
vt 0.332601 0.754682
vt 0.326914 0.751812
vt 0.335165 0.757434
vt 0.335216 0.755523
vt 0.335242 0.751805
vt 0.337951 0.759998
vt 0.337951 0.757346
vt 0.337951 0.751805
vt 0.662052 0.944651
vt 0.656533 0.866635
vt 0.662052 0.866635
vt 0.415967 0.751805
vt 0.415967 0.757323
vt 0.415967 0.759985
vt 0.415967 0.762842
vt 0.337951 0.762842
vt 0.415967 0.774587
vt 0.337951 0.774587
vt 0.335094 0.774587
vt 0.335123 0.759597
vt 0.332464 0.755839
vt 0.332433 0.774587
vt 0.332433 0.797369
vt 0.332433 0.774587
vt 0.335094 0.797369
vt 0.337951 0.797369
vt 0.332433 0.820152
vt 0.332433 0.797369
vt 0.335094 0.820152
vt 0.337951 0.820152
vt 0.332432 0.831897
vt 0.332433 0.820152
vt 0.335095 0.831897
vt 0.337951 0.831897
vt 0.415967 0.820152
vt 0.415967 0.831897
vt 0.415967 0.797369
vt 0.415967 0.834754
vt 0.337951 0.834753
vt 0.415967 0.837416
vt 0.337951 0.837416
vt 0.415967 0.842934
vt 0.337951 0.842934
vt 0.005518 0.865708
vt 0.005517 0.943724
vt 0.000000 0.943724
vt 0.000000 0.865708
vt 0.008180 0.865708
vt 0.008181 0.943724
vt 0.011037 0.865708
vt 0.011037 0.943724
vt 0.022782 0.865708
vt 0.022782 0.943724
vt 0.022782 0.946580
vt 0.011037 0.946579
vt 0.008091 0.946694
vt 0.011037 0.949243
vt 0.008139 0.949260
vt 0.022782 0.949242
vt 0.037772 0.946552
vt 0.041531 0.949211
vt 0.022782 0.943724
vt 0.034528 0.943724
vt 0.039992 0.946486
vt 0.042724 0.949051
vt 0.037371 0.943724
vt 0.045564 0.954761
vt 0.022782 0.954761
vt 0.546064 0.296161
vt 0.546064 0.318943
vt 0.540515 0.322977
vt 0.540546 0.296161
vt 0.542368 0.321826
vt 0.011037 0.954761
vt 0.540546 0.296161
vt 0.540547 0.284415
vt 0.546064 0.284415
vt 0.537884 0.296161
vt 0.537883 0.284415
vt 0.537855 0.326735
vt 0.535028 0.296161
vt 0.535028 0.284415
vt 0.535028 0.329980
vt 0.540481 0.324583
vt 0.538272 0.327152
vt 0.543217 0.322666
vt 0.542031 0.324492
vt 0.544212 0.320802
vt 0.546071 0.318943
vt 0.546065 0.318943
vt 0.465565 0.926280
vt 0.461531 0.931829
vt 0.461539 0.931829
vt 0.464408 0.926142
vt 0.461532 0.931829
vt 0.463387 0.925934
vt 0.461531 0.925781
vt 0.043715 0.948863
vt 0.045564 0.948712
vt 0.045564 0.950145
vt 0.041874 0.946457
vt 0.045564 0.946433
vt 0.040023 0.943724
vt 0.045564 0.943724
vt 0.465249 0.923528
vt 0.461531 0.923501
vt 0.467072 0.920792
vt 0.461531 0.920792
vt 0.467050 0.842776
vt 0.461531 0.842776
vt 0.045564 0.865708
vt 0.040046 0.865708
vt 0.037384 0.865708
vt 0.034528 0.865708
vt 0.469712 0.842776
vt 0.469725 0.920792
vt 0.472568 0.842776
vt 0.472568 0.920792
vt 0.473461 0.842776
vt 0.473461 0.920792
vt 0.473461 0.923648
vt 0.469324 0.923620
vt 0.467161 0.923578
vt 0.473461 0.926311
vt 0.476430 0.923737
vt 0.476375 0.926331
vt 0.476316 0.920792
vt 0.476299 0.931829
vt 0.473461 0.931829
vt 0.557994 0.324460
vt 0.557994 0.318943
vt 0.560832 0.318943
vt 0.560891 0.324443
vt 0.542031 0.324492
vt 0.557994 0.327124
vt 0.538272 0.327152
vt 0.560939 0.327010
vt 0.563251 0.324720
vt 0.563533 0.327066
vt 0.563020 0.318943
vt 0.569030 0.324954
vt 0.569030 0.327142
vt 0.564366 0.318943
vt 0.937717 0.350710
vt 0.937776 0.356211
vt 0.935588 0.356211
vt 0.935357 0.350434
vt 0.934242 0.356211
vt 0.929577 0.350200
vt 0.478720 0.926049
vt 0.484497 0.925818
vt 0.484497 0.927164
vt 0.478487 0.931829
vt 0.935075 0.348088
vt 0.929577 0.348012
vt 0.478997 0.923689
vt 0.484497 0.923630
vt 0.478980 0.920792
vt 0.484497 0.920792
vt 0.478979 0.842776
vt 0.476317 0.842776
vt 0.484497 0.842776
vt 0.935096 0.267158
vt 0.935095 0.345174
vt 0.929577 0.345174
vt 0.929577 0.267158
vt 0.937757 0.267158
vt 0.937758 0.345174
vt 0.940614 0.267158
vt 0.940614 0.345174
vt 0.941323 0.267158
vt 0.941323 0.345174
vt 0.941323 0.348030
vt 0.940614 0.348030
vt 0.937669 0.348144
vt 0.940614 0.350693
vt 0.941323 0.350693
vt 0.944292 0.348120
vt 0.944237 0.350713
vt 0.944178 0.345174
vt 0.944161 0.356211
vt 0.941323 0.356211
vt 0.940614 0.356211
vt 0.569030 0.329980
vt 0.569030 0.330688
vt 0.563513 0.330688
vt 0.563513 0.329980
vt 0.569030 0.333526
vt 0.563530 0.333586
vt 0.560849 0.329980
vt 0.560849 0.330688
vt 0.557994 0.329980
vt 0.557994 0.330688
vt 0.560963 0.333634
vt 0.557994 0.333544
vt 0.560908 0.336228
vt 0.557994 0.336208
vt 0.563253 0.335946
vt 0.560832 0.341725
vt 0.557994 0.341725
vt 0.563020 0.341725
vt 0.783214 0.904430
vt 0.783214 0.909947
vt 0.780376 0.909947
vt 0.780317 0.904447
vt 0.778188 0.909947
vt 0.777957 0.904170
vt 0.776842 0.909947
vt 0.772178 0.903937
vt 0.569030 0.335714
vt 0.569030 0.337060
vt 0.946582 0.350431
vt 0.952359 0.350200
vt 0.952359 0.351546
vt 0.946349 0.356211
vt 0.946859 0.348071
vt 0.952359 0.348012
vt 0.946842 0.345174
vt 0.952359 0.345174
vt 0.777675 0.901824
vt 0.772178 0.901749
vt 0.777695 0.898911
vt 0.772178 0.898911
vt 0.772178 0.820895
vt 0.777696 0.820894
vt 0.946841 0.267158
vt 0.952359 0.267158
vt 0.780358 0.820894
vt 0.780359 0.898911
vt 0.783214 0.820895
vt 0.783214 0.898911
vt 0.795144 0.820895
vt 0.795144 0.898911
vt 0.795144 0.901767
vt 0.783214 0.901766
vt 0.780269 0.901880
vt 0.795144 0.904429
vt 0.817926 0.904429
vt 0.795144 0.904429
vt 0.817926 0.901767
vt 0.795144 0.898911
vt 0.817926 0.898911
vt 0.829671 0.901766
vt 0.829671 0.904430
vt 0.817926 0.904429
vt 0.829671 0.898911
vt 0.832641 0.901856
vt 0.832585 0.904450
vt 0.832527 0.898911
vt 0.832509 0.909947
vt 0.829671 0.909947
vt 0.817926 0.909947
vt 0.523282 0.341725
vt 0.511537 0.341725
vt 0.511537 0.336208
vt 0.523282 0.336207
vt 0.508698 0.341725
vt 0.508639 0.336225
vt 0.795144 0.909947
vt 0.546064 0.336207
vt 0.546064 0.341725
vt 0.523282 0.333545
vt 0.546064 0.333545
vt 0.511536 0.333544
vt 0.523282 0.330688
vt 0.546064 0.330688
vt 0.511537 0.330688
vt 0.508591 0.333658
vt 0.508681 0.330688
vt 0.505997 0.333602
vt 0.506017 0.330688
vt 0.506279 0.335948
vt 0.500500 0.333526
vt 0.500500 0.330688
vt 0.500500 0.335714
vt 0.561621 0.970957
vt 0.561621 0.976475
vt 0.558783 0.976475
vt 0.558723 0.970974
vt 0.556595 0.976475
vt 0.556364 0.970698
vt 0.561621 0.968293
vt 0.558675 0.968408
vt 0.556082 0.968352
vt 0.550584 0.970464
vt 0.550584 0.968276
vt 0.555249 0.976475
vt 0.835208 0.901808
vt 0.840708 0.901749
vt 0.840708 0.903937
vt 0.834931 0.904168
vt 0.840708 0.905283
vt 0.834697 0.909947
vt 0.506511 0.341725
vt 0.505165 0.341725
vt 0.835191 0.898911
vt 0.840708 0.898911
vt 0.832528 0.820895
vt 0.835190 0.820895
vt 0.840708 0.820895
vt 0.550584 0.965438
vt 0.550584 0.887422
vt 0.556102 0.887422
vt 0.556102 0.965438
vt 0.558764 0.887422
vt 0.558765 0.965438
vt 0.561621 0.887422
vt 0.561621 0.965438
vt 0.562330 0.887422
vt 0.562330 0.965438
vt 0.562330 0.968293
vt 0.562330 0.970957
vt 0.565299 0.968383
vt 0.565244 0.970977
vt 0.565185 0.965438
vt 0.565168 0.976475
vt 0.562330 0.976475
vt 0.506017 0.329980
vt 0.500500 0.329980
vt 0.500500 0.327142
vt 0.506000 0.327082
vt 0.500500 0.324954
vt 0.506277 0.324722
vt 0.567589 0.970695
vt 0.567356 0.976475
vt 0.500500 0.323608
vt 0.506511 0.318943
vt 0.573366 0.970464
vt 0.573366 0.971810
vt 0.567866 0.968335
vt 0.573366 0.968276
vt 0.980921 0.439487
vt 0.981152 0.445264
vt 0.979806 0.445264
vt 0.975142 0.439253
vt 0.980639 0.437141
vt 0.975142 0.437065
vt 0.980659 0.434227
vt 0.975142 0.434227
vt 0.567849 0.965438
vt 0.573366 0.965438
vt 0.980660 0.356211
vt 0.975142 0.356211
vt 0.573366 0.887422
vt 0.567848 0.887422
vt 0.565186 0.887422
vt 0.983322 0.356211
vt 0.983323 0.434227
vt 0.986178 0.356211
vt 0.986178 0.434227
vt 0.986887 0.356211
vt 0.986887 0.434227
vt 0.990132 0.437055
vt 0.986178 0.437082
vt 0.983233 0.437196
vt 0.986178 0.439746
vt 0.983281 0.439763
vt 0.993890 0.439714
vt 0.992351 0.436989
vt 0.995083 0.439554
vt 0.989730 0.434227
vt 0.997924 0.445264
vt 0.986178 0.445264
vt 0.527316 0.324492
vt 0.511537 0.324460
vt 0.511537 0.318943
vt 0.523282 0.318943
vt 0.526165 0.322639
vt 0.983340 0.445264
vt 0.508623 0.324440
vt 0.508698 0.318943
vt 0.511537 0.327124
vt 0.508567 0.327034
vt 0.531074 0.327152
vt 0.511537 0.329980
vt 0.508681 0.329980
vt 0.534319 0.329980
vt 0.528923 0.324527
vt 0.531491 0.326735
vt 0.527006 0.321790
vt 0.528831 0.322977
vt 0.525141 0.320795
vt 0.523282 0.318936
vt 0.523282 0.318942
vt 0.844742 0.993451
vt 0.840708 0.999000
vt 0.840715 0.999000
vt 0.843585 0.993314
vt 0.840709 0.999000
vt 0.842564 0.993105
vt 0.848500 0.990791
vt 0.846337 0.990749
vt 0.844426 0.990699
vt 0.840708 0.992952
vt 0.840708 0.990672
vt 0.994233 0.436960
vt 0.997924 0.436936
vt 0.997924 0.439215
vt 0.996074 0.439366
vt 0.997924 0.440648
vt 0.992383 0.434227
vt 0.997924 0.434227
vt 0.989744 0.356211
vt 0.992405 0.356211
vt 0.997924 0.356211
vt 0.840708 0.987963
vt 0.840708 0.909947
vt 0.846227 0.909947
vt 0.846249 0.987963
vt 0.848888 0.909947
vt 0.848902 0.987963
vt 0.851745 0.909947
vt 0.851745 0.987963
vt 0.852454 0.909947
vt 0.852454 0.987963
vt 0.855698 0.990791
vt 0.859457 0.993451
vt 0.857918 0.990725
vt 0.860650 0.993290
vt 0.855297 0.987963
vt 0.863490 0.999000
vt 0.528831 0.292127
vt 0.523282 0.296161
vt 0.526978 0.293278
vt 0.525135 0.294302
vt 0.861641 0.993103
vt 0.523281 0.296161
vt 0.863490 0.992952
vt 0.863490 0.994385
vt 0.859800 0.990696
vt 0.863490 0.990672
vt 0.778073 0.731622
vt 0.772178 0.729766
vt 0.772178 0.729766
vt 0.778226 0.729766
vt 0.780479 0.733483
vt 0.780506 0.729766
vt 0.783214 0.735307
vt 0.783214 0.729766
vt 0.857949 0.987963
vt 0.863490 0.987963
vt 0.861230 0.735284
vt 0.861230 0.729766
vt 0.863490 0.909947
vt 0.857972 0.909947
vt 0.855310 0.909947
vt 0.861230 0.737946
vt 0.783214 0.737959
vt 0.861230 0.740802
vt 0.783214 0.740802
vt 0.861230 0.752548
vt 0.783214 0.752548
vt 0.780358 0.752548
vt 0.780387 0.737558
vt 0.780429 0.735395
vt 0.777727 0.733799
vt 0.777864 0.732642
vt 0.777696 0.752548
vt 0.783214 0.775330
vt 0.780358 0.775330
vt 0.777696 0.775330
vt 0.777696 0.798112
vt 0.780358 0.798112
vt 0.783214 0.798112
vt 0.861230 0.775330
vt 0.861230 0.798112
vt 0.861230 0.809858
vt 0.783214 0.809858
vt 0.783214 0.798112
vt 0.780359 0.809858
vt 0.861230 0.812714
vt 0.783214 0.812713
vt 0.780269 0.812828
vt 0.777675 0.812772
vt 0.777695 0.809858
vt 0.772178 0.812696
vt 0.772178 0.809858
vt 0.772178 0.798112
vt 0.772178 0.775330
vt 0.454935 0.290642
vt 0.477718 0.290642
vt 0.477718 0.296161
vt 0.454935 0.296161
vt 0.443190 0.296161
vt 0.443190 0.290643
vt 0.454935 0.290642
vt 0.454935 0.287980
vt 0.477718 0.287980
vt 0.443190 0.287980
vt 0.440293 0.290660
vt 0.440245 0.288094
vt 0.440352 0.296161
vt 0.437933 0.290384
vt 0.437651 0.288038
vt 0.438164 0.296161
vt 0.432153 0.290150
vt 0.432153 0.287962
vt 0.436818 0.296161
vt 0.053704 0.949260
vt 0.053763 0.954761
vt 0.051575 0.954761
vt 0.051344 0.948984
vt 0.050229 0.954761
vt 0.045564 0.948750
vt 0.777957 0.815118
vt 0.778189 0.820895
vt 0.776842 0.820895
vt 0.772178 0.814884
vt 0.051062 0.946638
vt 0.045564 0.946562
vt 0.780317 0.815394
vt 0.780376 0.820895
vt 0.783214 0.815377
vt 0.783214 0.820895
vt 0.861230 0.815376
vt 0.861230 0.820895
vt 0.051083 0.865708
vt 0.051082 0.943724
vt 0.045564 0.943724
vt 0.053745 0.865708
vt 0.053746 0.943724
vt 0.056601 0.865708
vt 0.056601 0.943724
vt 0.057310 0.865708
vt 0.057310 0.943724
vt 0.060554 0.946552
vt 0.056601 0.946579
vt 0.053656 0.946694
vt 0.056601 0.949243
vt 0.064313 0.949211
vt 0.062774 0.946486
vt 0.065506 0.949051
vt 0.060153 0.943724
vt 0.068347 0.954761
vt 0.056601 0.954761
vt 0.432153 0.285124
vt 0.432153 0.273379
vt 0.437703 0.269345
vt 0.437671 0.285124
vt 0.432153 0.273378
vt 0.435849 0.270496
vt 0.440334 0.285124
vt 0.440362 0.265586
vt 0.443190 0.285124
vt 0.443190 0.262342
vt 0.437737 0.267738
vt 0.439945 0.265170
vt 0.435000 0.269655
vt 0.436187 0.267829
vt 0.434006 0.271520
vt 0.432146 0.273378
vt 0.432152 0.273378
vt 0.865264 0.083503
vt 0.861230 0.089053
vt 0.861238 0.089053
vt 0.864107 0.083366
vt 0.861231 0.089053
vt 0.863086 0.083158
vt 0.861230 0.083005
vt 0.066497 0.948863
vt 0.068347 0.948712
vt 0.068347 0.950145
vt 0.064656 0.946457
vt 0.068347 0.946433
vt 0.062806 0.943724
vt 0.068347 0.943724
vt 0.864948 0.080751
vt 0.861231 0.080725
vt 0.866772 0.078016
vt 0.861230 0.078016
vt 0.861230 0.000000
vt 0.866749 0.000000
vt 0.062828 0.865708
vt 0.068347 0.865708
vt 0.869411 0.000000
vt 0.869424 0.078016
vt 0.872267 0.000000
vt 0.872267 0.078016
vt 0.884013 0.000000
vt 0.884013 0.078016
vt 0.884013 0.080873
vt 0.869023 0.080844
vt 0.866860 0.080802
vt 0.884013 0.083534
vt 0.906795 0.083534
vt 0.906795 0.080873
vt 0.906795 0.078016
vt 0.921785 0.080844
vt 0.925543 0.083503
vt 0.918540 0.078016
vt 0.924005 0.080778
vt 0.926736 0.083343
vt 0.921384 0.078016
vt 0.929577 0.089053
vt 0.906795 0.089053
vt 0.386589 0.273378
vt 0.363807 0.273378
vt 0.359773 0.267829
vt 0.386589 0.267860
vt 0.360924 0.269682
vt 0.884013 0.089053
vt 0.409371 0.267860
vt 0.409371 0.273378
vt 0.386589 0.265198
vt 0.409371 0.265198
vt 0.356015 0.265170
vt 0.352770 0.262342
vt 0.358166 0.267795
vt 0.355598 0.265586
vt 0.360083 0.270532
vt 0.358257 0.269345
vt 0.361948 0.271526
vt 0.363807 0.273386
vt 0.363807 0.273379
vt 0.979175 0.706872
vt 0.975142 0.712422
vt 0.975149 0.712422
vt 0.978018 0.706735
vt 0.975142 0.712422
vt 0.976997 0.706527
vt 0.982934 0.704213
vt 0.980771 0.704171
vt 0.978859 0.704120
vt 0.975142 0.706374
vt 0.975142 0.704094
vt 0.925887 0.080749
vt 0.929577 0.080725
vt 0.929577 0.083005
vt 0.927728 0.083155
vt 0.929577 0.084437
vt 0.924036 0.078016
vt 0.929577 0.078016
vt 0.921397 0.000000
vt 0.924059 0.000000
vt 0.929577 0.000000
vt 0.975142 0.701385
vt 0.975142 0.623369
vt 0.980660 0.623369
vt 0.980683 0.701385
vt 0.983322 0.623369
vt 0.983335 0.701385
vt 0.986178 0.623369
vt 0.986178 0.701385
vt 0.986887 0.623369
vt 0.986887 0.701385
vt 0.990132 0.704213
vt 0.993890 0.706872
vt 0.992351 0.704147
vt 0.995083 0.706712
vt 0.989730 0.701385
vt 0.997924 0.712422
vt 0.358257 0.300194
vt 0.358257 0.269345
vt 0.363807 0.296161
vt 0.360111 0.299044
vt 0.361954 0.298020
vt 0.996074 0.706524
vt 0.363807 0.296161
vt 0.997924 0.706374
vt 0.997924 0.707806
vt 0.994233 0.704118
vt 0.997924 0.704094
vt 0.908651 0.795580
vt 0.906796 0.801474
vt 0.906795 0.801474
vt 0.906795 0.795426
vt 0.910513 0.793173
vt 0.906795 0.793147
vt 0.912336 0.790438
vt 0.906795 0.790438
vt 0.992383 0.701385
vt 0.997924 0.701385
vt 0.912313 0.712422
vt 0.906795 0.712422
vt 0.997924 0.623369
vt 0.992406 0.623369
vt 0.989744 0.623369
vt 0.914975 0.712422
vt 0.914989 0.790438
vt 0.917832 0.712422
vt 0.917832 0.790438
vt 0.929577 0.712422
vt 0.929577 0.790438
vt 0.929577 0.793294
vt 0.914587 0.793265
vt 0.912424 0.793223
vt 0.910829 0.795925
vt 0.909672 0.795788
vt 0.929577 0.795956
vt 0.941323 0.790438
vt 0.941323 0.793293
vt 0.929577 0.793294
vt 0.941323 0.795957
vt 0.944292 0.793383
vt 0.944237 0.795977
vt 0.944178 0.790438
vt 0.944161 0.801474
vt 0.941323 0.801474
vt 0.929577 0.801474
vt 0.398334 0.301678
vt 0.398334 0.296161
vt 0.401172 0.296161
vt 0.401232 0.301661
vt 0.386589 0.296161
vt 0.386589 0.301679
vt 0.386589 0.301679
vt 0.359773 0.301710
vt 0.386589 0.304341
vt 0.356015 0.304370
vt 0.398334 0.304342
vt 0.386589 0.307197
vt 0.352770 0.307197
vt 0.398334 0.307197
vt 0.401280 0.304228
vt 0.401190 0.307197
vt 0.403873 0.304283
vt 0.403854 0.307197
vt 0.403591 0.301938
vt 0.409371 0.304359
vt 0.409371 0.307197
vt 0.409371 0.302171
vt 0.920092 0.993483
vt 0.920092 0.999000
vt 0.917254 0.999000
vt 0.917194 0.993499
vt 0.915066 0.999000
vt 0.914834 0.993223
vt 0.913720 0.999000
vt 0.909055 0.992989
vt 0.403360 0.296161
vt 0.404706 0.296161
vt 0.946583 0.795695
vt 0.952360 0.795464
vt 0.952360 0.796810
vt 0.946349 0.801474
vt 0.946859 0.793335
vt 0.952360 0.793276
vt 0.946842 0.790438
vt 0.952360 0.790438
vt 0.914572 0.987963
vt 0.914553 0.990877
vt 0.909055 0.990801
vt 0.909055 0.987963
vt 0.917146 0.990933
vt 0.917236 0.987963
vt 0.914573 0.909947
vt 0.917235 0.909947
vt 0.909055 0.909947
vt 0.920092 0.909947
vt 0.920092 0.987963
vt 0.920800 0.909947
vt 0.920800 0.987963
vt 0.924045 0.990791
vt 0.920092 0.990819
vt 0.927804 0.993451
vt 0.926265 0.990725
vt 0.928996 0.993290
vt 0.923644 0.987963
vt 0.931837 0.999000
vt 0.409371 0.318943
vt 0.403822 0.322977
vt 0.405675 0.321826
vt 0.407519 0.320802
vt 0.929988 0.993102
vt 0.409372 0.318943
vt 0.931837 0.992952
vt 0.931837 0.994385
vt 0.928147 0.990696
vt 0.931837 0.990672
vt 0.863086 0.261263
vt 0.861231 0.267158
vt 0.861230 0.267158
vt 0.861230 0.261110
vt 0.864948 0.258857
vt 0.861231 0.258830
vt 0.866772 0.256122
vt 0.861230 0.256121
vt 0.926296 0.987963
vt 0.931837 0.987963
vt 0.866749 0.178105
vt 0.861230 0.178105
vt 0.931837 0.909947
vt 0.926319 0.909947
vt 0.923657 0.909947
vt 0.869411 0.178105
vt 0.869424 0.256121
vt 0.872267 0.178105
vt 0.872267 0.256121
vt 0.884013 0.178105
vt 0.884013 0.256121
vt 0.884013 0.258978
vt 0.869023 0.258949
vt 0.866860 0.258907
vt 0.865264 0.261609
vt 0.864107 0.261472
vt 0.884013 0.261640
vt 0.906795 0.261640
vt 0.906795 0.258978
vt 0.906795 0.256121
vt 0.918540 0.261641
vt 0.918540 0.258977
vt 0.918540 0.256121
vt 0.921510 0.259067
vt 0.921454 0.261661
vt 0.921396 0.256121
vt 0.921378 0.267158
vt 0.918540 0.267158
vt 0.906795 0.267158
vt 0.466681 0.324460
vt 0.454935 0.324461
vt 0.454935 0.318943
vt 0.466681 0.318943
vt 0.469519 0.318943
vt 0.469578 0.324443
vt 0.884013 0.267158
vt 0.432153 0.324461
vt 0.432153 0.318943
vt 0.454935 0.327123
vt 0.432153 0.327123
vt 0.466681 0.327124
vt 0.454935 0.327123
vt 0.454935 0.329980
vt 0.432153 0.329980
vt 0.466681 0.329980
vt 0.469626 0.327010
vt 0.469536 0.329980
vt 0.472220 0.327066
vt 0.472200 0.329980
vt 0.471938 0.324720
vt 0.477718 0.327142
vt 0.477718 0.329980
vt 0.477718 0.324954
vt 0.963396 0.528799
vt 0.963396 0.534316
vt 0.960558 0.534316
vt 0.960499 0.528816
vt 0.958370 0.534316
vt 0.958139 0.528539
vt 0.963396 0.526135
vt 0.960451 0.526249
vt 0.957857 0.526194
vt 0.952359 0.528306
vt 0.952359 0.526118
vt 0.957024 0.534316
vt 0.924077 0.259019
vt 0.929577 0.258960
vt 0.929577 0.261147
vt 0.923800 0.261379
vt 0.929577 0.262494
vt 0.923566 0.267158
vt 0.471707 0.318943
vt 0.473053 0.318943
vt 0.924060 0.256121
vt 0.929577 0.256121
vt 0.921397 0.178105
vt 0.924059 0.178105
vt 0.929577 0.178105
vt 0.952359 0.523280
vt 0.952359 0.445264
vt 0.957878 0.445264
vt 0.957877 0.523280
vt 0.960540 0.445264
vt 0.960541 0.523280
vt 0.963396 0.445264
vt 0.963396 0.523280
vt 0.964105 0.445264
vt 0.964105 0.523280
vt 0.964105 0.526135
vt 0.964105 0.528799
vt 0.967075 0.526225
vt 0.967019 0.528819
vt 0.966960 0.523280
vt 0.966943 0.534316
vt 0.964105 0.534316
vt 0.472200 0.330688
vt 0.477718 0.330688
vt 0.477718 0.333526
vt 0.472217 0.333586
vt 0.477718 0.335714
vt 0.471941 0.335946
vt 0.969365 0.528537
vt 0.969131 0.534316
vt 0.477718 0.337060
vt 0.471707 0.341725
vt 0.975142 0.528306
vt 0.975142 0.529652
vt 0.969641 0.526177
vt 0.975142 0.526118
vt 0.688902 0.781102
vt 0.683125 0.781333
vt 0.683125 0.779987
vt 0.689136 0.775322
vt 0.691248 0.780820
vt 0.691324 0.775322
vt 0.694162 0.780840
vt 0.694162 0.775322
vt 0.969624 0.523280
vt 0.975142 0.523280
vt 0.772178 0.780841
vt 0.772178 0.775322
vt 0.975142 0.445264
vt 0.969623 0.445264
vt 0.966961 0.445264
vt 0.772178 0.783502
vt 0.694162 0.783503
vt 0.772178 0.786359
vt 0.694162 0.786359
vt 0.772178 0.798104
vt 0.694162 0.798104
vt 0.691305 0.798104
vt 0.691306 0.786359
vt 0.691192 0.783413
vt 0.688643 0.786359
vt 0.688626 0.783462
vt 0.688643 0.798104
vt 0.688643 0.820887
vt 0.691305 0.820887
vt 0.694162 0.820887
vt 0.691305 0.843669
vt 0.688643 0.843669
vt 0.694162 0.843669
vt 0.688643 0.855414
vt 0.691306 0.855414
vt 0.694162 0.843669
vt 0.694162 0.855414
vt 0.772178 0.843669
vt 0.772178 0.855414
vt 0.772178 0.820887
vt 0.772178 0.858271
vt 0.694162 0.858270
vt 0.772178 0.860933
vt 0.694162 0.860933
vt 0.772178 0.866451
vt 0.694162 0.866451
vt 0.980660 0.267158
vt 0.980659 0.345174
vt 0.975142 0.345174
vt 0.975142 0.267158
vt 0.983322 0.267158
vt 0.983323 0.345174
vt 0.986178 0.267158
vt 0.986178 0.345174
vt 0.986887 0.267158
vt 0.986887 0.345174
vt 0.990132 0.348002
vt 0.986178 0.348030
vt 0.983233 0.348144
vt 0.986178 0.350693
vt 0.983281 0.350710
vt 0.993890 0.350662
vt 0.992351 0.347936
vt 0.995083 0.350501
vt 0.989730 0.345174
vt 0.997924 0.356211
vt 0.986178 0.356211
vt 0.392138 0.314909
vt 0.392106 0.330688
vt 0.386589 0.330688
vt 0.386589 0.318943
vt 0.390285 0.316060
vt 0.983340 0.356211
vt 0.392086 0.333602
vt 0.386589 0.333526
vt 0.394770 0.330688
vt 0.394680 0.333658
vt 0.394798 0.311151
vt 0.397626 0.330688
vt 0.397625 0.333544
vt 0.397626 0.307906
vt 0.392172 0.313302
vt 0.394381 0.310734
vt 0.389436 0.315219
vt 0.390622 0.313394
vt 0.388441 0.317084
vt 0.386582 0.318943
vt 0.386588 0.318943
vt 0.956393 0.172556
vt 0.952359 0.178105
vt 0.952366 0.178105
vt 0.955236 0.172419
vt 0.952360 0.178105
vt 0.954215 0.172211
vt 0.952359 0.172057
vt 0.996074 0.350313
vt 0.997924 0.350163
vt 0.997924 0.351595
vt 0.994233 0.347907
vt 0.997924 0.347883
vt 0.992383 0.345174
vt 0.997924 0.345174
vt 0.956077 0.169804
vt 0.952359 0.169778
vt 0.957900 0.167069
vt 0.952359 0.167069
vt 0.957878 0.089053
vt 0.952359 0.089053
vt 0.997924 0.267158
vt 0.992406 0.267158
vt 0.989744 0.267158
vt 0.960540 0.089053
vt 0.960553 0.167069
vt 0.963396 0.089053
vt 0.963396 0.167069
vt 0.964105 0.089053
vt 0.964105 0.167069
vt 0.967350 0.169897
vt 0.960152 0.169897
vt 0.957989 0.169854
vt 0.971108 0.172556
vt 0.969569 0.169831
vt 0.972301 0.172396
vt 0.966948 0.167069
vt 0.975142 0.178105
vt 0.359773 0.313394
vt 0.390622 0.313394
vt 0.363807 0.318943
vt 0.360924 0.315247
vt 0.361948 0.317090
vt 0.973292 0.172208
vt 0.363807 0.318944
vt 0.975142 0.172057
vt 0.975142 0.173490
vt 0.971451 0.169802
vt 0.975142 0.169778
vt 0.912773 0.901646
vt 0.910911 0.904052
vt 0.909055 0.903899
vt 0.909055 0.901620
vt 0.909056 0.909947
vt 0.909055 0.909947
vt 0.911932 0.904261
vt 0.909062 0.909947
vt 0.914684 0.901696
vt 0.360083 0.316096
vt 0.363807 0.318950
vt 0.358258 0.314909
vt 0.913088 0.904398
vt 0.358288 0.341725
vt 0.358257 0.314909
vt 0.363807 0.341725
vt 0.931837 0.909947
vt 0.931837 0.904429
vt 0.358257 0.368541
vt 0.363807 0.364507
vt 0.954619 0.909947
vt 0.931837 0.904429
vt 0.950586 0.904398
vt 0.360111 0.367390
vt 0.951778 0.904237
vt 0.946827 0.901739
vt 0.949047 0.901673
vt 0.931837 0.901767
vt 0.943583 0.898911
vt 0.946426 0.898911
vt 0.931837 0.898911
vt 0.916847 0.901738
vt 0.920091 0.898911
vt 0.931837 0.820895
vt 0.943583 0.820895
vt 0.920092 0.820895
vt 0.917248 0.898911
vt 0.917235 0.820895
vt 0.914596 0.898911
vt 0.914573 0.820895
vt 0.909055 0.898911
vt 0.909055 0.820895
vt 0.969600 0.167069
vt 0.969623 0.089053
vt 0.975142 0.089053
vt 0.975142 0.167069
vt 0.966961 0.089053
vt 0.946439 0.820895
vt 0.949101 0.820895
vt 0.949078 0.898911
vt 0.954619 0.820895
vt 0.954619 0.898911
vt 0.178105 0.689344
vt 0.100089 0.689367
vt 0.100089 0.683826
vt 0.178105 0.683826
vt 0.178105 0.692006
vt 0.100089 0.692019
vt 0.178105 0.694862
vt 0.100089 0.694862
vt 0.178105 0.706608
vt 0.100089 0.706608
vt 0.097233 0.706608
vt 0.097262 0.691618
vt 0.097304 0.689455
vt 0.094602 0.687859
vt 0.094739 0.686702
vt 0.094571 0.706608
vt 0.097233 0.729390
vt 0.094571 0.729390
vt 0.094571 0.706608
vt 0.100089 0.729390
vt 0.097233 0.752172
vt 0.094571 0.752172
vt 0.094571 0.729390
vt 0.100089 0.752172
vt 0.089053 0.752172
vt 0.089053 0.729390
vt 0.089053 0.706608
vt 0.409371 0.364507
vt 0.432153 0.364507
vt 0.432153 0.370026
vt 0.409371 0.370026
vt 0.386589 0.364507
vt 0.409371 0.370026
vt 0.386589 0.370026
vt 0.089053 0.683826
vt 0.386589 0.370026
vt 0.359773 0.370057
vt 0.386589 0.372687
vt 0.356015 0.372716
vt 0.409371 0.372687
vt 0.432153 0.372687
vt 0.432153 0.375544
vt 0.454935 0.376253
vt 0.454935 0.375544
vt 0.454935 0.372687
vt 0.477718 0.376253
vt 0.477718 0.375544
vt 0.477718 0.372687
vt 0.454935 0.370026
vt 0.477718 0.370026
vt 0.432153 0.370026
vt 0.454935 0.370026
vt 0.454935 0.364507
vt 0.477718 0.364507
vt 0.089053 0.797737
vt 0.089053 0.774955
vt 0.094571 0.774955
vt 0.094571 0.797737
vt 0.094571 0.752172
vt 0.094571 0.774955
vt 0.097233 0.774955
vt 0.097233 0.797737
vt 0.100089 0.774955
vt 0.100089 0.797737
vt 0.100089 0.752172
vt 0.178105 0.774955
vt 0.178105 0.797737
vt 0.178105 0.752172
vt 0.178105 0.729390
vt 0.178105 0.820519
vt 0.100089 0.820519
vt 0.100089 0.797737
vt 0.178105 0.832264
vt 0.100089 0.832265
vt 0.097234 0.832265
vt 0.097233 0.820519
vt 0.094571 0.820519
vt 0.094571 0.797737
vt 0.094570 0.832265
vt 0.094571 0.820519
vt 0.097144 0.835234
vt 0.094550 0.835178
vt 0.100089 0.835120
vt 0.089053 0.835102
vt 0.089053 0.832264
vt 0.089053 0.820519
vt 0.512245 0.370025
vt 0.500500 0.370026
vt 0.500500 0.364507
vt 0.512245 0.364507
vt 0.515083 0.364507
vt 0.515143 0.370008
vt 0.500500 0.370026
vt 0.477718 0.370026
vt 0.500500 0.372687
vt 0.512245 0.372689
vt 0.500500 0.375544
vt 0.512245 0.375544
vt 0.515191 0.372574
vt 0.515101 0.375544
vt 0.517784 0.372630
vt 0.517765 0.375544
vt 0.517503 0.370284
vt 0.523282 0.372706
vt 0.523282 0.375544
vt 0.523282 0.370518
vt 0.145654 0.926836
vt 0.145654 0.932354
vt 0.142816 0.932354
vt 0.142756 0.926854
vt 0.140628 0.932354
vt 0.140397 0.926577
vt 0.145654 0.924173
vt 0.142708 0.924287
vt 0.140115 0.924231
vt 0.134617 0.926343
vt 0.134617 0.924155
vt 0.139282 0.932354
vt 0.097192 0.837801
vt 0.097251 0.843301
vt 0.095064 0.843301
vt 0.094832 0.837524
vt 0.093717 0.843301
vt 0.089053 0.837290
vt 0.517271 0.364507
vt 0.518617 0.364507
vt 0.100089 0.837784
vt 0.100089 0.843301
vt 0.178105 0.835121
vt 0.178105 0.837783
vt 0.178105 0.843301
vt 0.134617 0.921317
vt 0.134617 0.843301
vt 0.140135 0.843301
vt 0.140135 0.921317
vt 0.142797 0.843301
vt 0.142798 0.921317
vt 0.145654 0.843301
vt 0.145654 0.921317
vt 0.146363 0.843301
vt 0.146363 0.921317
vt 0.146363 0.924173
vt 0.146363 0.926837
vt 0.149332 0.924263
vt 0.149277 0.926856
vt 0.149218 0.921317
vt 0.149201 0.932354
vt 0.146363 0.932354
vt 0.517765 0.376253
vt 0.523282 0.376253
vt 0.523282 0.379091
vt 0.517782 0.379150
vt 0.523282 0.381279
vt 0.517505 0.381510
vt 0.151622 0.926574
vt 0.151389 0.932354
vt 0.523282 0.382625
vt 0.517271 0.387290
vt 0.157399 0.926343
vt 0.157399 0.927689
vt 0.151899 0.924215
vt 0.157399 0.924155
vt 0.585950 0.791163
vt 0.588295 0.790881
vt 0.588062 0.796661
vt 0.585874 0.796661
vt 0.594072 0.790650
vt 0.594072 0.791996
vt 0.588572 0.788521
vt 0.594072 0.788462
vt 0.586005 0.788569
vt 0.515159 0.381792
vt 0.515083 0.387290
vt 0.512245 0.381772
vt 0.512245 0.387290
vt 0.588555 0.785624
vt 0.594072 0.785624
vt 0.500500 0.381771
vt 0.500500 0.387290
vt 0.594072 0.773878
vt 0.588554 0.773878
vt 0.477718 0.381771
vt 0.477718 0.387290
vt 0.594072 0.751096
vt 0.588554 0.751096
vt 0.454935 0.381771
vt 0.477718 0.381771
vt 0.454935 0.387290
vt 0.594072 0.728314
vt 0.588554 0.751096
vt 0.588554 0.728314
vt 0.585892 0.751096
vt 0.585892 0.728314
vt 0.585892 0.705532
vt 0.583036 0.751096
vt 0.583036 0.728314
vt 0.583036 0.728314
vt 0.505020 0.728314
vt 0.505020 0.751096
vt 0.505020 0.773878
vt 0.583036 0.773879
vt 0.585892 0.773878
vt 0.505020 0.785624
vt 0.583036 0.773878
vt 0.583036 0.785624
vt 0.585891 0.785624
vt 0.583036 0.788479
vt 0.583036 0.791143
vt 0.505020 0.788481
vt 0.505020 0.791142
vt 0.583036 0.796661
vt 0.505020 0.796661
vt 0.151882 0.921317
vt 0.151881 0.843301
vt 0.157399 0.843301
vt 0.157399 0.921317
vt 0.149219 0.843301
vt 0.454935 0.379109
vt 0.477718 0.379109
vt 0.454935 0.379109
vt 0.500500 0.379109
vt 0.500500 0.376253
vt 0.512245 0.376253
vt 0.512245 0.379108
vt 0.515101 0.376253
vt 0.515215 0.379198
vt 0.356015 0.372716
vt 0.358223 0.370148
vt 0.360960 0.368231
vt 0.359773 0.370057
vt 0.352770 0.375544
vt 0.355598 0.372299
vt 0.361954 0.366366
vt 0.363814 0.364507
vt 0.363807 0.364507
vt 0.089053 0.683833
vt 0.089053 0.683827
vt 0.094948 0.685682
vt 0.095101 0.683826
vt 0.952770 0.904050
vt 0.954619 0.903899
vt 0.954619 0.905332
vt 0.950929 0.901643
vt 0.954619 0.901620
vt 0.097354 0.687543
vt 0.097381 0.683826
vt 0.355626 0.341725
vt 0.355598 0.311151
vt 0.355598 0.311151
vt 0.358166 0.313359
vt 0.352770 0.307906
vt 0.356015 0.310734
vt 0.397625 0.307906
vt 0.409371 0.330688
vt 0.398334 0.329980
vt 0.398334 0.329980
vt 0.397626 0.307906
vt 0.401162 0.326735
vt 0.432153 0.330688
vt 0.401579 0.327152
vt 0.432153 0.327123
vt 0.403787 0.324583
vt 0.401579 0.327152
vt 0.406524 0.322666
vt 0.405337 0.324492
vt 0.405337 0.324492
vt 0.409378 0.318943
vt 0.861238 0.267158
vt 0.454935 0.330688
vt 0.454935 0.333545
vt 0.432153 0.333545
vt 0.409371 0.333545
vt 0.454935 0.336207
vt 0.432153 0.336207
vt 0.409371 0.336207
vt 0.397626 0.336208
vt 0.409371 0.341725
vt 0.397625 0.341725
vt 0.432153 0.341725
vt 0.683125 0.855414
vt 0.683125 0.843669
vt 0.683125 0.820887
vt 0.683125 0.798104
vt 0.454935 0.341725
vt 0.466681 0.336208
vt 0.466681 0.341725
vt 0.683125 0.786359
vt 0.683125 0.783521
vt 0.469595 0.336228
vt 0.469519 0.341725
vt 0.466681 0.333544
vt 0.469651 0.333634
vt 0.466681 0.330688
vt 0.469536 0.330688
vt 0.394787 0.341725
vt 0.394728 0.336225
vt 0.688623 0.858328
vt 0.683125 0.858252
vt 0.691216 0.858384
vt 0.691265 0.860950
vt 0.688905 0.860674
vt 0.683125 0.860440
vt 0.691324 0.866451
vt 0.689136 0.866451
vt 0.687790 0.866451
vt 0.392600 0.341725
vt 0.392368 0.335948
vt 0.391253 0.341725
vt 0.386589 0.335714
vt 0.980921 0.350434
vt 0.981152 0.356211
vt 0.979806 0.356211
vt 0.975142 0.350200
vt 0.980639 0.348088
vt 0.975142 0.348012
vt 0.918540 0.178105
vt 0.906795 0.178105
vt 0.946841 0.712422
vt 0.952360 0.712422
vt 0.944179 0.712422
vt 0.941323 0.712422
vt 0.356015 0.304370
vt 0.358223 0.301801
vt 0.360960 0.299884
vt 0.359773 0.301710
vt 0.355598 0.303953
vt 0.363814 0.296161
vt 0.906802 0.801474
vt 0.355598 0.265586
vt 0.918540 0.000000
vt 0.906795 0.000000
vt 0.439945 0.265170
vt 0.436187 0.267829
vt 0.060166 0.865708
vt 0.454935 0.285124
vt 0.443899 0.284415
vt 0.477718 0.285124
vt 0.443899 0.284415
vt 0.477718 0.284415
vt 0.500500 0.285124
vt 0.500500 0.284415
vt 0.500500 0.287980
vt 0.500500 0.290642
vt 0.477718 0.290642
vt 0.527316 0.290611
vt 0.500500 0.290642
vt 0.531074 0.287952
vt 0.534319 0.285124
vt 0.531074 0.287952
vt 0.528866 0.290520
vt 0.526129 0.292437
vt 0.527316 0.290611
vt 0.534319 0.285124
vt 0.531491 0.288369
vt 0.523275 0.296161
vt 0.500500 0.296161
vt 0.772178 0.752548
vt 0.772178 0.729773
vt 0.523282 0.284415
vt 0.534319 0.329980
vt 0.531491 0.326735
vt 0.500500 0.281559
vt 0.523282 0.281559
vt 0.535028 0.281560
vt 0.523282 0.278897
vt 0.535028 0.278896
vt 0.500500 0.278897
vt 0.477718 0.281559
vt 0.477718 0.278897
vt 0.477718 0.273378
vt 0.500500 0.273378
vt 0.523282 0.273378
vt 0.326914 0.797369
vt 0.326914 0.774587
vt 0.326914 0.820152
vt 0.535028 0.273378
vt 0.326914 0.831897
vt 0.537866 0.273378
vt 0.537925 0.278879
vt 0.332412 0.834811
vt 0.326914 0.834735
vt 0.335006 0.834867
vt 0.335054 0.837433
vt 0.332694 0.837157
vt 0.326914 0.836923
vt 0.335113 0.842934
vt 0.332925 0.842934
vt 0.331579 0.842934
vt 0.540054 0.273378
vt 0.540285 0.279155
vt 0.541400 0.273378
vt 0.546064 0.279389
vt 0.005780 0.948984
vt 0.006011 0.954761
vt 0.004665 0.954761
vt 0.000000 0.948750
vt 0.540567 0.281501
vt 0.546064 0.281577
vt 0.008199 0.954761
vt 0.005498 0.946638
vt 0.000000 0.946562
vt 0.537973 0.281446
vt 0.450902 0.278928
vt 0.450902 0.278928
vt 0.447143 0.281587
vt 0.534319 0.329980
vt 0.535028 0.329980
vt 0.829671 0.820895
vt 0.817926 0.820895
vt 0.535028 0.329980
vt 0.944179 0.267158
vt 0.653871 0.866635
vt 0.011037 0.860190
vt 0.089053 0.860189
vt 0.089053 0.865708
vt 0.011037 0.865708
vt 0.011037 0.857527
vt 0.089053 0.857528
vt 0.008091 0.857641
vt 0.011037 0.854671
vt 0.008181 0.854671
vt 0.005517 0.854671
vt 0.000000 0.854671
vt 0.005518 0.842926
vt 0.443899 0.256114
vt 0.443899 0.250596
vt 0.011037 0.842926
vt 0.089053 0.854671
vt 0.089053 0.842926
vt 0.089053 0.820143
vt 0.355598 0.258388
vt 0.352770 0.261633
vt 0.358223 0.256237
vt 0.356015 0.258805
vt 0.358257 0.254630
vt 0.360111 0.253479
vt 0.510569 0.611078
vt 0.510730 0.612271
vt 0.505020 0.615112
vt 0.513229 0.607320
vt 0.513294 0.609539
vt 0.513324 0.611421
vt 0.510917 0.613262
vt 0.513348 0.615112
vt 0.511068 0.615112
vt 0.509635 0.615112
vt 0.361954 0.252455
vt 0.363807 0.250596
vt 0.005895 0.776435
vt 0.000000 0.774580
vt 0.006048 0.774579
vt 0.360960 0.254320
vt 0.363814 0.250596
vt 0.000000 0.774586
vt 0.008301 0.778297
vt 0.008328 0.774579
vt 0.359773 0.256146
vt 0.594072 0.432854
vt 0.594072 0.410072
vt 0.516056 0.432854
vt 0.516056 0.410072
vt 0.594072 0.398326
vt 0.516056 0.410072
vt 0.516056 0.398326
vt 0.516056 0.395483
vt 0.594072 0.395470
vt 0.516056 0.392831
vt 0.594072 0.392808
vt 0.516056 0.387290
vt 0.594072 0.387290
vt 0.861230 0.273754
vt 0.783214 0.273754
vt 0.783214 0.268213
vt 0.861230 0.268236
vt 0.783214 0.265561
vt 0.861230 0.265574
vt 0.783214 0.262717
vt 0.861230 0.262717
vt 0.861230 0.250972
vt 0.783214 0.250972
vt 0.780387 0.265962
vt 0.780358 0.250972
vt 0.780452 0.268181
vt 0.777888 0.270913
vt 0.777727 0.269720
vt 0.777696 0.250972
vt 0.780358 0.228190
vt 0.783214 0.228190
vt 0.777696 0.228190
vt 0.772178 0.250972
vt 0.772178 0.228190
vt 0.772178 0.273754
vt 0.386589 0.017256
vt 0.409371 0.017256
vt 0.409371 0.022774
vt 0.386589 0.022774
vt 0.363807 0.022774
vt 0.359773 0.017225
vt 0.386589 0.017256
vt 0.360924 0.019078
vt 0.356015 0.014565
vt 0.386589 0.014594
vt 0.358166 0.017191
vt 0.361948 0.020922
vt 0.360083 0.019927
vt 0.363807 0.022775
vt 0.363807 0.022781
vt 0.510706 0.390166
vt 0.505020 0.387297
vt 0.505020 0.387290
vt 0.510915 0.389145
vt 0.505020 0.387290
vt 0.511068 0.387290
vt 0.778075 0.271904
vt 0.778226 0.273754
vt 0.776793 0.273754
vt 0.513321 0.391007
vt 0.513348 0.387290
vt 0.780482 0.270064
vt 0.780506 0.273754
vt 0.513271 0.392919
vt 0.513229 0.395082
vt 0.510569 0.391323
vt 0.513200 0.410072
vt 0.510538 0.410072
vt 0.505020 0.410072
vt 0.363807 0.045556
vt 0.358288 0.045556
vt 0.358257 0.018741
vt 0.355626 0.045556
vt 0.355598 0.014982
vt 0.358257 0.018741
vt 0.355598 0.014982
vt 0.352770 0.011737
vt 0.352770 0.011738
vt 0.352770 0.022774
vt 0.363807 0.011037
vt 0.352770 0.011737
vt 0.352770 0.011037
vt 0.386589 0.011737
vt 0.363807 0.011037
vt 0.386589 0.011037
vt 0.386589 0.011737
vt 0.409371 0.011737
vt 0.409371 0.014594
vt 0.386589 0.014594
vt 0.386589 0.011037
vt 0.409371 0.011037
vt 0.432153 0.014594
vt 0.409371 0.014594
vt 0.409371 0.011737
vt 0.432153 0.011737
vt 0.432153 0.017256
vt 0.409371 0.017256
vt 0.432153 0.014594
vt 0.454936 0.014594
vt 0.454936 0.017256
vt 0.432153 0.017256
vt 0.432153 0.011737
vt 0.454936 0.011737
vt 0.454936 0.022774
vt 0.432153 0.022774
vt 0.772178 0.205407
vt 0.772178 0.182625
vt 0.777696 0.182625
vt 0.777696 0.205407
vt 0.780358 0.182625
vt 0.780358 0.205407
vt 0.783214 0.182625
vt 0.783214 0.205407
vt 0.861230 0.205407
vt 0.861230 0.228190
vt 0.861230 0.182625
vt 0.861230 0.159843
vt 0.783214 0.182625
vt 0.783214 0.159843
vt 0.780358 0.159843
vt 0.861230 0.148097
vt 0.783214 0.148097
vt 0.780387 0.144853
vt 0.777696 0.159843
vt 0.777727 0.141094
vt 0.772178 0.159843
vt 0.772178 0.137061
vt 0.477718 0.017256
vt 0.504534 0.017225
vt 0.500500 0.022774
vt 0.477718 0.022774
vt 0.454936 0.017256
vt 0.477718 0.017256
vt 0.477718 0.014594
vt 0.508292 0.014565
vt 0.454936 0.014594
vt 0.477718 0.014594
vt 0.477718 0.011737
vt 0.511537 0.011737
vt 0.454936 0.011737
vt 0.477718 0.011737
vt 0.454936 0.011037
vt 0.477718 0.011037
vt 0.477718 0.011037
vt 0.500500 0.011037
vt 0.512245 0.056593
vt 0.511537 0.056593
vt 0.511537 0.011738
vt 0.512245 0.022774
vt 0.511537 0.011737
vt 0.500500 0.011037
vt 0.512245 0.011037
vt 0.508709 0.053348
vt 0.508709 0.014982
vt 0.506084 0.017134
vt 0.508292 0.014565
vt 0.506049 0.018741
vt 0.504196 0.019891
vt 0.506049 0.049590
vt 0.508709 0.053348
vt 0.506140 0.051140
vt 0.504223 0.048403
vt 0.506049 0.049590
vt 0.511537 0.056593
vt 0.508292 0.053765
vt 0.500500 0.045549
vt 0.500500 0.045556
vt 0.975142 0.356211
vt 0.952359 0.356211
vt 0.956393 0.350662
vt 0.971108 0.350662
vt 0.952366 0.356211
vt 0.955236 0.350524
vt 0.972301 0.350501
vt 0.967349 0.348002
vt 0.969569 0.347936
vt 0.960151 0.348002
vt 0.964105 0.345174
vt 0.966948 0.345174
vt 0.963396 0.345174
vt 0.957989 0.347960
vt 0.960553 0.345174
vt 0.956077 0.347910
vt 0.957901 0.345174
vt 0.954215 0.350316
vt 0.952359 0.347883
vt 0.952359 0.345174
vt 0.952359 0.350163
vt 0.366938 0.920950
vt 0.372479 0.920950
vt 0.372479 0.923659
vt 0.368788 0.923683
vt 0.372479 0.925938
vt 0.370629 0.926089
vt 0.364285 0.920950
vt 0.366906 0.923712
vt 0.369638 0.926277
vt 0.372479 0.931987
vt 0.372479 0.927371
vt 0.503383 0.049252
vt 0.502359 0.047409
vt 0.500500 0.045556
vt 0.952360 0.356211
vt 0.504534 0.051106
vt 0.477718 0.053737
vt 0.477718 0.051075
vt 0.477718 0.045556
vt 0.465972 0.053738
vt 0.465972 0.051074
vt 0.465972 0.045556
vt 0.463058 0.051054
vt 0.463134 0.045556
vt 0.463002 0.053648
vt 0.349696 0.931987
vt 0.337951 0.931987
vt 0.337951 0.926469
vt 0.349696 0.926468
vt 0.335113 0.931987
vt 0.335054 0.926486
vt 0.332925 0.931987
vt 0.332694 0.926210
vt 0.460712 0.051336
vt 0.460946 0.045556
vt 0.331579 0.931987
vt 0.326914 0.925976
vt 0.454935 0.051567
vt 0.454935 0.050221
vt 0.460436 0.053696
vt 0.454935 0.053755
vt 0.988882 0.617871
vt 0.991228 0.617589
vt 0.990994 0.623369
vt 0.988806 0.623369
vt 0.997005 0.617358
vt 0.997005 0.618704
vt 0.991505 0.615230
vt 0.997005 0.615170
vt 0.988938 0.615278
vt 0.332412 0.923864
vt 0.326914 0.923788
vt 0.332432 0.920950
vt 0.326914 0.920950
vt 0.991488 0.612332
vt 0.997005 0.612332
vt 0.332433 0.842934
vt 0.326914 0.842934
vt 0.997005 0.534316
vt 0.991487 0.534316
vt 0.988824 0.612332
vt 0.988825 0.534316
vt 0.985968 0.612332
vt 0.985968 0.534316
vt 0.985260 0.534316
vt 0.985260 0.612332
vt 0.985968 0.615188
vt 0.985260 0.615188
vt 0.985968 0.617851
vt 0.985260 0.617851
vt 0.982314 0.615302
vt 0.982404 0.612332
vt 0.982362 0.617868
vt 0.985260 0.623369
vt 0.982422 0.623369
vt 0.985968 0.623369
vt 0.460453 0.057302
vt 0.460433 0.060216
vt 0.454935 0.060140
vt 0.454935 0.057302
vt 0.460453 0.056593
vt 0.454935 0.056593
vt 0.463117 0.056593
vt 0.463117 0.057302
vt 0.465972 0.056593
vt 0.465972 0.057302
vt 0.463027 0.060272
vt 0.465972 0.060157
vt 0.477718 0.057302
vt 0.477718 0.060158
vt 0.477718 0.056593
vt 0.465972 0.062821
vt 0.463075 0.062838
vt 0.477718 0.062820
vt 0.500500 0.057302
vt 0.500500 0.060158
vt 0.477718 0.060158
vt 0.500500 0.062820
vt 0.523282 0.060158
vt 0.500500 0.060158
vt 0.523282 0.057302
vt 0.523282 0.062820
vt 0.523282 0.060158
vt 0.546064 0.060158
vt 0.546064 0.062820
vt 0.546064 0.057302
vt 0.546064 0.068339
vt 0.523282 0.068339
vt 0.500500 0.068339
vt 0.772178 0.319502
vt 0.772178 0.296720
vt 0.777696 0.296720
vt 0.777696 0.319502
vt 0.777696 0.319502
vt 0.777696 0.342284
vt 0.772178 0.342284
vt 0.477718 0.068339
vt 0.772178 0.365067
vt 0.777696 0.365067
vt 0.780358 0.342284
vt 0.780358 0.365067
vt 0.780358 0.319502
vt 0.783214 0.342284
vt 0.783214 0.365067
vt 0.783214 0.319502
vt 0.780358 0.296720
vt 0.783214 0.296720
vt 0.861230 0.319502
vt 0.861230 0.342284
vt 0.861230 0.296720
vt 0.861230 0.284791
vt 0.783214 0.284791
vt 0.780358 0.296720
vt 0.780387 0.281546
vt 0.783214 0.281947
vt 0.861230 0.281934
vt 0.780429 0.279383
vt 0.780479 0.277472
vt 0.783214 0.279295
vt 0.861230 0.279272
vt 0.969601 0.434227
vt 0.969623 0.356211
vt 0.975142 0.434227
vt 0.975142 0.436936
vt 0.971451 0.436960
vt 0.966948 0.434227
vt 0.966961 0.356211
vt 0.969569 0.436989
vt 0.973292 0.439366
vt 0.972301 0.439554
vt 0.975142 0.439215
vt 0.975142 0.445264
vt 0.975142 0.440648
vt 0.572726 0.065456
vt 0.569030 0.068339
vt 0.570883 0.066480
vt 0.569029 0.068339
vt 0.778073 0.275610
vt 0.772178 0.273755
vt 0.571877 0.064615
vt 0.569023 0.068339
vt 0.777864 0.276631
vt 0.772178 0.273761
vt 0.777727 0.277788
vt 0.573064 0.062789
vt 0.573064 0.062789
vt 0.576822 0.060130
vt 0.574614 0.062698
vt 0.546064 0.060158
vt 0.576822 0.060130
vt 0.580067 0.057302
vt 0.577239 0.060547
vt 0.580067 0.057302
vt 0.580959 0.091121
vt 0.580067 0.102157
vt 0.580959 0.057302
vt 0.580959 0.057302
vt 0.580067 0.057302
vt 0.569030 0.056593
vt 0.591996 0.056593
vt 0.546064 0.056593
vt 0.577239 0.098913
vt 0.574580 0.064305
vt 0.574580 0.095154
vt 0.577239 0.098913
vt 0.574671 0.096704
vt 0.572754 0.093968
vt 0.574580 0.095154
vt 0.580067 0.102157
vt 0.576822 0.099330
vt 0.569030 0.091114
vt 0.569030 0.091121
vt 0.956393 0.439714
vt 0.971108 0.439714
vt 0.952359 0.445264
vt 0.952366 0.445264
vt 0.955236 0.439577
vt 0.967349 0.437055
vt 0.960151 0.437055
vt 0.964105 0.434227
vt 0.963396 0.434227
vt 0.957989 0.437012
vt 0.960553 0.434227
vt 0.956077 0.436962
vt 0.957901 0.434227
vt 0.954215 0.439369
vt 0.952359 0.436936
vt 0.952359 0.434227
vt 0.952359 0.439215
vt 0.783214 0.496403
vt 0.783214 0.501944
vt 0.780506 0.501944
vt 0.780482 0.498253
vt 0.778226 0.501944
vt 0.778075 0.500094
vt 0.776793 0.501944
vt 0.772178 0.501944
vt 0.952360 0.445264
vt 0.570889 0.092973
vt 0.569030 0.091120
vt 0.571913 0.094817
vt 0.573064 0.096670
vt 0.777888 0.499103
vt 0.777727 0.497910
vt 0.777696 0.478978
vt 0.772178 0.478978
vt 0.546064 0.091121
vt 0.546064 0.096639
vt 0.777696 0.456196
vt 0.772178 0.456195
vt 0.523282 0.091121
vt 0.546064 0.096639
vt 0.523282 0.096639
vt 0.772178 0.433413
vt 0.777696 0.433413
vt 0.777696 0.456195
vt 0.523282 0.096639
vt 0.500500 0.096639
vt 0.500500 0.091121
vt 0.780358 0.433413
vt 0.780358 0.456195
vt 0.780358 0.478978
vt 0.783214 0.433413
vt 0.783214 0.456195
vt 0.783214 0.478978
vt 0.780387 0.494152
vt 0.783214 0.490907
vt 0.861230 0.478978
vt 0.861230 0.490907
vt 0.861230 0.456195
vt 0.861230 0.493763
vt 0.783214 0.493750
vt 0.780452 0.496371
vt 0.861230 0.496425
vt 0.861230 0.501944
vt 0.957878 0.356211
vt 0.952359 0.356211
vt 0.960540 0.356211
vt 0.963396 0.356211
vt 0.964105 0.356211
vt 0.861230 0.433413
vt 0.861230 0.410631
vt 0.783214 0.410631
vt 0.780358 0.410631
vt 0.861230 0.398886
vt 0.783214 0.398885
vt 0.780359 0.398886
vt 0.777696 0.410631
vt 0.777695 0.398886
vt 0.777696 0.410631
vt 0.772178 0.410631
vt 0.772178 0.398886
vt 0.477718 0.096639
vt 0.465972 0.096638
vt 0.465972 0.091121
vt 0.477718 0.091121
vt 0.500500 0.096639
vt 0.477718 0.096639
vt 0.477718 0.099301
vt 0.465972 0.099302
vt 0.500500 0.099301
vt 0.477718 0.099301
vt 0.523282 0.099301
vt 0.500500 0.099301
vt 0.500500 0.102157
vt 0.477718 0.102157
vt 0.523282 0.102157
vt 0.523282 0.099301
vt 0.546064 0.099301
vt 0.546064 0.102157
vt 0.546064 0.099301
vt 0.546064 0.102866
vt 0.523282 0.102866
vt 0.569030 0.102866
vt 0.546064 0.105723
vt 0.523282 0.105723
vt 0.569030 0.105723
vt 0.546064 0.108385
vt 0.523282 0.108385
vt 0.569030 0.108385
vt 0.546064 0.108385
vt 0.580960 0.105722
vt 0.580959 0.108386
vt 0.569030 0.108385
vt 0.580959 0.102866
vt 0.580959 0.113903
vt 0.569030 0.113903
vt 0.546064 0.113903
vt 0.861230 0.114095
vt 0.861230 0.126024
vt 0.855713 0.126024
vt 0.855712 0.114095
vt 0.855712 0.091129
vt 0.861230 0.091129
vt 0.523282 0.113903
vt 0.861230 0.068347
vt 0.855712 0.068347
vt 0.853050 0.091129
vt 0.853050 0.068347
vt 0.853050 0.114095
vt 0.850194 0.091129
vt 0.850194 0.068347
vt 0.850194 0.114095
vt 0.850194 0.091129
vt 0.853049 0.126024
vt 0.850194 0.126024
vt 0.772178 0.114095
vt 0.772178 0.091129
vt 0.772178 0.126024
vt 0.850194 0.128880
vt 0.772178 0.128881
vt 0.853163 0.128969
vt 0.853108 0.131563
vt 0.850194 0.131543
vt 0.772178 0.131542
vt 0.850194 0.137061
vt 0.901277 0.790438
vt 0.901276 0.712422
vt 0.906795 0.712422
vt 0.906795 0.790438
vt 0.906795 0.793276
vt 0.901294 0.793335
vt 0.853032 0.137061
vt 0.906795 0.795464
vt 0.901018 0.795695
vt 0.855453 0.131281
vt 0.855220 0.137061
vt 0.855730 0.128921
vt 0.861230 0.128862
vt 0.861230 0.131050
vt 0.861230 0.132396
vt 0.586219 0.108123
vt 0.591996 0.107892
vt 0.591996 0.109238
vt 0.585985 0.113903
vt 0.583873 0.108405
vt 0.583798 0.113903
vt 0.906795 0.796810
vt 0.900784 0.801474
vt 0.898672 0.795977
vt 0.898596 0.801474
vt 0.586496 0.105764
vt 0.591996 0.105704
vt 0.898728 0.793383
vt 0.895758 0.793293
vt 0.895758 0.795957
vt 0.895758 0.801474
vt 0.884013 0.793294
vt 0.884013 0.795956
vt 0.884013 0.801474
vt 0.865264 0.795925
vt 0.869022 0.793266
vt 0.861230 0.801474
vt 0.872267 0.790438
vt 0.884013 0.790438
vt 0.884013 0.790438
vt 0.895758 0.790438
vt 0.884013 0.712422
vt 0.895758 0.712422
vt 0.872267 0.712422
vt 0.869424 0.790438
vt 0.869411 0.712422
vt 0.866859 0.793223
vt 0.864948 0.793173
vt 0.866771 0.790438
vt 0.866749 0.712422
vt 0.861230 0.790438
vt 0.861230 0.712422
vt 0.415967 0.751647
vt 0.493983 0.751647
vt 0.493983 0.757188
vt 0.415967 0.757166
vt 0.493983 0.759841
vt 0.415967 0.759827
vt 0.493983 0.762684
vt 0.415967 0.762684
vt 0.415967 0.774613
vt 0.493983 0.774613
vt 0.496811 0.759439
vt 0.496839 0.774613
vt 0.496745 0.757220
vt 0.499310 0.754488
vt 0.499470 0.755681
vt 0.499501 0.774613
vt 0.499501 0.774613
vt 0.499501 0.797579
vt 0.496839 0.797579
vt 0.493983 0.797579
vt 0.499501 0.797579
vt 0.499501 0.820178
vt 0.496839 0.820178
vt 0.493983 0.820178
vt 0.496838 0.831739
vt 0.493983 0.831739
vt 0.499501 0.820178
vt 0.499502 0.831739
vt 0.415967 0.820178
vt 0.415967 0.797579
vt 0.415967 0.831739
vt 0.493983 0.834595
vt 0.415967 0.834596
vt 0.496953 0.834685
vt 0.496897 0.837279
vt 0.493983 0.837259
vt 0.415967 0.837258
vt 0.493983 0.842776
vt 0.415967 0.842776
vt 0.975142 0.712422
vt 0.975142 0.790438
vt 0.969624 0.790438
vt 0.969623 0.712422
vt 0.966960 0.790438
vt 0.966961 0.712422
vt 0.964105 0.790438
vt 0.964105 0.712422
vt 0.963396 0.712422
vt 0.963396 0.790438
vt 0.964105 0.793293
vt 0.963396 0.793293
vt 0.967075 0.793383
vt 0.967019 0.795977
vt 0.964105 0.795957
vt 0.963396 0.795957
vt 0.960451 0.793407
vt 0.960541 0.790438
vt 0.960499 0.795974
vt 0.963396 0.801474
vt 0.960558 0.801474
vt 0.964105 0.801474
vt 0.677608 0.056593
vt 0.677628 0.053679
vt 0.683125 0.053755
vt 0.683125 0.056593
vt 0.677608 0.057302
vt 0.683125 0.057302
vt 0.683125 0.060140
vt 0.677625 0.060199
vt 0.966943 0.801474
vt 0.683125 0.062328
vt 0.677348 0.062559
vt 0.969364 0.795695
vt 0.969131 0.801474
vt 0.969641 0.793335
vt 0.975142 0.793276
vt 0.975142 0.795464
vt 0.975142 0.796810
vt 0.499243 0.836997
vt 0.505020 0.836765
vt 0.505020 0.838112
vt 0.499009 0.842776
vt 0.496821 0.842776
vt 0.683125 0.063674
vt 0.677114 0.068339
vt 0.675002 0.062841
vt 0.674926 0.068339
vt 0.499519 0.834637
vt 0.505020 0.834578
vt 0.675058 0.060247
vt 0.672088 0.060157
vt 0.672088 0.062821
vt 0.672088 0.068339
vt 0.660527 0.060158
vt 0.660527 0.062820
vt 0.660527 0.068339
vt 0.637928 0.060158
vt 0.660527 0.060158
vt 0.637928 0.062820
vt 0.637928 0.068339
vt 0.614962 0.060158
vt 0.637928 0.060158
vt 0.614962 0.062820
vt 0.614962 0.068339
vt 0.505020 0.774613
vt 0.505020 0.797579
vt 0.505020 0.820178
vt 0.587963 0.062789
vt 0.591996 0.068339
vt 0.505020 0.751647
vt 0.591996 0.068339
vt 0.589113 0.064642
vt 0.590137 0.066486
vt 0.499122 0.753497
vt 0.496716 0.755338
vt 0.496692 0.751647
vt 0.498972 0.751647
vt 0.500404 0.751647
vt 0.863086 0.795579
vt 0.861231 0.801474
vt 0.861230 0.795426
vt 0.861230 0.793147
vt 0.591996 0.068339
vt 0.588273 0.065492
vt 0.591996 0.068346
vt 0.864107 0.795788
vt 0.861237 0.801474
vt 0.586356 0.062755
vt 0.583787 0.060546
vt 0.586447 0.064305
vt 0.583816 0.091121
vt 0.583787 0.060547
vt 0.586447 0.064305
vt 0.586478 0.091121
vt 0.591996 0.091121
vt 0.586479 0.102866
vt 0.583815 0.102866
vt 0.583816 0.091121
vt 0.591996 0.102866
vt 0.583929 0.105812
vt 0.580067 0.102157
vt 0.580960 0.057302
vt 0.584204 0.060130
vt 0.614962 0.057302
vt 0.614962 0.060158
vt 0.637928 0.057302
vt 0.614962 0.056593
vt 0.637928 0.056593
vt 0.614962 0.053737
vt 0.637928 0.053737
vt 0.591996 0.053737
vt 0.614962 0.051075
vt 0.637928 0.051075
vt 0.591996 0.051075
vt 0.569030 0.053737
vt 0.569030 0.051075
vt 0.569030 0.045556
vt 0.591996 0.045556
vt 0.614962 0.045556
vt 0.683125 0.684193
vt 0.683125 0.661227
vt 0.688643 0.661227
vt 0.688643 0.684193
vt 0.683125 0.707159
vt 0.688643 0.707159
vt 0.637928 0.045556
vt 0.683125 0.730125
vt 0.688643 0.730125
vt 0.691305 0.707159
vt 0.691305 0.730125
vt 0.691305 0.684193
vt 0.694162 0.707159
vt 0.694162 0.730125
vt 0.694162 0.684193
vt 0.691305 0.661227
vt 0.694162 0.661227
vt 0.772178 0.684193
vt 0.772178 0.707159
vt 0.772178 0.661227
vt 0.772178 0.638261
vt 0.694162 0.638261
vt 0.691305 0.638261
vt 0.772178 0.626516
vt 0.694162 0.638261
vt 0.694162 0.626516
vt 0.691334 0.623271
vt 0.688643 0.638261
vt 0.688674 0.619513
vt 0.688643 0.661227
vt 0.683125 0.638261
vt 0.683125 0.615479
vt 0.546064 0.051075
vt 0.519248 0.051106
vt 0.523282 0.045556
vt 0.546064 0.045556
vt 0.546064 0.053737
vt 0.515490 0.053765
vt 0.512245 0.056593
vt 0.511537 0.056593
vt 0.512246 0.056593
vt 0.515102 0.022774
vt 0.515073 0.053348
vt 0.517699 0.051197
vt 0.515490 0.053765
vt 0.517733 0.049590
vt 0.519586 0.048439
vt 0.517764 0.022774
vt 0.515101 0.011037
vt 0.515102 0.022774
vt 0.517765 0.011037
vt 0.515191 0.008067
vt 0.517785 0.008123
vt 0.512245 0.008181
vt 0.523282 0.008199
vt 0.523282 0.011037
vt 0.523282 0.022774
vt 0.694162 0.949986
vt 0.705899 0.949985
vt 0.705899 0.955504
vt 0.694162 0.955504
vt 0.691324 0.955504
vt 0.691265 0.950003
vt 0.728681 0.955504
vt 0.724648 0.949954
vt 0.705899 0.947324
vt 0.720889 0.947295
vt 0.694162 0.947322
vt 0.705899 0.944467
vt 0.717645 0.944467
vt 0.694162 0.944467
vt 0.691216 0.947437
vt 0.691306 0.944467
vt 0.688623 0.947381
vt 0.688643 0.944467
vt 0.688905 0.949727
vt 0.683125 0.947305
vt 0.683125 0.944467
vt 0.683125 0.949493
vt 0.493983 0.575616
vt 0.493983 0.570098
vt 0.496821 0.570098
vt 0.496880 0.575599
vt 0.499009 0.570098
vt 0.499240 0.575875
vt 0.493983 0.578280
vt 0.496928 0.578166
vt 0.499522 0.578221
vt 0.505020 0.576109
vt 0.505020 0.578297
vt 0.500355 0.570098
vt 0.515143 0.005501
vt 0.515084 0.000000
vt 0.517271 0.000000
vt 0.517503 0.005777
vt 0.518618 0.000000
vt 0.523282 0.006011
vt 0.689136 0.955504
vt 0.687790 0.955504
vt 0.512245 0.005517
vt 0.512245 0.000000
vt 0.500500 0.008180
vt 0.500500 0.005518
vt 0.500500 0.000000
vt 0.500500 0.008180
vt 0.477718 0.008180
vt 0.477718 0.005518
vt 0.500500 0.005518
vt 0.477718 0.000000
vt 0.477718 0.005518
vt 0.454936 0.005518
vt 0.454936 0.000000
vt 0.477718 0.008180
vt 0.454936 0.008180
vt 0.505020 0.615663
vt 0.505020 0.638445
vt 0.499501 0.638445
vt 0.499501 0.615663
vt 0.505020 0.592881
vt 0.499501 0.592881
vt 0.496839 0.638445
vt 0.496839 0.615663
vt 0.496839 0.592881
vt 0.505020 0.581135
vt 0.499502 0.581135
vt 0.496839 0.581135
vt 0.493983 0.592881
vt 0.493983 0.581135
vt 0.493983 0.615663
vt 0.493983 0.592881
vt 0.415967 0.592881
vt 0.415967 0.581135
vt 0.415967 0.615663
vt 0.415967 0.578279
vt 0.415967 0.575617
vt 0.415967 0.570098
vt 0.688643 0.866451
vt 0.683125 0.866451
vt 0.691305 0.866451
vt 0.694162 0.866451
vt 0.705899 0.866451
vt 0.717645 0.866451
vt 0.720501 0.866451
vt 0.720488 0.944467
vt 0.723163 0.866451
vt 0.723140 0.944467
vt 0.728681 0.866451
vt 0.728681 0.944467
vt 0.694162 0.615479
vt 0.772178 0.615479
vt 0.772178 0.620998
vt 0.694162 0.621020
vt 0.772178 0.623659
vt 0.694162 0.623673
vt 0.691376 0.621108
vt 0.691426 0.619197
vt 0.688811 0.618356
vt 0.689020 0.617335
vt 0.691453 0.615479
vt 0.689173 0.615479
vt 0.728681 0.947176
vt 0.724991 0.947200
vt 0.728681 0.949456
vt 0.726832 0.949606
vt 0.728681 0.950888
vt 0.683125 0.615480
vt 0.521430 0.047415
vt 0.523283 0.045556
vt 0.520435 0.049280
vt 0.523289 0.045556
vt 0.683125 0.615486
vt 0.519249 0.051106
vt 0.725840 0.949794
vt 0.723109 0.947229
vt 0.415967 0.638445
vt 0.493983 0.615663
vt 0.493983 0.638445
vt 0.415967 0.661227
vt 0.493983 0.638445
vt 0.493983 0.661227
vt 0.496839 0.661227
vt 0.499501 0.661227
vt 0.496839 0.684010
vt 0.493983 0.684010
vt 0.493983 0.661227
vt 0.499501 0.661227
vt 0.499501 0.684010
vt 0.505020 0.661227
vt 0.505020 0.684010
vt 0.432153 0.005518
vt 0.409371 0.005518
vt 0.409371 0.000000
vt 0.432153 0.000000
vt 0.454936 0.005518
vt 0.432153 0.005518
vt 0.432153 0.008180
vt 0.409371 0.008180
vt 0.454936 0.008180
vt 0.432153 0.008180
vt 0.432153 0.011037
vt 0.409371 0.011037
vt 0.454936 0.011037
vt 0.432153 0.011037
vt 0.386589 0.008180
vt 0.409371 0.008180
vt 0.386589 0.005518
vt 0.409371 0.005518
vt 0.386589 0.008180
vt 0.363807 0.008180
vt 0.363807 0.005518
vt 0.386589 0.005518
vt 0.363807 0.000000
vt 0.386589 0.000000
vt 0.505020 0.706792
vt 0.505020 0.729574
vt 0.499501 0.729574
vt 0.499501 0.706792
vt 0.496839 0.729574
vt 0.496839 0.706792
vt 0.493983 0.729574
vt 0.493983 0.706792
vt 0.493983 0.706792
vt 0.493983 0.684010
vt 0.415967 0.706792
vt 0.415967 0.684010
vt 0.415967 0.729574
vt 0.415967 0.740611
vt 0.493983 0.729574
vt 0.493983 0.740611
vt 0.496838 0.740611
vt 0.493983 0.743466
vt 0.415967 0.743467
vt 0.496953 0.743556
vt 0.496897 0.746150
vt 0.493983 0.746130
vt 0.415967 0.746129
vt 0.493983 0.751647
vt 0.415967 0.751647
vt 0.694162 0.381772
vt 0.772178 0.381771
vt 0.772178 0.387290
vt 0.694162 0.387290
vt 0.691324 0.387290
vt 0.691264 0.381789
vt 0.496821 0.751647
vt 0.689136 0.387290
vt 0.688905 0.381513
vt 0.499243 0.745868
vt 0.499009 0.751647
vt 0.499519 0.743508
vt 0.505020 0.743449
vt 0.505020 0.745637
vt 0.505020 0.746983
vt 0.347510 0.005780
vt 0.341733 0.006011
vt 0.341733 0.004665
vt 0.347744 0.000000
vt 0.349856 0.005498
vt 0.349932 0.000000
vt 0.687790 0.387290
vt 0.683125 0.381279
vt 0.688623 0.379167
vt 0.683125 0.379091
vt 0.347234 0.008139
vt 0.341733 0.008199
vt 0.691216 0.379222
vt 0.691306 0.376253
vt 0.688643 0.376253
vt 0.683125 0.376253
vt 0.691305 0.364515
vt 0.688643 0.364515
vt 0.683125 0.364515
vt 0.688643 0.364515
vt 0.341733 0.022774
vt 0.347252 0.022774
vt 0.341733 0.011037
vt 0.347251 0.011037
vt 0.349913 0.022774
vt 0.349914 0.011037
vt 0.349800 0.008091
vt 0.352770 0.008181
vt 0.352770 0.005517
vt 0.352770 0.000000
vt 0.363807 0.008180
vt 0.363807 0.005518
vt 0.499502 0.740611
vt 0.505020 0.740611
vt 0.694162 0.364515
vt 0.694162 0.376253
vt 0.772178 0.364515
vt 0.772178 0.376253
vt 0.772178 0.379109
vt 0.694162 0.379108
vt 0.772178 0.730125
vt 0.772178 0.752724
vt 0.694162 0.752724
vt 0.694162 0.730125
vt 0.772178 0.764285
vt 0.694162 0.764285
vt 0.691306 0.764285
vt 0.691305 0.752724
vt 0.688643 0.752724
vt 0.688643 0.764285
vt 0.688643 0.752724
vt 0.691216 0.767255
vt 0.688623 0.767199
vt 0.694162 0.767141
vt 0.683125 0.767123
vt 0.683125 0.764285
vt 0.683125 0.752724
vt 0.672088 0.051074
vt 0.660527 0.051075
vt 0.660527 0.045556
vt 0.672088 0.045556
vt 0.674926 0.045556
vt 0.674986 0.051057
vt 0.660527 0.053737
vt 0.672088 0.053738
vt 0.660527 0.056593
vt 0.672088 0.056593
vt 0.675034 0.053623
vt 0.674944 0.056593
vt 0.677346 0.051333
vt 0.683125 0.051567
vt 0.677114 0.045556
vt 0.678460 0.045556
vt 0.958370 0.801474
vt 0.958139 0.795698
vt 0.957024 0.801474
vt 0.952359 0.795464
vt 0.688905 0.769545
vt 0.689136 0.775322
vt 0.687790 0.775322
vt 0.683125 0.769311
vt 0.957857 0.793352
vt 0.952359 0.793276
vt 0.691265 0.769822
vt 0.694162 0.769805
vt 0.694162 0.775322
vt 0.772178 0.769804
vt 0.772178 0.767142
vt 0.957878 0.712422
vt 0.957877 0.790438
vt 0.952359 0.790438
vt 0.952359 0.712422
vt 0.960540 0.712422
vt 0.672088 0.057302
vt 0.674944 0.057302
vt 0.660527 0.057302
vt 0.505020 0.831739
vt 0.898615 0.712422
vt 0.898614 0.790438
vt 0.772178 0.068347
vt 0.772178 0.045564
vt 0.850194 0.045564
vt 0.853050 0.045564
vt 0.853050 0.022782
vt 0.850194 0.045564
vt 0.850194 0.022782
vt 0.772178 0.022782
vt 0.855712 0.045564
vt 0.855712 0.022782
vt 0.855713 0.011037
vt 0.853049 0.011037
vt 0.850194 0.022782
vt 0.850194 0.011037
vt 0.853139 0.008067
vt 0.855733 0.008123
vt 0.850194 0.008181
vt 0.861231 0.008199
vt 0.861230 0.011037
vt 0.861230 0.022782
vt 0.465972 0.108386
vt 0.477718 0.108385
vt 0.477718 0.113903
vt 0.465972 0.113903
vt 0.463134 0.113903
vt 0.463075 0.108403
vt 0.861230 0.045564
vt 0.477718 0.108385
vt 0.500500 0.108385
vt 0.500500 0.113903
vt 0.477718 0.105723
vt 0.500500 0.105723
vt 0.465972 0.105722
vt 0.477718 0.102866
vt 0.500500 0.102866
vt 0.465972 0.102866
vt 0.463027 0.105836
vt 0.463117 0.102866
vt 0.460433 0.105780
vt 0.460453 0.102866
vt 0.460715 0.108126
vt 0.454935 0.105704
vt 0.454935 0.102866
vt 0.454935 0.107892
vt 0.940614 0.261641
vt 0.937776 0.267158
vt 0.937717 0.261658
vt 0.935588 0.267158
vt 0.935357 0.261381
vt 0.934242 0.267158
vt 0.929577 0.261147
vt 0.460946 0.113903
vt 0.459600 0.113903
vt 0.855451 0.005777
vt 0.855220 0.000000
vt 0.856566 0.000000
vt 0.861230 0.006011
vt 0.853091 0.005501
vt 0.853032 0.000000
vt 0.850194 0.005517
vt 0.850194 0.000000
vt 0.935075 0.259035
vt 0.929577 0.258960
vt 0.935095 0.256121
vt 0.929577 0.256121
vt 0.935095 0.178105
vt 0.929577 0.178105
vt 0.772178 0.000000
vt 0.772178 0.005518
vt 0.772178 0.008180
vt 0.772178 0.011037
vt 0.937757 0.178105
vt 0.937758 0.256121
vt 0.940614 0.178105
vt 0.940614 0.256121
vt 0.941323 0.178105
vt 0.941323 0.256121
vt 0.941323 0.258977
vt 0.940614 0.258977
vt 0.937669 0.259091
vt 0.941323 0.261641
vt 0.944292 0.259067
vt 0.944237 0.261661
vt 0.944178 0.256121
vt 0.944161 0.267158
vt 0.454935 0.102157
vt 0.460453 0.102157
vt 0.454935 0.099319
vt 0.460436 0.099260
vt 0.454935 0.097132
vt 0.460712 0.096900
vt 0.946582 0.261379
vt 0.946349 0.267158
vt 0.454935 0.095785
vt 0.460946 0.091121
vt 0.952359 0.261147
vt 0.952359 0.262493
vt 0.946859 0.259019
vt 0.952359 0.258960
vt 0.780300 0.393346
vt 0.777955 0.393628
vt 0.778189 0.387849
vt 0.780376 0.387849
vt 0.772178 0.393860
vt 0.772178 0.392514
vt 0.777678 0.395988
vt 0.772178 0.396047
vt 0.780245 0.395940
vt 0.463058 0.096618
vt 0.463134 0.091121
vt 0.463002 0.099212
vt 0.463117 0.102157
vt 0.465972 0.102157
vt 0.783214 0.396030
vt 0.783214 0.393366
vt 0.783214 0.387849
vt 0.861230 0.393367
vt 0.861230 0.396029
vt 0.861230 0.387849
vt 0.946842 0.256121
vt 0.946841 0.178105
vt 0.952359 0.256121
vt 0.944179 0.178105
vt 0.523282 0.108385
vt 0.500500 0.108385
vt 0.861230 0.365067
vt 0.861230 0.376812
vt 0.783214 0.376812
vt 0.780359 0.376812
vt 0.861230 0.379669
vt 0.783214 0.379668
vt 0.780269 0.379782
vt 0.777675 0.379726
vt 0.777695 0.376812
vt 0.777696 0.365067
vt 0.772178 0.379650
vt 0.772178 0.376812
vt 0.465972 0.068339
vt 0.463134 0.068339
vt 0.460946 0.068339
vt 0.460715 0.062562
vt 0.777957 0.382072
vt 0.772178 0.381838
vt 0.459600 0.068339
vt 0.454935 0.062328
vt 0.778189 0.387849
vt 0.776842 0.387849
vt 0.780317 0.382348
vt 0.780376 0.387849
vt 0.979721 0.615246
vt 0.980003 0.617592
vt 0.974223 0.617358
vt 0.974223 0.615170
vt 0.980234 0.623369
vt 0.978888 0.623369
vt 0.979740 0.612332
vt 0.974223 0.612332
vt 0.979741 0.534316
vt 0.982403 0.534316
vt 0.974223 0.534316
vt 0.783215 0.382331
vt 0.861230 0.382330
vt 0.861230 0.387849
vt 0.783214 0.387849
vt 0.335094 0.842934
vt 0.335095 0.920950
vt 0.337951 0.920950
vt 0.349696 0.842934
vt 0.349696 0.920950
vt 0.349696 0.923806
vt 0.337951 0.923805
vt 0.335006 0.923920
vt 0.368445 0.926437
vt 0.364687 0.923778
vt 0.361442 0.920950
vt 0.364298 0.842934
vt 0.361442 0.842934
vt 0.366960 0.842934
vt 0.372479 0.842934
vt 0.957878 0.267158
vt 0.960540 0.267158
vt 0.963396 0.267158
vt 0.964105 0.267158
vt 0.966961 0.267158
vt 0.969623 0.267158
vt 0.969601 0.345174
vt 0.975142 0.267158
vt 0.975142 0.345174
vt 0.861230 0.142579
vt 0.783214 0.142602
vt 0.783214 0.137061
vt 0.861230 0.137061
vt 0.861230 0.145241
vt 0.783214 0.145254
vt 0.780429 0.142690
vt 0.780479 0.140778
vt 0.777864 0.139938
vt 0.778073 0.138917
vt 0.780506 0.137061
vt 0.778226 0.137061
vt 0.975142 0.347883
vt 0.971451 0.347907
vt 0.975142 0.350163
vt 0.973292 0.350313
vt 0.975142 0.351595
vt 0.502352 0.020915
vt 0.500500 0.022774
vt 0.500499 0.022774
vt 0.772178 0.137062
vt 0.503347 0.019051
vt 0.500493 0.022774
vt 0.772178 0.137068
vt 0.504534 0.017225
vt 0.583036 0.620629
vt 0.505020 0.620630
vt 0.505020 0.615112
vt 0.583036 0.615112
vt 0.583036 0.623293
vt 0.505020 0.623292
vt 0.585981 0.623179
vt 0.583036 0.626149
vt 0.585891 0.626149
vt 0.588555 0.626149
vt 0.594072 0.626149
vt 0.588554 0.637185
vt 0.352770 0.381772
vt 0.352770 0.387290
vt 0.505020 0.626149
s 1
usemtl Grass2
f 3017/3839/621 3018/3840/621 5632/3841/621 3019/3842/621
f 3020/3843/621 3017/3839/621 3019/3842/621 3022/3844/621
f 3021/3845/621 3020/3843/621 3022/3844/621 3023/3846/621
f 3024/3847/622 3025/3848/622 3023/3846/623 3022/3844/623
f 3022/3844/623 3019/3842/623 3027/3849/622 3024/3847/622
f 3026/3850/624 4363/3851/624 3025/3848/622 3024/3847/622
f 3024/3847/622 3027/3849/622 3029/3852/624 3026/3850/624
f 3027/3849/622 3028/3853/622 3030/3854/624 3029/3852/624
f 3019/3842/623 5632/3841/623 3028/3853/622 3027/3849/622
f 3029/3852/624 3030/3854/624 3032/3855/625 3031/3856/625
f 3026/3850/624 3029/3852/624 3031/3856/625 3034/3857/625
f 3031/3858/625 3032/3859/625 5629/3860/626 3033/3861/626
f 3034/3862/625 3031/3858/625 3033/3861/626 3036/3863/626
f 3034/3857/625 3035/3864/625 4363/3851/624 3026/3850/624
f 3036/3863/626 3037/3865/626 3035/3866/625 3034/3862/625
f 3038/3867/627 3039/3868/627 3037/3865/626 3036/3863/626
f 3036/3863/626 3033/3861/626 3041/3869/627 3038/3867/627
f 3040/3870/628 4253/3871/628 3039/3868/627 3038/3867/627
f 3038/3867/627 3041/3869/627 3043/3872/628 3040/3870/628
f 3041/3869/627 3042/3873/627 3045/3874/628 3043/3872/628
f 3033/3861/626 5629/3860/626 3042/3873/627 3041/3869/627
f 3040/3870/629 3043/3872/629 3044/3875/629 4251/3876/629
f 3043/3872/629 3045/3874/629 3046/3877/629 3044/3875/629
f 3046/3878/629 3045/3874/629 3047/3879/629 3048/3880/629
f 3042/3873/627 3049/3881/630 3047/3879/631 3045/3874/628
f 3050/3882/632 3053/3883/633 3048/3880/634 3047/3879/631
f 3047/3879/631 3049/3881/630 3051/3884/635 3050/3882/632
f 3050/3882/632 3051/3884/635 3065/3885/636 3052/3886/637
f 3052/3886/637 3055/3887/638 3053/3883/633 3050/3882/632
f 3053/3883/633 3054/3888/633 3106/3889/634 3048/3880/634
f 3055/3887/638 3056/3890/638 3054/3888/633 3053/3883/633
f 3057/3891/639 3058/3892/639 3056/3890/638 3055/3887/638
f 3060/3893/640 3057/3891/639 3055/3887/638 3052/3886/637
f 3059/3894/641 3092/3895/641 3058/3896/639 3057/3897/639
f 3061/3898/642 3059/3894/641 3057/3897/639 3060/3899/640
f 3061/3898/642 3060/3899/640 3062/3900/643 3063/3901/644
f 3052/3886/637 3065/3885/636 3062/3902/643 3060/3893/640
f 3063/3901/644 3062/3900/643 3064/3903/645 3074/3904/646
f 3065/3885/636 3066/3905/647 3064/3906/645 3062/3902/643
f 3051/3884/635 3067/3907/648 3066/3905/647 3065/3885/636
f 3067/3907/648 3070/3908/649 3068/3909/650 3066/3905/647
f 3066/3905/647 3068/3909/650 3071/3910/651 3064/3906/645
f 3069/3911/652 3072/3912/653 3071/3913/651 3068/3914/650
f 5625/3915/654 3069/3911/652 3068/3914/650 3070/3916/649
f 3074/3904/646 3064/3903/645 3071/3917/651 3072/3918/653
f 3075/3919/655 3074/3904/646 3072/3918/653 3073/3920/656
f 5622/3921/657 3073/3922/656 3072/3912/653 3069/3911/652
f 3076/3923/658 3063/3901/644 3074/3904/646 3075/3919/655
f 3078/3924/659 3076/3923/658 3075/3919/655 3077/3925/660
f 3077/3925/660 3075/3919/655 3073/3920/656 3079/3926/661
f 3077/3925/660 3080/3927/662 3082/3928/663 3078/3924/659
f 3079/3926/661 3081/3929/664 3080/3927/662 3077/3925/660
f 3078/3924/659 3082/3928/663 3083/3930/665 3085/3931/666
f 3083/3930/667 3084/3932/667 3086/3933/667 3085/3931/667
f 3085/3931/666 3086/3933/668 3088/3934/669 3087/3935/670
f 3085/3931/666 3087/3935/670 3076/3923/658 3078/3924/659
f 3087/3935/670 3061/3898/642 3063/3901/644 3076/3923/658
f 3087/3935/670 3088/3934/669 3059/3894/641 3061/3898/642
f 3088/3934/669 3089/3936/669 3092/3895/641 3059/3894/641
f 3086/3937/668 3091/3938/668 3089/3936/669 3088/3934/669
f 3089/3936/669 3090/3939/669 3093/3940/641 3092/3895/641
f 3091/3941/668 3130/3942/668 3090/3939/669 3089/3936/669
f 3092/3895/641 3093/3940/641 3094/3943/639 3058/3896/639
f 3090/3939/669 3097/3944/669 3095/3945/641 3093/3940/641
f 3093/3940/641 3095/3945/641 3098/3946/639 3094/3943/639
f 3095/3945/641 3096/3947/641 3099/3948/639 3098/3946/639
f 3097/3944/669 3125/3949/669 3096/3947/641 3095/3945/641
f 3098/3950/639 3099/3951/639 3101/3952/638 3100/3953/638
f 3094/3954/639 3098/3950/639 3100/3953/638 3103/3955/638
f 3100/3953/638 3101/3952/638 3113/3956/633 3102/3957/633
f 3103/3955/638 3100/3953/638 3102/3957/633 3104/3958/633
f 3058/3892/639 3094/3954/639 3103/3955/638 3056/3890/638
f 3056/3890/638 3103/3955/638 3104/3958/633 3054/3888/633
f 3054/3888/633 3104/3958/633 3105/3959/634 3106/3889/634
f 3104/3958/633 3102/3957/633 3108/3960/634 3105/3959/634
f 3107/3961/629 4413/3889/629 3106/3889/629 3105/3959/629
f 3109/3962/629 3107/3961/629 3105/3959/629 3108/3960/629
f 3111/3963/629 3109/3962/629 3108/3960/629 3110/3964/629
f 3102/3957/633 3113/3956/633 3110/3964/634 3108/3960/634
f 4570/3965/629 3111/3963/629 3110/3964/629 3112/3966/629
f 3113/3956/633 3114/3967/633 3112/3966/634 3110/3964/634
f 3101/3952/638 3116/3968/638 3114/3967/633 3113/3956/633
f 3114/3967/633 3115/3969/633 4595/3970/634 3112/3966/634
f 3116/3968/638 3117/3971/638 3115/3969/633 3114/3967/633
f 3118/3972/639 3119/3973/639 3117/3971/638 3116/3968/638
f 3099/3951/639 3118/3972/639 3116/3968/638 3101/3952/638
f 3120/3974/641 3121/3975/641 3119/3976/639 3118/3977/639
f 3096/3947/641 3120/3974/641 3118/3977/639 3099/3948/639
f 3122/3978/669 3123/3979/669 3121/3975/641 3120/3974/641
f 3125/3949/669 3122/3978/669 3120/3974/641 3096/3947/641
f 3124/3980/668 3136/3981/668 3123/3979/669 3122/3978/669
f 3126/3982/668 3124/3980/668 3122/3978/669 3125/3949/669
f 3128/3983/668 3126/3982/668 3125/3949/669 3097/3944/669
f 3127/3984/667 3133/3985/667 3124/3980/667 3126/3982/667
f 3129/3986/667 3127/3984/667 3126/3982/667 3128/3983/667
f 3131/3987/667 3129/3986/667 3128/3988/667 3130/3942/667
f 3130/3942/668 3128/3988/668 3097/3944/669 3090/3939/669
f 3132/3989/667 3131/3987/667 3130/3942/667 3091/3941/667
f 3084/3932/667 3132/3989/667 3091/3938/667 3086/3937/667
f 3133/3985/667 3134/3990/667 3136/3981/667 3124/3980/667
f 3134/3990/667 3135/3991/667 3137/3992/667 3136/3981/667
f 3136/3981/668 3137/3992/668 3139/3993/669 3123/3979/669
f 3137/3994/668 3138/3995/668 3141/3996/669 3139/3993/669
f 3135/3991/667 3177/3997/667 3138/3995/667 3137/3994/667
f 3123/3979/669 3139/3993/669 3140/3998/641 3121/3975/641
f 3139/3993/669 3141/3996/669 3143/3999/641 3140/3998/641
f 3141/3996/669 3142/4000/669 3144/4001/641 3143/3999/641
f 3138/3995/668 3175/4002/668 3142/4000/669 3141/3996/669
f 3143/3999/641 3144/4001/641 3146/4003/639 3145/4004/639
f 3140/3998/641 3143/3999/641 3145/4004/639 3148/4005/639
f 3145/4006/639 3146/4007/639 3166/4008/638 3147/4009/638
f 3148/4010/639 3145/4006/639 3147/4009/638 3149/4011/638
f 3121/3975/641 3140/3998/641 3148/4005/639 3119/3976/639
f 3119/3973/639 3148/4010/639 3149/4012/638 3117/3971/638
f 3117/3971/638 3149/4012/638 3150/4013/633 3115/3969/633
f 3149/4011/638 3147/4009/638 3152/4014/633 3150/4013/633
f 3115/3969/633 3150/4013/633 3151/4015/634 4595/3970/634
f 3150/4013/633 3152/4014/633 3154/4016/634 3151/4015/634
f 3152/4014/633 3153/4017/633 3156/4018/634 3154/4016/634
f 3147/4009/638 3166/4008/638 3153/4017/633 3152/4014/633
f 3155/4016/629 3242/4015/629 3151/4015/629 3154/4016/629
f 3157/4018/629 3155/4016/629 3154/4016/629 3156/4018/629
f 3159/4019/629 3157/4018/629 3156/4018/629 3158/4019/629
f 3153/4017/633 3161/4020/633 3158/4019/634 3156/4018/634
f 3203/4021/629 3159/4019/629 3158/4019/629 3160/4021/629
f 3161/4020/633 3162/4022/633 3160/4021/634 3158/4019/634
f 3163/4023/638 3164/4024/638 3162/4022/633 3161/4020/633
f 3166/4008/638 3163/4023/638 3161/4020/633 3153/4017/633
f 3165/4025/639 3167/4026/639 3164/4024/638 3163/4023/638
f 3146/4007/639 3165/4025/639 3163/4023/638 3166/4008/638
f 3168/4027/641 3169/4028/641 3167/4029/639 3165/4030/639
f 3144/4031/641 3168/4027/641 3165/4030/639 3146/4003/639
f 3170/4032/669 3171/4033/669 3169/4028/641 3168/4027/641
f 3142/4000/669 3170/4032/669 3168/4027/641 3144/4031/641
f 3172/4034/668 3173/4035/668 3171/4033/669 3170/4032/669
f 3175/4002/668 3172/4034/668 3170/4032/669 3142/4000/669
f 3174/4036/667 3178/4037/667 3173/4035/667 3172/4034/667
f 3176/4038/667 3174/4036/667 3172/4034/667 3175/4002/667
f 3177/3997/667 3176/4038/667 3175/4002/667 3138/3995/667
f 3178/4037/667 3179/4039/667 3180/4040/667 3173/4035/667
f 3179/4039/667 3181/4041/667 3183/4042/667 3180/4040/667
f 3181/4041/667 3182/4043/667 3184/4044/667 3183/4042/667
f 3183/4042/668 3184/4044/668 3186/4045/669 3185/4046/669
f 3180/4040/668 3183/4042/668 3185/4046/669 3188/4047/669
f 3185/4046/669 3186/4045/669 5347/4048/641 3187/4049/641
f 3188/4047/669 3185/4046/669 3187/4049/641 3189/4050/641
f 3173/4035/668 3180/4040/668 3188/4047/669 3171/4033/669
f 3171/4033/669 3188/4047/669 3189/4050/641 3169/4028/641
f 3169/4028/641 3189/4050/641 3190/4051/639 3167/4029/639
f 3189/4050/641 3187/4049/641 3192/4052/639 3190/4051/639
f 3167/4026/639 3190/4053/639 3191/4054/638 3164/4024/638
f 3190/4053/639 3192/4055/639 3194/4056/638 3191/4054/638
f 3192/4055/639 3193/4057/639 3195/4058/638 3194/4056/638
f 3187/4049/641 5347/4048/641 3193/4059/639 3192/4052/639
f 3194/4056/638 3195/4058/638 3197/4060/633 3196/4061/633
f 3191/4054/638 3194/4056/638 3196/4061/633 3199/4062/633
f 3196/4061/633 3197/4060/633 5617/4063/634 3198/4064/634
f 3199/4062/633 3196/4061/633 3198/4064/634 3200/4065/634
f 3164/4024/638 3191/4054/638 3199/4062/633 3162/4022/633
f 3162/4022/633 3199/4062/633 3200/4065/634 3160/4021/634
f 3201/4065/629 3203/4021/629 3160/4021/629 3200/4065/629
f 3202/4064/629 3201/4065/629 3200/4065/629 3198/4064/629
f 3201/4065/671 3202/4064/671 3205/4066/672 3204/4067/672
f 3204/4067/672 3207/4068/672 3203/4021/671 3201/4065/671
f 3204/4067/672 3205/4066/672 4656/4069/673 3206/4070/673
f 3206/4070/673 3209/4071/673 3207/4068/672 3204/4067/672
f 3159/4019/671 3203/4021/671 3207/4068/672 3208/4072/672
f 3208/4072/672 3207/4068/672 3209/4071/673 3210/4073/673
f 3210/4073/673 3209/4071/673 3211/4074/674 3212/4075/674
f 3214/4076/674 3211/4074/674 3209/4071/673 3206/4070/673
f 3212/4077/674 3211/4078/674 3213/4079/675 3235/4080/675
f 3216/4081/675 3213/4079/675 3211/4078/674 3214/4082/674
f 3214/4082/674 3215/4083/674 3217/4084/675 3216/4081/675
f 3206/4070/673 4656/4069/673 3215/4085/674 3214/4076/674
f 3216/4081/675 3217/4084/675 3219/4086/676 3218/4087/676
f 3218/4087/676 3221/4088/676 3213/4079/675 3216/4081/675
f 3218/4087/676 3219/4086/676 4598/4089/677 3220/4090/677
f 3220/4090/677 3223/4091/677 3221/4088/676 3218/4087/676
f 3235/4080/675 3213/4079/675 3221/4088/676 3222/4092/676
f 3222/4092/676 3221/4088/676 3223/4091/677 3225/4093/677
f 3224/4094/678 3226/4095/678 3225/4093/678 3223/4091/678
f 4596/4096/678 3224/4094/678 3223/4091/678 3220/4090/678
f 3226/4095/678 3228/4097/678 3227/4098/678 3225/4093/678
f 3225/4093/677 3227/4098/677 3230/4099/676 3222/4092/676
f 3228/4097/678 3256/4100/678 3229/4101/678 3227/4098/678
f 3227/4098/677 3229/4101/677 3231/4102/676 3230/4099/676
f 3230/4099/676 3231/4102/676 3233/4103/675 3232/4104/675
f 3222/4092/676 3230/4099/676 3232/4104/675 3235/4080/675
f 3232/4104/675 3233/4103/675 3236/4105/674 3234/4106/674
f 3235/4080/675 3232/4104/675 3234/4106/674 3212/4077/674
f 3234/4107/674 3236/4108/674 3238/4109/673 3237/4110/673
f 3212/4075/674 3234/4107/674 3237/4110/673 3210/4073/673
f 3237/4110/673 3238/4109/673 3240/4111/672 3239/4112/672
f 3210/4073/673 3237/4110/673 3239/4112/672 3208/4072/672
f 3239/4112/672 3240/4111/672 3155/4016/671 3157/4018/671
f 3208/4072/672 3239/4112/672 3157/4018/671 3159/4019/671
f 3238/4109/673 3244/4113/673 3241/4114/672 3240/4111/672
f 3240/4111/672 3241/4114/672 3242/4015/671 3155/4016/671
f 4571/3970/679 3242/4015/671 3241/4114/672 3243/4115/680
f 3243/4115/680 3241/4114/672 3244/4116/673 3245/4117/681
f 3245/4117/681 3244/4116/673 3246/4118/674 3247/4119/682
f 3236/4108/674 3246/4118/674 3244/4113/673 3238/4109/673
f 3247/4120/682 3246/4121/674 3248/4122/675 3249/4123/683
f 3233/4103/675 3248/4124/675 3246/4121/674 3236/4105/674
f 3249/4123/683 3248/4122/675 3250/4125/676 3251/4126/684
f 3231/4102/676 3250/4125/676 3248/4124/675 3233/4103/675
f 3251/4126/684 3250/4125/676 3252/4127/677 3253/4128/685
f 3229/4101/677 3252/4127/677 3250/4125/676 3231/4102/676
f 3254/4129/678 3255/4130/678 3253/4128/678 3252/4127/678
f 3256/4100/678 3254/4129/678 3252/4127/678 3229/4101/678
f 3255/4130/678 3257/4131/678 3258/4132/678 3253/4128/678
f 3258/4132/686 3257/4131/687 3259/4133/688 3260/4134/689
f 3260/4134/689 3259/4133/688 3261/4135/690 3262/4136/691
f 3262/4136/691 3261/4135/690 3263/4137/692 3264/4138/693
f 3264/4139/693 3263/4140/692 3265/4141/694 3266/4142/695
f 3266/4142/695 3265/4141/694 3267/4143/696 3268/4144/697
f 3268/4144/697 3267/4143/696 3269/4145/698 3271/4146/699
f 3269/4145/700 3270/4147/700 3272/4148/700 3271/4146/700
f 3271/4146/699 3272/4148/701 3276/4149/702 3273/4150/703
f 3271/4146/699 3273/4150/703 3274/4151/704 3268/4144/697
f 3273/4150/703 3275/4152/705 4592/4153/706 3274/4151/704
f 3273/4150/703 3276/4149/702 3277/4154/707 3275/4152/705
f 3272/4155/701 3280/4156/708 3278/4157/709 3276/4149/702
f 3276/4149/702 3278/4157/709 3281/4158/710 3277/4159/707
f 3278/4157/709 3279/4160/709 3282/4161/710 3281/4162/710
f 3280/4163/708 4567/4164/708 3279/4160/709 3278/4157/709
f 3281/4162/710 3282/4161/710 3284/4165/711 3283/4166/711
f 3277/4159/707 3281/4158/710 3283/4166/711 3286/4167/712
f 3283/4168/711 3284/4169/711 4564/4170/713 3285/4171/713
f 3286/4172/712 3283/4168/711 3285/4171/713 3288/4173/714
f 3275/4152/705 3277/4154/707 3286/4167/712 3287/4174/715
f 3287/4175/715 3286/4172/712 3288/4173/714 3289/4176/716
f 3289/4176/716 3288/4173/714 3290/4177/717 3291/4178/718
f 3288/4173/714 3285/4171/713 3293/4179/719 3290/4177/717
f 3291/4178/718 3290/4177/717 3292/4180/720 4570/4181/721
f 3290/4177/717 3293/4179/719 3295/4182/722 3292/4180/720
f 3293/4179/719 3294/4183/719 3297/4184/722 3295/4182/722
f 3285/4171/713 4564/4170/713 3294/4183/719 3293/4179/719
f 3296/4185/629 3835/4186/629 3292/4180/629 3295/4182/629
f 3298/4187/629 3296/4185/629 3295/4182/629 3297/4184/629
f 3300/4188/629 3298/4187/629 3297/4184/629 3299/4189/629
f 3294/4183/719 3301/4190/723 3299/4189/724 3297/4184/722
f 3302/4191/725 3305/4192/726 3300/4188/727 3299/4189/724
f 3299/4189/724 3301/4190/723 3303/4193/728 3302/4191/725
f 3302/4191/725 3303/4193/728 3317/4194/729 3304/4195/730
f 3304/4195/730 3307/4196/731 3305/4192/726 3302/4191/725
f 3300/4188/727 3305/4192/726 3306/4197/732 4539/4198/718
f 3305/4192/726 3307/4196/731 3308/4199/733 3306/4197/732
f 3307/4196/731 3309/4200/734 3310/4200/735 3308/4199/733
f 3312/4201/736 3309/4200/734 3307/4196/731 3304/4195/730
f 3311/4202/737 3344/4203/738 3310/4204/735 3309/4204/734
f 3313/4205/739 3311/4202/737 3309/4204/734 3312/4206/736
f 3313/4205/739 3312/4206/736 3314/4207/740 3315/4208/741
f 3304/4195/730 3317/4194/729 3314/4209/740 3312/4201/736
f 3315/4208/741 3314/4207/740 3316/4210/742 3326/4211/743
f 3317/4194/729 3318/4212/744 3316/4213/742 3314/4209/740
f 3303/4193/728 3319/4214/745 3318/4212/744 3317/4194/729
f 3319/4214/745 3322/4215/746 3320/4216/747 3318/4212/744
f 3318/4212/744 3320/4216/747 3323/4217/748 3316/4213/742
f 3321/4218/749 3324/4219/750 3323/4220/748 3320/4221/747
f 4560/4222/751 3321/4218/749 3320/4221/747 3322/4223/746
f 3326/4211/743 3316/4210/742 3323/4224/748 3324/4225/750
f 3327/4226/752 3326/4211/743 3324/4225/750 3325/4227/753
f 4557/4228/754 3325/4229/753 3324/4219/750 3321/4218/749
f 3328/4230/755 3315/4208/741 3326/4211/743 3327/4226/752
f 3330/4231/756 3328/4230/755 3327/4226/752 3329/4232/757
f 3329/4232/757 3327/4226/752 3325/4227/753 3331/4233/758
f 3329/4232/757 3332/4234/759 3334/4235/760 3330/4231/756
f 3331/4233/758 3333/4236/761 3332/4234/759 3329/4232/757
f 3330/4231/756 3334/4235/760 3335/4237/762 3337/4238/763
f 3335/4237/678 3336/4239/678 3338/4240/678 3337/4238/678
f 3337/4238/763 3338/4240/764 3340/4241/765 3339/4242/766
f 3337/4238/763 3339/4242/766 3328/4230/755 3330/4231/756
f 3339/4242/766 3313/4205/739 3315/4208/741 3328/4230/755
f 3339/4242/766 3340/4241/765 3311/4202/737 3313/4205/739
f 3340/4241/765 3341/4243/767 3344/4203/738 3311/4202/737
f 3338/4240/764 3342/4244/689 3341/4243/767 3340/4241/765
f 3342/4244/689 3359/4245/691 3343/4246/768 3341/4243/767
f 3341/4243/767 3343/4246/768 3345/4247/769 3344/4203/738
f 3344/4203/738 3345/4247/769 3347/4204/770 3310/4204/735
f 3343/4246/768 3357/4248/771 3346/4249/772 3345/4247/769
f 3345/4247/769 3346/4249/772 3349/4250/773 3347/4204/770
f 3308/4199/733 3310/4200/735 3347/4200/770 3348/4251/774
f 3348/4251/774 3347/4200/770 3349/4200/773 3350/4252/775
f 3352/4253/776 3350/4254/775 3349/4255/773 3346/4256/772
f 4538/4257/777 3348/4251/774 3350/4252/775 3351/4258/778
f 3353/4259/706 3351/4260/778 3350/4254/775 3352/4253/776
f 3355/4261/704 3353/4259/706 3352/4253/776 3354/4262/779
f 3354/4262/779 3352/4253/776 3346/4256/772 3357/4263/771
f 3364/4264/697 3355/4261/704 3354/4262/779 3356/4265/695
f 3356/4265/695 3354/4262/779 3357/4263/771 3358/4266/693
f 3359/4245/691 3358/4267/693 3357/4248/771 3343/4246/768
f 3359/4245/691 3361/4268/690 3360/4269/692 3358/4267/693
f 3358/4266/693 3360/4270/692 3362/4271/694 3356/4265/695
f 3356/4265/695 3362/4271/694 3363/4272/696 3364/4264/697
f 3364/4264/697 3363/4272/696 3365/4273/698 3367/4274/699
f 3365/4273/700 3366/4275/700 3368/4276/700 3367/4274/700
f 3371/4277/702 3369/4278/703 3367/4274/699 3368/4276/701
f 3367/4274/699 3369/4278/703 3355/4261/704 3364/4264/697
f 3369/4278/703 3370/4279/705 3353/4259/706 3355/4261/704
f 3372/4280/707 3370/4279/705 3369/4278/703 3371/4277/702
f 3374/4281/710 3372/4282/707 3371/4277/702 3373/4283/709
f 3373/4283/709 3371/4277/702 3368/4276/701 3375/4284/708
f 3377/4285/710 3374/4286/710 3373/4283/709 3376/4287/709
f 3376/4287/709 3373/4283/709 3375/4284/708 3379/4288/708
f 4518/4289/780 3377/4290/710 3376/4287/709 3378/4291/781
f 3378/4291/781 3376/4287/709 3379/4288/708 3380/4292/782
f 3381/4293/700 3382/4294/700 3380/4292/700 3379/4288/700
f 3383/4295/700 3381/4293/700 3379/4288/700 3375/4284/700
f 3366/4275/700 3383/4295/700 3375/4284/700 3368/4276/700
f 3384/4296/783 3385/4297/784 3380/4292/782 3382/4294/785
f 3386/4298/786 3387/4299/787 3385/4297/784 3384/4296/783
f 3388/4300/761 3389/4301/758 3387/4299/787 3386/4298/786
f 3390/4302/759 3391/4303/757 3389/4304/758 3388/4305/761
f 3392/4306/760 3393/4307/756 3391/4303/757 3390/4302/759
f 3394/4308/762 3396/4309/788 3393/4307/756 3392/4306/760
f 3394/4308/678 3395/4310/678 3397/4311/678 3396/4309/678
f 3401/4312/684 3398/4313/789 3396/4309/788 3397/4311/685
f 3396/4309/788 3398/4313/789 3399/4314/755 3393/4307/756
f 3398/4313/789 3400/4315/790 4530/4316/741 3399/4314/755
f 3402/4317/683 3400/4315/790 3398/4313/789 3401/4312/684
f 3401/4312/684 3403/4318/791 3406/4319/792 3402/4317/683
f 3397/4320/685 3405/4321/686 3403/4318/791 3401/4312/684
f 3403/4318/791 3404/4322/767 3407/4323/738 3406/4319/792
f 3405/4321/686 3445/4324/689 3404/4322/767 3403/4318/791
f 3406/4319/792 3407/4323/738 3410/4325/735 3408/4325/793
f 3402/4317/683 3406/4319/792 3408/4325/793 3411/4326/682
f 3411/4327/682 3408/4328/793 3409/4329/794 3413/4330/681
f 3409/4329/794 3408/4328/793 3410/4328/735 3422/4331/733
f 3411/4326/682 3412/4332/795 3400/4315/790 3402/4317/683
f 3413/4333/681 3414/4334/796 3412/4335/795 3411/4327/682
f 3415/4336/680 3416/4337/797 3414/4334/796 3413/4333/681
f 3413/4330/681 3409/4329/794 3418/4338/798 3415/4336/680
f 3417/4339/679 4504/4340/799 3416/4337/797 3415/4336/680
f 3415/4336/680 3418/4338/798 3419/4341/800 3417/4339/679
f 3419/4341/800 3418/4338/798 3420/4342/732 3421/4343/801
f 3418/4338/798 3409/4329/794 3422/4331/733 3420/4342/732
f 3421/4343/801 3420/4342/732 3423/4344/777 3424/4345/802
f 3420/4342/732 3422/4331/733 3425/4346/774 3423/4344/777
f 3424/4345/802 3423/4344/777 3426/4347/778 3427/4328/803
f 3423/4344/777 3425/4346/774 3429/4348/804 3426/4347/778
f 3455/4349/805 3427/4350/803 3426/4351/778 3428/4352/706
f 3428/4352/706 3426/4351/778 3429/4353/804 3430/4354/776
f 3430/4354/776 3429/4353/804 3431/4350/773 3432/4355/772
f 3425/4346/774 3433/4328/770 3431/4328/773 3429/4348/804
f 3434/4356/769 3432/4357/772 3431/4358/773 3433/4325/770
f 3407/4323/738 3434/4356/769 3433/4325/770 3410/4325/735
f 3422/4331/733 3410/4328/735 3433/4328/770 3425/4346/774
f 3435/4359/768 3437/4360/771 3432/4357/772 3434/4356/769
f 3404/4322/767 3435/4359/768 3434/4356/769 3407/4323/738
f 3436/4361/691 3439/4362/693 3437/4360/771 3435/4359/768
f 3445/4324/689 3436/4361/691 3435/4359/768 3404/4322/767
f 3438/4363/779 3430/4354/776 3432/4355/772 3437/4364/771
f 3440/4365/695 3438/4363/779 3437/4364/771 3439/4366/693
f 3442/4367/694 3440/4365/695 3439/4366/693 3441/4368/692
f 3441/4369/692 3439/4362/693 3436/4361/691 3443/4370/690
f 3443/4370/690 3436/4361/691 3445/4324/689 3444/4371/688
f 3444/4371/688 3445/4324/689 3405/4321/686 3446/4372/687
f 3395/4310/678 3446/4372/678 3405/4321/678 3397/4320/678
f 3447/4373/696 3448/4374/697 3440/4365/695 3442/4367/694
f 3449/4375/698 3451/4376/806 3448/4374/697 3447/4373/696
f 3449/4375/700 3450/4377/700 3452/4378/700 3451/4376/700
f 3451/4376/806 3452/4378/807 3456/4379/808 3453/4380/809
f 3451/4376/806 3453/4380/809 3454/4381/704 3448/4374/697
f 3453/4380/809 3455/4349/805 3428/4352/706 3454/4381/704
f 3453/4380/809 3456/4379/808 3458/4382/810 3455/4349/805
f 3456/4379/808 3457/4383/811 3459/4384/751 3458/4382/810
f 3452/4378/807 3478/4385/784 3457/4383/811 3456/4379/808
f 3458/4382/810 3459/4384/751 3461/4386/746 3460/4387/812
f 3455/4349/805 3458/4382/810 3460/4387/812 3427/4350/803
f 3462/4388/813 3460/4389/812 3461/4390/746 3464/4391/745
f 3427/4328/803 3460/4389/812 3462/4388/813 3424/4392/802
f 3424/4392/802 3462/4388/813 3463/4393/814 3421/4394/801
f 3463/4393/814 3462/4388/813 3464/4391/745 3465/4395/728
f 3465/4395/728 3464/4391/745 3466/4396/744 3467/4397/729
f 3464/4391/745 3461/4390/746 3468/4398/747 3466/4396/744
f 3467/4397/729 3466/4396/744 3469/4399/742 3470/4400/740
f 3466/4396/744 3468/4398/747 3472/4401/815 3469/4399/742
f 4550/4402/741 3470/4403/740 3469/4404/742 3471/4405/743
f 3471/4405/743 3469/4404/742 3472/4406/815 3473/4407/750
f 3475/4408/749 3473/4409/750 3472/4410/815 3468/4411/747
f 4551/4412/752 3471/4405/743 3473/4407/750 3474/4413/753
f 3476/4414/754 3474/4415/753 3473/4409/750 3475/4408/749
f 3457/4383/811 3476/4414/754 3475/4408/749 3459/4384/751
f 3459/4384/751 3475/4408/749 3468/4411/747 3461/4386/746
f 3477/4416/787 3479/4417/758 3474/4415/753 3476/4414/754
f 3478/4385/784 3477/4416/787 3476/4414/754 3457/4383/811
f 3480/4418/786 3477/4416/787 3478/4385/784 3482/4419/783
f 3481/4420/761 3479/4417/758 3477/4416/787 3480/4418/786
f 3482/4419/783 3478/4385/784 3452/4378/807 3450/4377/785
f 3483/4421/759 3484/4422/757 3479/4423/758 3481/4424/761
f 3485/4425/760 3486/4426/756 3484/4422/757 3483/4421/759
f 3487/4427/762 3489/4428/788 3486/4426/756 3485/4425/760
f 3487/4427/678 3488/4429/678 3490/4430/678 3489/4428/678
f 3489/4428/788 3490/4430/816 3494/4431/817 3491/4432/789
f 3489/4428/788 3491/4432/789 3492/4433/755 3486/4426/756
f 3491/4432/789 3493/4434/790 4550/4402/741 3492/4433/755
f 3491/4432/789 3494/4431/817 3496/4435/818 3493/4434/790
f 3494/4431/817 3495/4436/819 3497/4437/820 3496/4435/818
f 3490/4430/816 4549/4438/821 3495/4436/819 3494/4431/817
f 3496/4435/818 3497/4437/820 3500/4439/822 3498/4440/823
f 3493/4434/790 3496/4435/818 3498/4440/823 3501/4441/795
f 3501/4442/795 3498/4443/823 3499/4444/824 3502/4445/796
f 3499/4444/824 3498/4443/823 3500/4446/822 3509/4447/825
f 3493/4434/790 3501/4441/795 3470/4403/740 4550/4402/741
f 3502/4445/796 3467/4397/729 3470/4400/740 3501/4442/795
f 3503/4448/797 3465/4395/728 3467/4397/729 3502/4445/796
f 3502/4445/796 3499/4444/824 3505/4449/826 3503/4448/797
f 3504/4450/827 3463/4393/814 3465/4395/728 3503/4448/797
f 3503/4448/797 3505/4449/826 3506/4451/828 3504/4450/827
f 3506/4451/828 3505/4449/826 3507/4452/829 3508/4453/830
f 3505/4449/826 3499/4444/824 3509/4447/825 3507/4452/829
f 3508/4453/830 3507/4452/829 3510/4454/831 3511/4455/832
f 3507/4452/829 3509/4447/825 3512/4456/833 3510/4454/831
f 3511/4455/832 3510/4454/831 3513/4457/834 3514/4458/835
f 3510/4454/831 3512/4456/833 3516/4459/836 3513/4457/834
f 3539/4460/837 3514/4461/835 3513/4462/834 3515/4463/838
f 3515/4463/838 3513/4462/834 3516/4464/836 3517/4465/839
f 3517/4465/839 3516/4464/836 3518/4466/840 3519/4467/841
f 3512/4456/833 3520/4468/842 3518/4469/840 3516/4459/836
f 3521/4470/843 3519/4471/841 3518/4472/840 3520/4473/842
f 3497/4437/820 3521/4470/843 3520/4473/842 3500/4439/822
f 3509/4447/825 3500/4446/822 3520/4468/842 3512/4456/833
f 3522/4474/844 3524/4475/845 3519/4471/841 3521/4470/843
f 3495/4436/819 3522/4474/844 3521/4470/843 3497/4437/820
f 3523/4476/846 3526/4477/847 3524/4475/845 3522/4474/844
f 4549/4438/821 3523/4476/846 3522/4474/844 3495/4436/819
f 3525/4478/848 3517/4465/839 3519/4467/841 3524/4479/845
f 3527/4480/849 3525/4478/848 3524/4479/845 3526/4481/847
f 3526/4481/847 3528/4482/850 3530/4483/851 3527/4480/849
f 3523/4476/846 3529/4484/852 3528/4485/850 3526/4477/847
f 3527/4480/849 3530/4483/851 3531/4486/853 3532/4487/854
f 3532/4487/854 3531/4486/853 3533/4488/855 3535/4489/856
f 3533/4488/621 3534/4490/621 3536/4491/621 3535/4489/621
f 3535/4489/856 3536/4491/623 3540/4492/622 3537/4493/857
f 3535/4489/856 3537/4493/857 3538/4494/858 3532/4487/854
f 3537/4493/857 3539/4460/837 3515/4463/838 3538/4494/858
f 3537/4493/857 3540/4492/622 3541/4495/624 3539/4460/837
f 3543/4496/624 3541/4497/624 3540/4492/622 3542/4498/622
f 3542/4498/622 3540/4492/622 3536/4499/623 3544/4500/623
f 3542/4498/622 3545/4501/859 3548/4502/860 3543/4503/624
f 3544/4500/623 3547/4504/861 3545/4501/859 3542/4498/622
f 3545/4501/859 3546/4505/862 3549/4506/654 3548/4502/860
f 3547/4504/861 3583/4507/863 3546/4505/862 3545/4501/859
f 3548/4502/860 3549/4506/654 3552/4508/649 3550/4509/864
f 3543/4503/624 3548/4502/860 3550/4509/864 3553/4510/625
f 3553/4511/625 3550/4512/864 3551/4513/865 3555/4514/626
f 3551/4513/865 3550/4512/864 3552/4515/649 3564/4516/648
f 3553/4510/625 3554/4517/625 3541/4497/624 3543/4496/624
f 3555/4514/626 3556/4518/626 3554/4519/625 3553/4511/625
f 3557/4520/627 3558/4521/627 3556/4518/626 3555/4514/626
f 3555/4514/626 3551/4513/865 3560/4522/630 3557/4520/627
f 3559/4523/628 4547/4524/628 3558/4521/627 3557/4520/627
f 3557/4520/627 3560/4522/630 3561/4525/631 3559/4523/628
f 3561/4525/631 3560/4522/630 3562/4526/635 3563/4527/866
f 3560/4522/630 3551/4513/865 3564/4516/648 3562/4526/635
f 3563/4527/866 3562/4526/635 3565/4528/636 3566/4529/637
f 3562/4526/635 3564/4516/648 3567/4530/647 3565/4528/636
f 3566/4529/637 3565/4528/636 3568/4531/643 3569/4532/640
f 3565/4528/636 3567/4530/647 3570/4533/645 3568/4531/643
f 3572/4534/642 3569/4535/640 3568/4536/643 3571/4537/644
f 3571/4537/644 3568/4536/643 3570/4538/645 3574/4539/646
f 3596/4540/670 3572/4534/642 3571/4537/644 3573/4541/658
f 3573/4541/658 3571/4537/644 3574/4539/646 3575/4542/655
f 3575/4542/655 3574/4539/646 3576/4543/653 3577/4544/656
f 3574/4539/646 3570/4538/645 3579/4545/651 3576/4543/653
f 3581/4546/657 3577/4547/656 3576/4548/653 3578/4549/652
f 3578/4549/652 3576/4548/653 3579/4550/651 3580/4551/650
f 3567/4530/647 3580/4552/650 3579/4553/651 3570/4533/645
f 3549/4506/654 3578/4549/652 3580/4551/650 3552/4508/649
f 3564/4516/648 3552/4515/649 3580/4552/650 3567/4530/647
f 3546/4505/862 3581/4546/657 3578/4549/652 3549/4506/654
f 3582/4554/867 3584/4555/661 3577/4547/656 3581/4546/657
f 3583/4507/863 3582/4554/867 3581/4546/657 3546/4505/862
f 3583/4507/863 3586/4556/868 3585/4557/869 3582/4554/867
f 3582/4554/867 3585/4557/869 3587/4558/664 3584/4555/661
f 3584/4559/661 3587/4560/664 3588/4561/662 3589/4562/660
f 3589/4562/660 3588/4561/662 3590/4563/663 3591/4564/659
f 3591/4564/659 3590/4563/663 3592/4565/665 3594/4566/666
f 3592/4565/667 3593/4567/667 3595/4568/667 3594/4566/667
f 3597/4569/870 3596/4540/670 3594/4566/666 3595/4568/871
f 3594/4566/666 3596/4540/670 3573/4541/658 3591/4564/659
f 3599/4570/872 3572/4534/642 3596/4540/670 3597/4569/870
f 3597/4569/870 3598/4571/873 3600/4572/874 3599/4570/872
f 3595/4568/871 3621/4573/875 3598/4571/873 3597/4569/870
f 3599/4570/872 3600/4572/874 3603/4574/876 3601/4575/877
f 3601/4575/877 3569/4535/640 3572/4534/642 3599/4570/872
f 3602/4576/878 3566/4529/637 3569/4532/640 3601/4577/877
f 3602/4576/878 3601/4577/877 3603/4578/876 3604/4579/879
f 3604/4579/879 3603/4578/876 3605/4580/880 3606/4581/881
f 3600/4572/874 3608/4582/882 3605/4583/880 3603/4574/876
f 3606/4581/881 3605/4580/880 3607/4584/883 4544/4585/884
f 3608/4582/882 3610/4586/885 3607/4587/883 3605/4583/880
f 3609/4588/886 3612/4589/887 3610/4586/885 3608/4582/882
f 3598/4571/873 3609/4588/886 3608/4582/882 3600/4572/874
f 3611/4590/888 4544/4591/884 3607/4592/883 3610/4593/885
f 3613/4594/889 3611/4590/888 3610/4593/885 3612/4595/887
f 3615/4596/890 3613/4594/889 3612/4595/887 3614/4597/891
f 3616/4598/892 3614/4599/891 3612/4589/887 3609/4588/886
f 3618/4600/893 3615/4596/890 3614/4597/891 3617/4601/894
f 3617/4602/894 3614/4599/891 3616/4598/892 3619/4603/895
f 3619/4603/895 3616/4598/892 3621/4573/875 3620/4604/896
f 3620/4604/896 3621/4573/875 3595/4568/871 3593/4567/897
f 3621/4573/875 3616/4598/892 3609/4588/886 3598/4571/873
f 3622/4605/898 3623/4606/899 3615/4596/890 3618/4600/893
f 3624/4607/900 3626/4608/901 3623/4606/899 3622/4605/898
f 3624/4607/700 3625/4609/700 3627/4610/700 3626/4608/700
f 3631/4611/902 3628/4612/903 3626/4608/901 3627/4610/904
f 3626/4608/901 3628/4612/903 3629/4613/905 3623/4606/899
f 3628/4612/903 3630/4614/906 4543/4615/907 3629/4613/905
f 3633/4616/908 3630/4614/906 3628/4612/903 3631/4611/902
f 3631/4611/902 3632/4617/909 3634/4618/910 3633/4616/908
f 3627/4610/904 3668/4619/911 3632/4617/909 3631/4611/902
f 3633/4616/908 3634/4618/910 3637/4620/912 3635/4620/913
f 3635/4620/913 3638/4621/914 3630/4614/906 3633/4616/908
f 3636/4622/915 3640/4623/916 3638/4624/914 3635/4625/913
f 3636/4622/915 3635/4625/913 3637/4625/912 3649/4626/917
f 3630/4614/906 3638/4621/914 3639/4627/918 4543/4615/907
f 3640/4623/916 3641/4628/919 3639/4629/918 3638/4624/914
f 3642/4630/920 3643/4631/921 3641/4628/919 3640/4623/916
f 3645/4632/922 3642/4630/920 3640/4623/916 3636/4622/915
f 3644/4633/923 4542/4634/924 3643/4631/921 3642/4630/920
f 3646/4635/925 3644/4633/923 3642/4630/920 3645/4632/922
f 3646/4635/925 3645/4632/922 3647/4636/926 3648/4637/927
f 3645/4632/922 3636/4622/915 3649/4626/917 3647/4636/926
f 3648/4637/927 3647/4636/926 3650/4638/928 3651/4639/929
f 3647/4636/926 3649/4626/917 3652/4640/930 3650/4638/928
f 3651/4639/929 3650/4638/928 3653/4641/931 3654/4625/932
f 3650/4638/928 3652/4640/930 3655/4642/933 3653/4641/931
f 3657/4643/934 3654/4644/932 3653/4645/931 3656/4646/935
f 3656/4646/935 3653/4645/931 3655/4647/933 3659/4648/936
f 3681/4649/937 3657/4643/934 3656/4646/935 3658/4650/938
f 3658/4650/938 3656/4646/935 3659/4648/936 3660/4651/939
f 3660/4651/939 3659/4648/936 3661/4652/940 3662/4653/941
f 3659/4648/936 3655/4647/933 3664/4644/942 3661/4652/940
f 3666/4654/943 3662/4655/941 3661/4656/940 3663/4657/944
f 3663/4657/944 3661/4656/940 3664/4658/942 3665/4620/945
f 3652/4640/930 3665/4625/945 3664/4625/942 3655/4642/933
f 3634/4618/910 3663/4657/944 3665/4620/945 3637/4620/912
f 3649/4626/917 3637/4625/912 3665/4625/945 3652/4640/930
f 3632/4617/909 3666/4654/943 3663/4657/944 3634/4618/910
f 3667/4659/946 3669/4660/947 3662/4655/941 3666/4654/943
f 3668/4619/911 3667/4659/946 3666/4654/943 3632/4617/909
f 3668/4619/911 3671/4661/948 3670/4662/949 3667/4659/946
f 3667/4659/946 3670/4662/949 3672/4663/950 3669/4660/947
f 3669/4664/947 3672/4665/950 3673/4666/951 3674/4667/952
f 3674/4667/952 3673/4666/951 3675/4668/953 3676/4669/954
f 3676/4669/954 3675/4668/953 3677/4670/955 3679/4671/956
f 3677/4670/667 3678/4672/667 3680/4673/667 3679/4671/667
f 3682/4674/957 3681/4649/937 3679/4671/956 3680/4673/958
f 3679/4671/956 3681/4649/937 3658/4650/938 3676/4669/954
f 3684/4675/959 3657/4643/934 3681/4649/937 3682/4674/957
f 3682/4674/957 3683/4676/960 3685/4677/961 3684/4675/959
f 3680/4673/958 3706/4678/962 3683/4676/960 3682/4674/957
f 3684/4675/959 3685/4677/961 3688/4679/963 3686/4679/964
f 3686/4679/964 3654/4644/932 3657/4643/934 3684/4675/959
f 3687/4680/965 3651/4639/929 3654/4625/932 3686/4681/964
f 3687/4680/965 3686/4681/964 3688/4681/963 3689/4682/966
f 3689/4682/966 3688/4681/963 3690/4681/967 3691/4683/968
f 3685/4677/961 3693/4684/969 3690/4679/967 3688/4679/963
f 3691/4683/968 3690/4681/967 3692/4681/970 4500/4685/971
f 3693/4684/969 3695/4686/972 3692/4687/970 3690/4679/967
f 3694/4688/973 3697/4689/974 3695/4686/972 3693/4684/969
f 3683/4676/960 3694/4688/973 3693/4684/969 3685/4677/961
f 3696/4690/975 4500/4691/971 3692/4692/970 3695/4693/972
f 3698/4694/976 3696/4690/975 3695/4693/972 3697/4695/974
f 3700/4696/977 3698/4694/976 3697/4695/974 3699/4697/978
f 3701/4698/979 3699/4699/978 3697/4689/974 3694/4688/973
f 3703/4700/980 3700/4696/977 3699/4697/978 3702/4701/981
f 3702/4702/981 3699/4699/978 3701/4698/979 3704/4703/982
f 3704/4703/982 3701/4698/979 3706/4678/962 3705/4704/983
f 3705/4704/983 3706/4678/962 3680/4673/958 3678/4672/984
f 3706/4678/962 3701/4698/979 3694/4688/973 3683/4676/960
f 3707/4705/985 3708/4706/986 3700/4696/977 3703/4700/980
f 3709/4707/987 3711/4708/988 3708/4706/986 3707/4705/985
f 3709/4707/621 3710/4709/621 3712/4710/621 3711/4708/621
f 3711/4708/988 3712/4710/989 3716/4711/990 3713/4712/991
f 3711/4708/988 3713/4712/991 3714/4713/992 3708/4706/986
f 3713/4712/991 3715/4714/993 4499/4715/994 3714/4713/992
f 3713/4712/991 3716/4711/990 3717/4716/995 3715/4714/993
f 3712/4710/989 3721/4717/623 3718/4718/622 3716/4711/990
f 3716/4711/990 3718/4718/622 3719/4719/624 3717/4716/995
f 3733/4720/624 3719/4719/624 3718/4718/622 3720/4721/622
f 3720/4721/622 3718/4718/622 3721/4717/623 3723/4722/623
f 3722/4723/621 3724/4724/621 3723/4722/621 3721/4717/621
f 3710/4709/621 3722/4723/621 3721/4717/621 3712/4710/621
f 3724/4724/621 3726/4725/621 3725/4726/621 3723/4727/621
f 3723/4727/623 3725/4726/861 3728/4728/859 3720/4721/622
f 3759/4729/868 3727/4730/863 3725/4726/861 3726/4725/996
f 3725/4726/861 3727/4730/863 3729/4731/862 3728/4728/859
f 3728/4728/859 3729/4731/862 3731/4732/654 3730/4733/860
f 3720/4721/622 3728/4728/859 3730/4733/860 3733/4720/624
f 3730/4733/860 3731/4732/654 3743/4734/649 3732/4735/864
f 3733/4720/624 3730/4733/860 3732/4735/864 3734/4736/625
f 3734/4736/625 3735/4737/625 3719/4719/624 3733/4720/624
f 3736/4738/626 3737/4739/626 3735/4740/625 3734/4741/625
f 3734/4741/625 3732/4742/864 3739/4743/865 3736/4744/626
f 3738/4745/627 4488/4746/627 3737/4739/626 3736/4738/626
f 3736/4744/626 3739/4743/865 3740/4747/630 3738/4745/627
f 3740/4747/630 3739/4743/865 3741/4748/648 3742/4749/635
f 3739/4743/865 3732/4742/864 3743/4750/649 3741/4748/648
f 3742/4749/635 3741/4748/648 3744/4751/647 3745/4752/636
f 3741/4748/648 3743/4750/649 3746/4753/650 3744/4751/647
f 3745/4752/636 3744/4751/647 3747/4754/645 3748/4755/643
f 3744/4751/647 3746/4753/650 3750/4756/997 3747/4754/645
f 4540/4757/644 3748/4758/643 3747/4759/645 3749/4760/646
f 3749/4760/646 3747/4759/645 3750/4761/997 3751/4762/653
f 3753/4763/652 3751/4764/653 3750/4765/997 3746/4766/650
f 4541/4767/655 3749/4760/646 3751/4762/653 3752/4768/656
f 3754/4769/657 3752/4770/656 3751/4764/653 3753/4763/652
f 3729/4731/862 3754/4769/657 3753/4763/652 3731/4732/654
f 3731/4732/654 3753/4763/652 3746/4766/650 3743/4734/649
f 3755/4771/867 3756/4772/661 3752/4770/656 3754/4769/657
f 3727/4730/863 3755/4771/867 3754/4769/657 3729/4731/862
f 3757/4773/869 3755/4771/867 3727/4730/863 3759/4729/868
f 3758/4774/664 3756/4772/661 3755/4771/867 3757/4773/869
f 3760/4775/662 3761/4776/660 3756/4777/661 3758/4369/664
f 3762/4778/663 3763/4779/659 3761/4776/660 3760/4775/662
f 3764/4780/665 3766/4781/998 3763/4779/659 3762/4778/663
f 3764/4780/667 3765/4782/667 3767/4783/667 3766/4781/667
f 3766/4781/998 3767/4783/999 3771/4784/1000 3768/4785/1001
f 3766/4781/998 3768/4785/1001 3769/4786/658 3763/4779/659
f 3768/4785/1001 3770/4787/1002 4540/4757/644 3769/4786/658
f 3768/4785/1001 3771/4784/1000 3773/4788/1003 3770/4787/1002
f 3771/4784/1000 3772/4789/960 3774/4790/961 3773/4788/1003
f 3767/4783/999 4483/4791/962 3772/4789/960 3771/4784/1000
f 3773/4788/1003 3774/4790/961 3777/4792/963 3775/4792/1004
f 3770/4787/1002 3773/4788/1003 3775/4792/1004 3778/4793/1005
f 3778/4794/1005 3775/4795/1004 3776/4796/1006 3779/4797/1007
f 3776/4796/1006 3775/4795/1004 3777/4798/963 3785/4799/966
f 3770/4787/1002 3778/4793/1005 3748/4758/643 4540/4757/644
f 3779/4797/1007 3745/4752/636 3748/4755/643 3778/4794/1005
f 3780/4800/1008 3742/4749/635 3745/4752/636 3779/4797/1007
f 3779/4797/1007 3776/4796/1006 3782/4801/1009 3780/4800/1008
f 3781/4802/1010 3740/4747/630 3742/4749/635 3780/4800/1008
f 3780/4800/1008 3782/4801/1009 3298/4803/1011 3781/4802/1010
f 3298/4803/1011 3782/4801/1009 3783/4804/1012 3784/4805/1013
f 3782/4801/1009 3776/4796/1006 3785/4799/966 3783/4804/1012
f 3784/4805/1013 3783/4804/1012 3786/4806/1014 3787/4807/1015
f 3783/4804/1012 3785/4799/966 3788/4808/968 3786/4806/1014
f 3787/4807/1015 3786/4806/1014 3789/4809/1016 3790/4798/1017
f 3786/4806/1014 3788/4808/968 3792/4810/971 3789/4809/1016
f 3815/4811/993 3790/4812/1017 3789/4813/1016 3791/4814/994
f 3791/4814/994 3789/4813/1016 3792/4815/971 3793/4816/975
f 3793/4816/975 3792/4815/971 3794/4812/970 3795/4817/972
f 3788/4808/968 3796/4798/967 3794/4795/970 3792/4810/971
f 3797/4818/969 3795/4819/972 3794/4820/970 3796/4792/967
f 3774/4790/961 3797/4818/969 3796/4792/967 3777/4792/963
f 3785/4799/966 3777/4798/963 3796/4798/967 3788/4808/968
f 3798/4821/973 3800/4822/974 3795/4819/972 3797/4818/969
f 3772/4789/960 3798/4821/973 3797/4818/969 3774/4790/961
f 3799/4823/979 3802/4824/978 3800/4822/974 3798/4821/973
f 4483/4791/962 3799/4823/979 3798/4821/973 3772/4789/960
f 3801/4825/976 3793/4816/975 3795/4817/972 3800/4826/974
f 3803/4827/977 3801/4825/976 3800/4826/974 3802/4828/978
f 3802/4828/978 3804/4829/981 3806/4830/980 3803/4827/977
f 3799/4823/979 3805/4831/982 3804/4832/981 3802/4824/978
f 3803/4827/977 3806/4830/980 3807/4833/985 3808/4834/986
f 3808/4834/986 3807/4833/985 3809/4835/987 3811/4836/988
f 3809/4835/621 3810/4837/621 3812/4838/621 3811/4836/621
f 3811/4836/988 3812/4838/989 3816/4839/990 3813/4840/991
f 3811/4836/988 3813/4840/991 3814/4841/992 3808/4834/986
f 3813/4840/991 3815/4811/993 3791/4814/994 3814/4841/992
f 3813/4840/991 3816/4839/990 3817/4842/995 3815/4811/993
f 3819/4843/1018 3817/4842/995 3816/4839/990 3818/4844/1019
f 3818/4844/1019 3816/4839/990 3812/4838/989 3820/4845/1020
f 3818/4844/1019 3821/4846/1021 3824/4847/1022 3819/4843/1018
f 3820/4845/1020 3823/4848/1023 3821/4846/1021 3818/4844/1019
f 3821/4846/1021 3822/4849/1024 3825/4850/1025 3824/4847/1022
f 3823/4848/1023 3858/4851/1026 3822/4849/1024 3821/4846/1021
f 3824/4847/1022 3825/4850/1025 3828/4852/1027 3826/4852/1028
f 3819/4843/1018 3824/4847/1022 3826/4852/1028 3829/4853/1029
f 3829/4854/1029 3826/4855/1028 3827/4856/1030 3831/4857/1031
f 3827/4856/1030 3826/4855/1028 3828/4855/1027 3839/4858/1032
f 3829/4853/1029 3830/4859/1033 3817/4842/995 3819/4843/1018
f 3831/4857/1031 3832/4860/1034 3830/4861/1033 3829/4854/1029
f 3833/4862/1035 3834/4863/1036 3832/4860/1034 3831/4857/1031
f 3831/4857/1031 3827/4856/1030 3836/4864/1037 3833/4862/1035
f 3835/4186/1038 3296/4185/1039 3834/4863/1036 3833/4862/1035
f 3833/4862/1035 3836/4864/1037 3111/4865/1040 3835/4186/1038
f 3111/4865/1040 3836/4864/1037 3837/4866/1041 3838/4867/1042
f 3836/4864/1037 3827/4856/1030 3839/4858/1032 3837/4866/1041
f 3838/4867/1042 3837/4866/1041 3840/4868/1043 3841/4869/1044
f 3837/4866/1041 3839/4858/1032 3842/4870/1045 3840/4868/1043
f 3841/4869/1044 3840/4868/1043 3843/4871/1046 3844/4855/1047
f 3840/4868/1043 3842/4870/1045 3845/4872/1048 3843/4871/1046
f 3847/4873/1049 3844/4874/1047 3843/4875/1046 3846/4876/1050
f 3846/4876/1050 3843/4875/1046 3845/4877/1048 3849/4878/1051
f 3871/4879/1052 3847/4873/1049 3846/4876/1050 3848/4880/1053
f 3848/4880/1053 3846/4876/1050 3849/4878/1051 3850/4881/1054
f 3850/4881/1054 3849/4878/1051 3851/4882/1055 3852/4883/1056
f 3849/4878/1051 3845/4877/1048 3854/4874/1057 3851/4882/1055
f 3856/4884/1058 3852/4885/1056 3851/4886/1055 3853/4887/1059
f 3853/4887/1059 3851/4886/1055 3854/4888/1057 3855/4852/1060
f 3842/4870/1045 3855/4855/1060 3854/4855/1057 3845/4872/1048
f 3825/4850/1025 3853/4887/1059 3855/4852/1060 3828/4852/1027
f 3839/4858/1032 3828/4855/1027 3855/4855/1060 3842/4870/1045
f 3822/4849/1024 3856/4884/1058 3853/4887/1059 3825/4850/1025
f 3857/4889/1061 3859/4890/1062 3852/4885/1056 3856/4884/1058
f 3858/4851/1026 3857/4889/1061 3856/4884/1058 3822/4849/1024
f 3858/4851/1026 3861/4891/1063 3860/4892/1064 3857/4889/1061
f 3857/4889/1061 3860/4892/1064 3862/4893/1065 3859/4890/1062
f 3859/4894/1062 3862/4895/1065 3863/4896/1066 3864/4897/1067
f 3864/4897/1067 3863/4896/1066 3865/4898/1068 3866/4899/1069
f 3866/4899/1069 3865/4898/1068 3867/4900/1070 3869/4901/1071
f 3867/4900/678 3868/4902/678 3870/4903/678 3869/4901/678
f 3872/4904/1072 3871/4879/1052 3869/4901/1071 3870/4903/1073
f 3869/4901/1071 3871/4879/1052 3848/4880/1053 3866/4899/1069
f 3874/4905/1074 3847/4873/1049 3871/4879/1052 3872/4904/1072
f 3872/4904/1072 3873/4906/767 3875/4907/738 3874/4905/1074
f 3870/4903/1073 3896/4908/689 3873/4906/767 3872/4904/1072
f 3874/4905/1074 3875/4907/738 3878/4909/735 3876/4909/1075
f 3876/4909/1075 3844/4874/1047 3847/4873/1049 3874/4905/1074
f 3877/4910/1076 3841/4911/1044 3844/4855/1047 3876/4912/1075
f 3877/4910/1076 3876/4912/1075 3878/4912/735 3879/4913/733
f 3879/4913/733 3878/4912/735 3880/4912/770 3881/4914/774
f 3875/4907/738 3883/4915/769 3880/4909/770 3878/4909/735
f 3881/4914/774 3880/4912/770 3882/4912/773 4479/4916/804
f 3883/4915/769 3885/4917/772 3882/4918/773 3880/4909/770
f 3884/4919/768 3887/4920/771 3885/4917/772 3883/4915/769
f 3873/4906/767 3884/4919/768 3883/4915/769 3875/4907/738
f 3886/4921/776 4479/4922/804 3882/4923/773 3885/4924/772
f 3888/4925/779 3886/4921/776 3885/4924/772 3887/4926/771
f 3890/4927/695 3888/4925/779 3887/4926/771 3889/4928/693
f 3891/4929/691 3889/4930/693 3887/4920/771 3884/4919/768
f 3893/4931/694 3890/4927/695 3889/4928/693 3892/4932/692
f 3892/4933/692 3889/4930/693 3891/4929/691 3894/4934/690
f 3894/4934/690 3891/4929/691 3896/4908/689 3895/4935/688
f 3895/4935/688 3896/4908/689 3870/4903/1073 3868/4902/687
f 3896/4908/689 3891/4929/691 3884/4919/768 3873/4906/767
f 3897/4936/696 3898/4937/697 3890/4927/695 3893/4931/694
f 3899/4938/698 3901/4939/699 3898/4937/697 3897/4936/696
f 3899/4938/700 3900/4940/700 3902/4941/700 3901/4939/700
f 3901/4939/699 3902/4941/701 3906/4942/702 3903/4943/703
f 3901/4939/699 3903/4943/703 3904/4944/704 3898/4937/697
f 3903/4943/703 3905/4945/705 4478/4946/706 3904/4944/704
f 3903/4943/703 3906/4942/702 3907/4947/707 3905/4945/705
f 3902/4941/701 3910/4948/782 3908/4949/781 3906/4950/702
f 3906/4950/702 3908/4949/781 3911/4951/780 3907/4947/707
f 3908/4949/781 3909/4952/811 3912/4953/751 3911/4951/780
f 3910/4948/782 4473/4954/784 3909/4952/811 3908/4949/781
f 3911/4951/780 3912/4953/751 3914/4955/746 3913/4956/1077
f 3907/4947/707 3911/4951/780 3913/4956/1077 3916/4957/712
f 3915/4958/1078 3913/4959/1077 3914/4960/746 3927/4961/745
f 3916/4962/712 3913/4959/1077 3915/4958/1078 3918/4963/714
f 3905/4945/705 3907/4947/707 3916/4957/712 3917/4923/715
f 3917/4912/715 3916/4962/712 3918/4964/714 3919/4965/716
f 3919/4965/716 3918/4964/714 3920/4966/717 3921/4967/718
f 3918/4963/714 3915/4958/1078 3923/4968/723 3920/4966/717
f 3921/4967/718 3920/4966/717 3922/4969/720 3109/4970/1079
f 3920/4966/717 3923/4968/723 3924/4971/724 3922/4969/720
f 3924/4971/724 3923/4968/723 3925/4972/728 3926/4973/725
f 3923/4968/723 3915/4958/1078 3927/4961/745 3925/4972/728
f 3926/4973/725 3925/4972/728 3928/4974/729 3929/4975/730
f 3925/4972/728 3927/4961/745 3930/4976/744 3928/4974/729
f 3929/4975/730 3928/4974/729 3931/4977/740 3932/4978/736
f 3928/4974/729 3930/4976/744 3934/4979/742 3931/4977/740
f 3956/4980/739 3932/4981/736 3931/4982/740 3933/4983/741
f 3933/4983/741 3931/4982/740 3934/4984/742 3935/4985/743
f 3935/4985/743 3934/4984/742 3936/4986/1080 3937/4987/750
f 3930/4976/744 3938/4988/747 3936/4989/1080 3934/4979/742
f 3939/4990/749 3937/4991/750 3936/4992/1080 3938/4993/747
f 3912/4953/751 3939/4990/749 3938/4993/747 3914/4955/746
f 3927/4961/745 3914/4960/746 3938/4988/747 3930/4976/744
f 3940/4994/754 3942/4995/753 3937/4991/750 3939/4990/749
f 3909/4952/811 3940/4994/754 3939/4990/749 3912/4953/751
f 3941/4996/787 3943/4997/758 3942/4995/753 3940/4994/754
f 4473/4954/784 3941/4996/787 3940/4994/754 3909/4952/811
f 3946/4998/757 3944/4999/752 3942/5000/753 3943/5001/758
f 3944/4999/752 3935/4985/743 3937/4987/750 3942/5000/753
f 3945/5002/755 3933/4983/741 3935/4985/743 3944/4999/752
f 3947/5003/756 3945/5002/755 3944/4999/752 3946/4998/757
f 3946/4998/757 3948/5004/759 3950/5005/760 3947/5003/756
f 3943/5001/758 3949/5006/761 3948/5004/759 3946/4998/757
f 3947/5003/756 3950/5005/760 3951/5007/762 3953/5008/763
f 3951/5007/678 3952/5009/678 3954/5010/678 3953/5008/678
f 3953/5008/763 3954/5010/764 3957/5011/765 3955/5012/766
f 3953/5008/763 3955/5012/766 3945/5002/755 3947/5003/756
f 3955/5012/766 3956/4980/739 3933/4983/741 3945/5002/755
f 3955/5012/766 3957/5011/765 3959/5013/737 3956/4980/739
f 3957/5011/765 3958/5014/767 3960/5015/738 3959/5013/737
f 3954/5010/764 3981/5016/689 3958/5014/767 3957/5011/765
f 3959/5013/737 3960/5015/738 3963/5017/735 3961/5017/734
f 3956/4980/739 3959/5013/737 3961/5017/734 3932/4981/736
f 3932/4978/736 3961/5018/734 3962/5019/731 3929/4975/730
f 3962/5019/731 3961/5018/734 3963/5018/735 3964/5020/733
f 3964/5020/733 3963/5018/735 3965/5018/770 3966/5021/774
f 3960/5015/738 3968/5022/769 3965/5017/770 3963/5017/735
f 3966/5021/774 3965/5018/770 3967/5018/773 4427/5023/804
f 3968/5022/769 3970/5024/772 3967/5025/773 3965/5017/770
f 3969/5026/768 3972/5027/771 3970/5024/772 3968/5022/769
f 3958/5014/767 3969/5026/768 3968/5022/769 3960/5015/738
f 3971/5028/776 4427/5029/804 3967/5030/773 3970/5031/772
f 3973/5032/779 3971/5028/776 3970/5031/772 3972/5033/771
f 3975/5034/695 3973/5032/779 3972/5033/771 3974/5035/693
f 3976/5036/691 3974/5037/693 3972/5027/771 3969/5026/768
f 3978/5038/694 3975/5034/695 3974/5035/693 3977/5039/692
f 3977/5040/692 3974/5037/693 3976/5036/691 3979/5041/690
f 3979/5041/690 3976/5036/691 3981/5016/689 3980/5042/688
f 3980/5042/688 3981/5016/689 3954/5010/764 3952/5009/687
f 3981/5016/689 3976/5036/691 3969/5026/768 3958/5014/767
f 3982/5043/696 3983/5044/697 3975/5034/695 3978/5038/694
f 3984/5045/698 3986/5046/1081 3983/5044/697 3982/5043/696
f 3984/5045/700 3985/5047/700 3987/5048/700 3986/5046/700
f 3986/5046/1081 3987/5048/701 3991/5049/702 3988/5050/703
f 3986/5046/1081 3988/5050/703 3989/5051/704 3983/5044/697
f 3988/5050/703 3990/5052/705 4426/5053/706 3989/5051/704
f 3988/5050/703 3991/5049/702 3992/5054/707 3990/5052/705
f 3994/5055/710 3992/5054/707 3991/5049/702 3993/5056/709
f 3993/5056/709 3991/5049/702 3987/5048/701 3995/5057/708
f 3999/5058/780 3994/5055/710 3993/5056/709 3996/5059/1082
f 3996/5059/1082 3993/5056/709 3995/5057/708 3998/5060/782
f 3996/5059/1082 3997/5061/811 4000/5062/751 3999/5058/780
f 3998/5060/782 4034/5063/784 3997/5061/811 3996/5059/1082
f 3999/5058/780 4000/5062/751 4003/5064/746 4001/5065/1077
f 4001/5065/1077 4004/5066/711 3994/5055/710 3999/5058/780
f 4002/5067/1078 4006/5068/713 4004/5069/711 4001/5070/1077
f 4002/5067/1078 4001/5070/1077 4003/5071/746 4015/5072/745
f 4004/5066/711 4005/5073/712 3992/5054/707 3994/5055/710
f 4006/5068/713 4007/5074/714 4005/5075/712 4004/5069/711
f 4008/5076/719 4009/5077/717 4007/5074/714 4006/5068/713
f 4011/5078/723 4008/5079/719 4006/5068/713 4002/5067/1078
f 4010/5080/722 4418/5081/720 4009/5077/717 4008/5076/719
f 4012/5082/799 4010/5080/722 4008/5079/719 4011/5078/723
f 4012/5082/799 4011/5078/723 4013/5083/728 4014/5084/797
f 4011/5078/723 4002/5067/1078 4015/5072/745 4013/5083/728
f 4014/5084/797 4013/5083/728 4016/5085/729 4017/5086/796
f 4013/5083/728 4015/5072/745 4018/5087/744 4016/5085/729
f 4017/5086/796 4016/5085/729 4019/5088/740 4020/5089/795
f 4016/5085/729 4018/5087/744 4021/5090/742 4019/5088/740
f 4023/5091/790 4020/5092/795 4019/5093/740 4022/5094/741
f 4022/5094/741 4019/5093/740 4021/5095/742 4025/5096/743
f 4047/5097/789 4023/5091/790 4022/5094/741 4024/5098/755
f 4024/5098/755 4022/5094/741 4025/5096/743 4026/5099/752
f 4026/5099/752 4025/5096/743 4027/5100/750 4028/5101/753
f 4025/5096/743 4021/5095/742 4030/5102/815 4027/5100/750
f 4032/5103/754 4028/5104/753 4027/5105/750 4029/5106/749
f 4029/5106/749 4027/5105/750 4030/5107/815 4031/5108/747
f 4018/5087/744 4031/5109/747 4030/5110/815 4021/5090/742
f 4000/5062/751 4029/5106/749 4031/5108/747 4003/5064/746
f 4015/5072/745 4003/5071/746 4031/5109/747 4018/5087/744
f 3997/5061/811 4032/5103/754 4029/5106/749 4000/5062/751
f 4033/5111/787 4035/5112/758 4028/5104/753 4032/5103/754
f 4034/5063/784 4033/5111/787 4032/5103/754 3997/5061/811
f 4034/5063/784 4037/5113/783 4036/5114/786 4033/5111/787
f 4033/5111/787 4036/5114/786 4038/5115/761 4035/5112/758
f 4035/5116/758 4038/5117/761 4039/5118/759 4040/5119/757
f 4040/5119/757 4039/5118/759 4041/5120/760 4042/5121/756
f 4042/5121/756 4041/5120/760 4043/5122/762 4045/5123/788
f 4043/5122/678 4044/5124/678 4046/5125/678 4045/5123/678
f 4048/5126/817 4047/5097/789 4045/5123/788 4046/5125/816
f 4045/5123/788 4047/5097/789 4024/5098/755 4042/5121/756
f 4050/5127/818 4023/5091/790 4047/5097/789 4048/5126/817
f 4048/5126/817 4049/5128/819 4051/5129/820 4050/5127/818
f 4046/5125/816 4072/5130/821 4049/5128/819 4048/5126/817
f 4050/5127/818 4051/5129/820 4054/5131/822 4052/5132/823
f 4052/5132/823 4020/5092/795 4023/5091/790 4050/5127/818
f 4053/5133/824 4017/5086/796 4020/5089/795 4052/5134/823
f 4053/5133/824 4052/5134/823 4054/5135/822 4055/5136/825
f 4055/5136/825 4054/5135/822 4056/5137/842 4057/5138/833
f 4051/5129/820 4059/5139/843 4056/5140/842 4054/5131/822
f 4057/5138/833 4056/5137/842 4058/5141/840 4451/5142/836
f 4059/5139/843 4061/5143/841 4058/5144/840 4056/5140/842
f 4060/5145/844 4063/5146/845 4061/5143/841 4059/5139/843
f 4049/5128/819 4060/5145/844 4059/5139/843 4051/5129/820
f 4062/5147/839 4451/5148/836 4058/5149/840 4061/5150/841
f 4064/5151/848 4062/5147/839 4061/5150/841 4063/5152/845
f 4066/5153/849 4064/5151/848 4063/5152/845 4065/5154/847
f 4067/5155/846 4065/5156/847 4063/5146/845 4060/5145/844
f 4069/5157/851 4066/5153/849 4065/5154/847 4068/5158/850
f 4068/5159/850 4065/5156/847 4067/5155/846 4070/5160/852
f 4070/5160/852 4067/5155/846 4072/5130/821 4071/5161/1083
f 4071/5161/1083 4072/5130/821 4046/5125/816 4044/5124/1084
f 4072/5130/821 4067/5155/846 4060/5145/844 4049/5128/819
f 4073/5162/853 4074/5163/854 4066/5153/849 4069/5157/851
f 4075/5164/855 4077/5165/856 4074/5163/854 4073/5162/853
f 4075/5164/621 4076/5166/621 4078/5167/621 4077/5165/621
f 4082/5168/622 4079/5169/857 4077/5165/856 4078/5167/623
f 4077/5165/856 4079/5169/857 4080/5170/858 4074/5163/854
f 4079/5169/857 4081/5171/837 4450/5172/838 4080/5170/858
f 4083/5173/624 4081/5171/837 4079/5169/857 4082/5168/622
f 4085/5174/624 4083/5173/624 4082/5168/622 4084/5175/622
f 4084/5175/622 4082/5168/622 4078/5167/623 4086/5176/623
f 4084/5175/622 4087/5177/622 4088/5178/624 4085/5174/624
f 4086/5176/623 4090/5179/623 4087/5177/622 4084/5175/622
f 4453/5180/860 4088/5178/624 4087/5177/622 4089/5181/859
f 4089/5181/859 4087/5177/622 4090/5182/623 4091/5183/861
f 4092/5184/621 4093/5185/621 4091/5183/621 4090/5182/621
f 4094/5186/621 4092/5184/621 4090/5179/621 4086/5176/621
f 4076/5166/621 4094/5186/621 4086/5176/621 4078/5167/621
f 4095/5187/868 4096/5188/863 4091/5183/861 4093/5185/996
f 4097/5189/869 4098/5190/867 4096/5188/863 4095/5187/868
f 4099/5191/664 4100/5192/1085 4098/5190/867 4097/5189/869
f 4101/5193/662 4102/5194/660 4100/5195/1085 4099/5196/664
f 4103/5197/663 4104/5198/659 4102/5194/660 4101/5193/662
f 4105/5199/665 4107/5200/998 4104/5198/659 4103/5197/663
f 4105/5199/667 4106/5201/667 4108/5202/667 4107/5200/667
f 4112/5203/1000 4109/5204/1001 4107/5200/998 4108/5202/999
f 4107/5200/998 4109/5204/1001 4110/5205/658 4104/5198/659
f 4109/5204/1001 4111/5206/1002 4464/5207/644 4110/5205/658
f 4114/5208/1003 4111/5206/1002 4109/5204/1001 4112/5203/1000
f 4112/5203/1000 4113/5209/960 4115/5210/961 4114/5208/1003
f 4108/5202/999 4153/5211/962 4113/5209/960 4112/5203/1000
f 4114/5208/1003 4115/5210/961 4118/5212/963 4116/5212/1004
f 4116/5212/1004 4119/5213/1005 4111/5206/1002 4114/5208/1003
f 4117/5214/1006 4121/5215/1007 4119/5216/1005 4116/5217/1004
f 4117/5214/1006 4116/5217/1004 4118/5217/963 4130/5218/966
f 4111/5206/1002 4119/5213/1005 4120/5219/643 4464/5207/644
f 4121/5215/1007 4122/5220/636 4120/5221/643 4119/5216/1005
f 4123/5222/1008 4124/5223/635 4122/5220/636 4121/5215/1007
f 4126/5224/1009 4123/5222/1008 4121/5215/1007 4117/5214/1006
f 4125/5225/1010 4434/5226/630 4124/5223/635 4123/5222/1008
f 4127/5227/1086 4125/5225/1010 4123/5222/1008 4126/5224/1009
f 4127/5227/1086 4126/5224/1009 4128/5228/1012 4129/5229/1087
f 4126/5224/1009 4117/5214/1006 4130/5218/966 4128/5228/1012
f 4129/5229/1087 4128/5228/1012 4131/5230/1014 4132/5231/1088
f 4128/5228/1012 4130/5218/966 4133/5232/968 4131/5230/1014
f 4132/5231/1088 4131/5230/1014 4134/5233/1016 4135/5217/1089
f 4131/5230/1014 4133/5232/968 4137/5234/971 4134/5233/1016
f 4162/5235/1090 4135/5236/1089 4134/5237/1016 4136/5238/994
f 4136/5238/994 4134/5237/1016 4137/5239/971 4138/5240/975
f 4138/5240/975 4137/5239/971 4139/5236/970 4140/5241/972
f 4133/5232/968 4141/5217/967 4139/5217/970 4137/5234/971
f 4142/5242/969 4140/5243/972 4139/5244/970 4141/5212/967
f 4115/5210/961 4142/5242/969 4141/5212/967 4118/5212/963
f 4130/5218/966 4118/5217/963 4141/5217/967 4133/5232/968
f 4143/5245/973 4145/5246/974 4140/5243/972 4142/5242/969
f 4113/5209/960 4143/5245/973 4142/5242/969 4115/5210/961
f 4144/5247/979 4147/5248/978 4145/5246/974 4143/5245/973
f 4153/5211/962 4144/5247/979 4143/5245/973 4113/5209/960
f 4146/5249/976 4138/5240/975 4140/5241/972 4145/5250/974
f 4148/5251/977 4146/5249/976 4145/5250/974 4147/5252/978
f 4150/5253/980 4148/5251/977 4147/5252/978 4149/5254/981
f 4149/5255/981 4147/5248/978 4144/5247/979 4151/5256/982
f 4151/5256/982 4144/5247/979 4153/5211/962 4152/5257/983
f 4152/5257/983 4153/5211/962 4108/5202/999 4106/5201/984
f 4154/5258/985 4155/5259/986 4148/5251/977 4150/5253/980
f 4156/5260/987 4158/5261/1091 4155/5259/986 4154/5258/985
f 4156/5260/621 4157/5262/621 4159/5263/621 4158/5261/621
f 4163/5264/1092 4160/5265/1093 4158/5261/1091 4159/5263/1094
f 4158/5261/1091 4160/5265/1093 4161/5266/992 4155/5259/986
f 4160/5265/1093 4162/5235/1090 4136/5238/994 4161/5266/992
f 4165/5267/1095 4162/5235/1090 4160/5265/1093 4163/5264/1092
f 4163/5264/1092 4164/5268/1024 4166/5269/1025 4165/5267/1095
f 4159/5263/1094 4213/5270/1026 4164/5268/1024 4163/5264/1092
f 4165/5267/1095 4166/5269/1025 4169/5271/1027 4167/5271/1096
f 4167/5271/1096 4135/5236/1089 4162/5235/1090 4165/5267/1095
f 4168/5272/1097 4132/5273/1088 4135/5217/1089 4167/5274/1096
f 4168/5272/1097 4167/5274/1096 4169/5274/1027 4170/5275/1032
f 4170/5275/1032 4169/5274/1027 4171/5274/1060 4172/5276/1045
f 4166/5269/1025 4174/5277/1059 4171/5271/1060 4169/5271/1027
f 4172/5276/1045 4171/5274/1060 4173/5274/1057 4181/5278/1048
f 4174/5277/1059 4176/5279/1055 4173/5280/1057 4171/5271/1060
f 4175/5281/1058 4177/5282/1056 4176/5279/1055 4174/5277/1059
f 4164/5268/1024 4175/5281/1058 4174/5277/1059 4166/5269/1025
f 4180/5283/1054 4178/5284/1051 4176/5285/1055 4177/5286/1056
f 4178/5284/1051 4181/5287/1048 4173/5288/1057 4176/5285/1055
f 4179/5289/1050 4182/5290/1046 4181/5287/1048 4178/5284/1051
f 4205/5291/1053 4179/5289/1050 4178/5284/1051 4180/5283/1054
f 4183/5292/1043 4172/5276/1045 4181/5278/1048 4182/5293/1046
f 4185/5294/1098 4183/5292/1043 4182/5293/1046 4184/5274/1099
f 4186/5295/1100 4184/5288/1099 4182/5290/1046 4179/5289/1050
f 4188/5296/1101 4185/5297/1098 4184/5274/1099 4187/5298/1102
f 4187/5299/1102 4184/5288/1099 4186/5295/1100 4189/5300/1103
f 4191/5301/794 4188/5296/1101 4187/5298/1102 4190/5302/793
f 4190/5303/793 4187/5299/1102 4189/5304/1103 4193/5305/1104
f 4191/5301/794 4190/5302/793 4192/5302/735 4397/5306/733
f 4193/5305/1104 4194/5307/738 4192/5303/735 4190/5303/793
f 4195/5308/791 4196/5309/767 4194/5307/738 4193/5305/1104
f 4193/5305/1104 4189/5304/1103 4198/5310/1105 4195/5308/791
f 4197/5311/686 4217/5312/689 4196/5309/767 4195/5308/791
f 4195/5308/791 4198/5310/1105 4200/5313/1106 4197/5311/686
f 4198/5310/1105 4199/5314/1107 4202/5315/1108 4200/5313/1106
f 4189/5300/1103 4186/5295/1100 4199/5314/1107 4198/5310/1105
f 4201/5316/678 4215/5317/678 4197/5311/678 4200/5313/678
f 4203/5318/678 4201/5316/678 4200/5313/678 4202/5315/678
f 4204/5319/1069 4207/5320/1068 4203/5318/1070 4202/5315/1108
f 4202/5315/1108 4199/5314/1107 4205/5291/1053 4204/5319/1069
f 4204/5319/1069 4205/5291/1053 4180/5283/1054 4206/5321/1067
f 4206/5321/1067 4208/5322/1066 4207/5320/1068 4204/5319/1069
f 4211/5323/1062 4209/5324/1065 4208/5322/1066 4206/5321/1067
f 4212/5325/1061 4210/5326/1064 4209/5327/1065 4211/5328/1062
f 4212/5325/1061 4211/5328/1062 4177/5282/1056 4175/5281/1058
f 4206/5321/1067 4180/5283/1054 4177/5286/1056 4211/5323/1062
f 4213/5270/1026 4214/5329/1063 4210/5326/1064 4212/5325/1061
f 4213/5270/1026 4212/5325/1061 4175/5281/1058 4164/5268/1024
f 4159/5263/1094 4157/5262/1109 4214/5329/1063 4213/5270/1026
f 4199/5314/1107 4186/5295/1100 4179/5289/1050 4205/5291/1053
f 4216/5330/688 4217/5312/689 4197/5311/686 4215/5317/687
f 4218/5331/690 4219/5332/691 4217/5312/689 4216/5330/688
f 4220/5333/692 4221/5334/693 4219/5332/691 4218/5331/690
f 4222/5335/694 4223/5336/695 4221/5337/693 4220/5338/692
f 4224/5339/696 4225/5340/697 4223/5336/695 4222/5335/694
f 4226/5341/698 4228/5342/1081 4225/5340/697 4224/5339/696
f 4226/5341/700 4227/5343/700 4229/5344/700 4228/5342/700
f 4233/5345/702 4230/5346/703 4228/5342/1081 4229/5344/701
f 4228/5342/1081 4230/5346/703 4231/5347/704 4225/5340/697
f 4230/5346/703 4232/5348/705 4401/5349/706 4231/5347/704
f 4234/5350/707 4232/5348/705 4230/5346/703 4233/5345/702
f 4233/5345/702 4235/5351/709 4238/5352/710 4234/5353/707
f 4229/5344/701 4237/5354/708 4235/5351/709 4233/5345/702
f 4235/5351/709 4236/5355/709 4239/5356/710 4238/5357/710
f 4237/5354/708 4271/5358/708 4236/5355/709 4235/5351/709
f 4238/5357/710 4239/5356/710 4241/5359/711 4240/5360/711
f 4234/5353/707 4238/5352/710 4240/5360/711 4243/5361/712
f 4240/5362/711 4241/5363/711 4262/5364/713 4242/5365/713
f 4243/5366/712 4240/5362/711 4242/5367/713 4245/5368/714
f 4243/5361/712 4244/5369/715 4232/5348/705 4234/5350/707
f 4245/5370/714 4246/5371/716 4244/5302/715 4243/5366/712
f 4247/5372/717 4248/5373/718 4246/5371/716 4245/5370/714
f 4245/5368/714 4242/5367/713 4249/5374/719 4247/5372/717
f 3044/3875/720 3046/3877/721 4248/5373/718 4247/5372/717
f 4247/5372/717 4249/5374/719 4251/3876/722 3044/3875/720
f 4249/5374/719 4250/5375/719 4252/5376/722 4251/3876/722
f 4242/5365/713 4262/5364/713 4250/5375/719 4249/5374/719
f 4253/3871/629 3040/3870/629 4251/3876/629 4252/5376/629
f 4255/5377/629 4253/3871/629 4252/5376/629 4254/5378/629
f 4250/5375/719 4257/5379/719 4254/5378/722 4252/5376/722
f 4389/5380/629 4255/5377/629 4254/5378/629 4256/5381/629
f 4256/5381/722 4254/5378/722 4257/5379/719 4258/5382/719
f 4258/5382/719 4257/5379/719 4259/5383/713 4260/5384/713
f 4262/5385/713 4259/5386/713 4257/5379/719 4250/5375/719
f 4260/5384/713 4259/5383/713 4261/5387/711 4263/5388/711
f 4241/5363/711 4261/5387/711 4259/5386/713 4262/5385/713
f 4263/5389/711 4261/5390/711 4264/5391/710 4265/5392/710
f 4239/5393/710 4264/5394/710 4261/5390/711 4241/5359/711
f 4265/5392/710 4264/5391/710 4266/5395/709 4267/5396/709
f 4236/5355/709 4266/5395/709 4264/5394/710 4239/5393/710
f 4267/5396/709 4266/5395/709 4268/5397/708 4269/5398/708
f 4271/5399/708 4268/5397/708 4266/5395/709 4236/5355/709
f 4270/5400/700 4274/5401/700 4269/5398/700 4268/5397/700
f 4272/5402/700 4270/5400/700 4268/5397/700 4271/5399/700
f 4273/5403/700 4272/5402/700 4271/5358/700 4237/5354/700
f 4227/5343/700 4273/5403/700 4237/5354/700 4229/5344/700
f 4274/5401/700 4275/5404/700 4277/5405/700 4269/5406/700
f 4275/5404/700 4276/5407/700 4278/5408/700 4277/5405/700
f 4281/5409/1082 4279/5410/709 4277/5405/708 4278/5408/782
f 4269/5406/708 4277/5405/708 4279/5410/709 4267/5396/709
f 4267/5396/709 4279/5410/709 4280/5411/710 4265/5412/710
f 4283/5413/780 4280/5414/710 4279/5410/709 4281/5409/1082
f 4281/5409/1082 4282/5415/811 4284/5416/751 4283/5413/780
f 4278/5408/782 4315/5417/784 4282/5415/811 4281/5409/1082
f 4283/5413/780 4284/5416/751 4287/5418/746 4285/5419/1077
f 4285/5419/1077 4288/5420/711 4280/5414/710 4283/5413/780
f 4286/5421/1078 4289/5422/713 4288/5423/711 4285/5424/1077
f 4286/5421/1078 4285/5424/1077 4287/5425/746 4296/5426/745
f 4263/5388/711 4288/5423/711 4289/5427/713 4260/5428/713
f 4265/5412/710 4280/5411/710 4288/5420/711 4263/5389/711
f 4260/5428/713 4289/5427/713 4290/5429/719 4258/5382/719
f 4292/5430/723 4290/5429/719 4289/5422/713 4286/5421/1078
f 4258/5382/719 4290/5429/719 4291/5431/722 4256/5381/722
f 4293/5432/799 4291/5431/722 4290/5429/719 4292/5430/723
f 4293/5432/799 4292/5430/723 4294/5433/728 4295/5434/797
f 4292/5430/723 4286/5421/1078 4296/5426/745 4294/5433/728
f 4295/5434/797 4294/5433/728 4297/5435/729 4298/5436/796
f 4294/5433/728 4296/5426/745 4299/5437/744 4297/5435/729
f 4298/5436/796 4297/5435/729 4300/5438/740 4301/5439/795
f 4297/5435/729 4299/5437/744 4302/5440/742 4300/5438/740
f 4304/5441/790 4301/5442/795 4300/5443/740 4303/5444/741
f 4303/5444/741 4300/5443/740 4302/5445/742 4306/5446/743
f 4328/5447/789 4304/5441/790 4303/5444/741 4305/5448/755
f 4305/5448/755 4303/5444/741 4306/5446/743 4307/5449/752
f 4307/5449/752 4306/5446/743 4308/5450/750 4309/5451/753
f 4306/5446/743 4302/5445/742 4311/5452/748 4308/5450/750
f 4313/5453/754 4309/5454/753 4308/5455/750 4310/5456/749
f 4310/5456/749 4308/5455/750 4311/5457/748 4312/5458/747
f 4299/5437/744 4312/5459/747 4311/5460/748 4302/5440/742
f 4284/5416/751 4310/5456/749 4312/5458/747 4287/5418/746
f 4296/5426/745 4287/5425/746 4312/5459/747 4299/5437/744
f 4282/5415/811 4313/5453/754 4310/5456/749 4284/5416/751
f 4314/5461/787 4316/5462/758 4309/5454/753 4313/5453/754
f 4315/5417/784 4314/5461/787 4313/5453/754 4282/5415/811
f 4315/5417/784 4318/5463/783 4317/5464/786 4314/5461/787
f 4314/5461/787 4317/5464/786 4319/5465/761 4316/5462/758
f 4316/5466/758 4319/5467/761 4320/5468/759 4321/5469/757
f 4321/5469/757 4320/5468/759 4322/5470/760 4323/5471/756
f 4323/5471/756 4322/5470/760 4324/5472/762 4326/5473/788
f 4324/5472/678 4325/5474/678 4327/5475/678 4326/5473/678
f 4329/5476/817 4328/5447/789 4326/5473/788 4327/5475/816
f 4326/5473/788 4328/5447/789 4305/5448/755 4323/5471/756
f 4331/5477/818 4304/5441/790 4328/5447/789 4329/5476/817
f 4329/5476/817 4330/5478/819 4332/5479/820 4331/5477/818
f 4327/5475/816 4384/5480/821 4330/5478/819 4329/5476/817
f 4331/5477/818 4332/5479/820 4335/5481/822 4333/5482/823
f 4333/5482/823 4301/5442/795 4304/5441/790 4331/5477/818
f 4334/5483/824 4298/5436/796 4301/5439/795 4333/5484/823
f 4334/5483/824 4333/5484/823 4335/5485/822 4336/5486/825
f 4336/5486/825 4335/5485/822 4337/5487/842 4338/5488/833
f 4332/5479/820 4340/5489/843 4337/5490/842 4335/5481/822
f 4338/5488/833 4337/5487/842 4339/5491/840 4347/5492/836
f 4340/5489/843 4342/5493/841 4339/5494/840 4337/5490/842
f 4341/5495/844 4343/5496/845 4342/5493/841 4340/5489/843
f 4330/5478/819 4341/5495/844 4340/5489/843 4332/5479/820
f 4346/5497/848 4344/5498/839 4342/5499/841 4343/5500/845
f 4344/5498/839 4347/5501/836 4339/5502/840 4342/5499/841
f 4345/5503/838 4348/5504/834 4347/5501/836 4344/5498/839
f 4374/5505/858 4345/5503/838 4344/5498/839 4346/5497/848
f 4349/5506/831 4338/5488/833 4347/5492/836 4348/5507/834
f 4351/5508/832 4349/5506/831 4348/5507/834 4350/5509/835
f 4352/5510/837 4350/5511/835 4348/5504/834 4345/5503/838
f 4354/5512/626 4351/5508/832 4350/5509/835 4353/5513/625
f 4353/5514/625 4350/5511/835 4352/5510/837 4355/5515/624
f 4357/5516/626 4354/5512/626 4353/5513/625 4356/5517/625
f 4356/5518/625 4353/5514/625 4355/5515/624 4358/5519/624
f 4360/5520/626 4357/5521/626 4356/5517/625 4359/5522/625
f 4359/5523/625 4356/5518/625 4358/5524/624 4361/5525/624
f 4359/5522/625 3035/3866/625 3037/3865/626 4360/5520/626
f 4361/5525/624 4363/3851/624 3035/3864/625 4359/5523/625
f 4361/5525/624 4358/5524/624 4364/5526/622 4362/5527/622
f 4362/5527/622 3025/5528/622 4363/3851/624 4361/5525/624
f 4362/5527/622 4364/5526/622 4367/5529/623 4365/5530/623
f 4365/5531/623 3023/3846/623 3025/5528/622 4362/5527/622
f 4366/5532/621 3021/3845/621 3023/3846/621 4365/5531/621
f 4368/5533/621 4366/5532/621 4365/5530/621 4367/5529/621
f 4370/5534/621 4368/5533/621 4367/5529/621 4369/5535/621
f 4364/5526/622 4372/5536/622 4369/5535/623 4367/5529/623
f 4379/5537/621 4370/5534/621 4369/5538/621 4371/5539/621
f 4372/5536/622 4373/5540/857 4371/5539/856 4369/5538/623
f 4355/5515/624 4352/5510/837 4373/5540/857 4372/5536/622
f 4358/5519/624 4355/5515/624 4372/5536/622 4364/5526/622
f 4371/5539/856 4373/5540/857 4374/5505/858 4375/5541/854
f 4373/5540/857 4352/5510/837 4345/5503/838 4374/5505/858
f 4375/5541/854 4374/5505/858 4346/5497/848 4376/5542/849
f 4375/5541/854 4377/5543/853 4379/5537/855 4371/5539/856
f 4376/5542/849 4378/5544/851 4377/5543/853 4375/5541/854
f 4382/5545/847 4380/5546/850 4378/5544/851 4376/5542/849
f 4383/5547/846 4381/5548/852 4380/5549/850 4382/5550/847
f 4383/5547/846 4382/5550/847 4343/5496/845 4341/5495/844
f 4376/5542/849 4346/5497/848 4343/5500/845 4382/5545/847
f 4384/5480/821 4385/5551/1083 4381/5548/852 4383/5547/846
f 4384/5480/821 4383/5547/846 4341/5495/844 4330/5478/819
f 4327/5475/816 4325/5474/1084 4385/5551/1083 4384/5480/821
f 4386/5552/627 4387/5553/627 4357/5521/626 4360/5520/626
f 4360/5520/626 3037/3865/626 3039/3868/627 4386/5554/627
f 4255/5377/628 4389/5380/628 4387/5553/627 4386/5552/627
f 4386/5554/627 3039/3868/627 4253/3871/628 4255/5377/628
f 4387/5553/627 4388/5555/627 4354/5512/626 4357/5516/626
f 4389/5380/628 4390/5556/628 4388/5555/627 4387/5553/627
f 4390/5556/629 4389/5380/629 4256/5381/629 4291/5431/629
f 4391/5557/629 4390/5556/629 4291/5431/629 4293/5432/629
f 4390/5556/628 4391/5557/828 4393/5558/830 4388/5555/627
f 4391/5557/828 4293/5432/799 4295/5434/797 4392/5559/826
f 4391/5557/828 4392/5559/826 4394/5560/829 4393/5558/830
f 4393/5558/830 4394/5560/829 4349/5506/831 4351/5508/832
f 4388/5555/627 4393/5558/830 4351/5508/832 4354/5512/626
f 4392/5559/826 4334/5483/824 4336/5486/825 4394/5560/829
f 4394/5560/829 4336/5486/825 4338/5488/833 4349/5506/831
f 4392/5559/826 4295/5434/797 4298/5436/796 4334/5483/824
f 4323/5471/756 4305/5448/755 4307/5449/752 4321/5469/757
f 4321/5469/757 4307/5449/752 4309/5451/753 4316/5466/758
f 4278/5408/782 4276/5407/785 4318/5463/783 4315/5417/784
f 4248/5561/718 4395/5562/732 4398/5563/777 4246/5564/716
f 3046/5565/721 4396/5566/798 4395/5562/732 4248/5561/718
f 4396/5566/798 4191/5301/794 4397/5306/733 4395/5562/732
f 4395/5562/732 4397/5306/733 4399/5567/774 4398/5563/777
f 4246/5564/716 4398/5563/777 4400/5568/778 4244/5302/715
f 4398/5563/777 4399/5567/774 4402/5569/804 4400/5568/778
f 4232/5348/705 4244/5369/715 4400/5570/778 4401/5349/706
f 4401/5349/706 4400/5570/778 4402/5571/804 4403/5572/776
f 4403/5572/776 4402/5571/804 4404/5369/773 4405/5573/772
f 4399/5567/774 4406/5302/770 4404/5302/773 4402/5569/804
f 4407/5574/769 4405/5575/772 4404/5576/773 4406/5303/770
f 4194/5307/738 4407/5574/769 4406/5303/770 4192/5303/735
f 4397/5306/733 4192/5302/735 4406/5302/770 4399/5567/774
f 4408/5577/768 4409/5578/771 4405/5575/772 4407/5574/769
f 4196/5309/767 4408/5577/768 4407/5574/769 4194/5307/738
f 4219/5332/691 4221/5334/693 4409/5578/771 4408/5577/768
f 4217/5312/689 4219/5332/691 4408/5577/768 4196/5309/767
f 4410/5579/779 4403/5572/776 4405/5573/772 4409/5580/771
f 4223/5336/695 4410/5579/779 4409/5580/771 4221/5337/693
f 4231/5347/704 4401/5349/706 4403/5572/776 4410/5579/779
f 4225/5340/697 4231/5347/704 4410/5579/779 4223/5336/695
f 3046/5565/721 4413/3889/1110 4411/5581/1111 4396/5566/798
f 4396/5566/798 4411/5581/1111 4188/5296/1101 4191/5301/794
f 4411/5581/1111 4412/5582/1112 4185/5297/1098 4188/5296/1101
f 4413/3889/1110 3107/3961/1113 4412/5582/1112 4411/5581/1111
f 4413/3889/629 3046/5565/629 3048/3880/629 3106/3889/629
f 4412/5583/1112 4414/5584/1041 4183/5292/1043 4185/5294/1098
f 3107/5585/1113 4415/5586/1114 4414/5584/1041 4412/5583/1112
f 4415/5586/1114 4168/5272/1097 4170/5275/1032 4414/5584/1041
f 4414/5584/1041 4170/5275/1032 4172/5276/1045 4183/5292/1043
f 3107/5585/1113 4127/5587/1086 4129/5229/1087 4415/5586/1114
f 4415/5586/1114 4129/5229/1087 4132/5273/1088 4168/5272/1097
f 4155/5259/986 4161/5266/992 4146/5249/976 4148/5251/977
f 4161/5266/992 4136/5238/994 4138/5240/975 4146/5249/976
f 4417/5588/629 4125/5225/629 4127/5227/629 4416/5589/629
f 4416/5590/629 4127/5591/629 3922/4969/629 3924/4971/629
f 4127/5587/629 3107/5585/629 3109/4970/629 3922/4969/629
f 3926/4973/725 4419/5592/726 4416/5590/727 3924/4971/724
f 4428/5593/629 4417/5588/629 4416/5589/629 4418/5081/629
f 4420/5594/718 4009/5595/717 4418/5081/720 4416/5589/727
f 4416/5590/727 4419/5592/726 4421/5596/732 4420/5597/718
f 4420/5597/718 4421/5596/732 4423/5598/777 4422/5599/716
f 4422/5600/716 4007/5074/714 4009/5595/717 4420/5594/718
f 4422/5599/716 4423/5598/777 4425/5601/778 4424/5018/715
f 4424/5018/715 4005/5075/712 4007/5074/714 4422/5600/716
f 3990/5052/705 3992/5054/707 4005/5073/712 4424/5030/715
f 3990/5052/705 4424/5030/715 4425/5602/778 4426/5053/706
f 4426/5053/706 4425/5602/778 4427/5029/804 3971/5028/776
f 4423/5598/777 3966/5021/774 4427/5023/804 4425/5601/778
f 3989/5051/704 4426/5053/706 3971/5028/776 3973/5032/779
f 4421/5596/732 3964/5020/733 3966/5021/774 4423/5598/777
f 4419/5592/726 3962/5019/731 3964/5020/733 4421/5596/732
f 3929/4975/730 3962/5019/731 4419/5592/726 3926/4973/725
f 4429/5603/629 4428/5593/629 4418/5081/629 4010/5080/629
f 4428/5593/628 4429/5603/628 4431/5604/627 4430/5605/627
f 4430/5605/627 4433/5606/627 4417/5588/628 4428/5593/628
f 4430/5605/627 4431/5604/627 4441/5607/626 4432/5608/626
f 4432/5608/626 4435/5609/626 4433/5606/627 4430/5605/627
f 4125/5225/1010 4417/5588/628 4433/5606/627 4434/5226/630
f 4434/5226/630 4433/5606/627 4435/5609/626 4436/5610/865
f 4436/5610/865 4435/5609/626 4437/5611/625 4438/5612/864
f 4439/5613/625 4437/5611/625 4435/5609/626 4432/5608/626
f 4438/5614/864 4437/5615/625 4088/5178/624 4453/5180/860
f 4085/5174/624 4088/5178/624 4437/5615/625 4439/5616/625
f 4439/5616/625 4440/5617/625 4083/5173/624 4085/5174/624
f 4432/5608/626 4441/5607/626 4440/5618/625 4439/5613/625
f 4441/5607/626 4444/5619/832 4442/5620/835 4440/5618/625
f 4440/5617/625 4442/5621/835 4081/5171/837 4083/5173/624
f 4081/5171/837 4442/5621/835 4443/5622/834 4450/5172/838
f 4444/5619/832 4445/5623/831 4443/5624/834 4442/5620/835
f 4446/5625/830 4447/5626/829 4445/5623/831 4444/5619/832
f 4431/5604/627 4446/5625/830 4444/5619/832 4441/5607/626
f 4448/5627/828 4449/5628/826 4447/5626/829 4446/5625/830
f 4429/5603/628 4448/5627/828 4446/5625/830 4431/5604/627
f 4448/5627/629 4429/5603/629 4010/5080/629 4012/5082/629
f 4448/5627/828 4012/5082/799 4014/5084/797 4449/5628/826
f 4449/5628/826 4053/5133/824 4055/5136/825 4447/5626/829
f 4449/5628/826 4014/5084/797 4017/5086/796 4053/5133/824
f 4447/5626/829 4055/5136/825 4057/5138/833 4445/5623/831
f 4445/5623/831 4057/5138/833 4451/5142/836 4443/5624/834
f 4450/5172/838 4443/5622/834 4451/5148/836 4062/5147/839
f 4080/5170/858 4450/5172/838 4062/5147/839 4064/5151/848
f 4436/5610/865 4438/5612/864 4452/5629/649 4467/5630/648
f 4453/5180/860 4454/5631/654 4452/5632/649 4438/5614/864
f 4089/5181/859 4455/5633/862 4454/5631/654 4453/5180/860
f 4455/5633/862 4457/5634/657 4456/5635/652 4454/5631/654
f 4454/5631/654 4456/5635/652 4459/5636/650 4452/5632/649
f 4457/5634/657 4466/5637/656 4458/5638/653 4456/5635/652
f 4456/5635/652 4458/5638/653 4461/5639/1115 4459/5636/650
f 4467/5630/648 4452/5629/649 4459/5640/650 4460/5641/647
f 4460/5641/647 4459/5640/650 4461/5642/1115 4462/5643/645
f 4463/5644/646 4462/5645/645 4461/5646/1115 4458/5647/653
f 4122/5220/636 4460/5641/647 4462/5643/645 4120/5221/643
f 4464/5207/644 4120/5219/643 4462/5645/645 4463/5644/646
f 4110/5205/658 4464/5207/644 4463/5644/646 4465/5648/655
f 4465/5648/655 4463/5644/646 4458/5647/653 4466/5649/656
f 4104/5198/659 4110/5205/658 4465/5648/655 4102/5194/660
f 4102/5194/660 4465/5648/655 4466/5649/656 4100/5195/1085
f 4098/5190/867 4100/5192/1085 4466/5637/656 4457/5634/657
f 4124/5223/635 4467/5630/648 4460/5641/647 4122/5220/636
f 4434/5226/630 4436/5610/865 4467/5630/648 4124/5223/635
f 4096/5188/863 4098/5190/867 4457/5634/657 4455/5633/862
f 4091/5183/861 4096/5188/863 4455/5633/862 4089/5181/859
f 4074/5163/854 4080/5170/858 4064/5151/848 4066/5153/849
f 4042/5121/756 4024/5098/755 4026/5099/752 4040/5119/757
f 4040/5119/757 4026/5099/752 4028/5101/753 4035/5116/758
f 3998/5060/782 4468/5650/785 4037/5113/783 4034/5063/784
f 4469/5651/700 4468/5650/700 3998/5060/700 3995/5057/700
f 3985/5047/700 4469/5651/700 3995/5057/700 3987/5048/700
f 3983/5044/697 3989/5051/704 3973/5032/779 3975/5034/695
f 3941/4996/787 4470/5652/786 3949/5653/761 3943/4997/758
f 4473/4954/784 4471/5654/783 4470/5652/786 3941/4996/787
f 3910/4948/782 4472/5655/785 4471/5654/783 4473/4954/784
f 3900/4940/700 4472/5655/700 3910/4948/700 3902/4941/700
f 3921/5656/718 4474/5657/732 4476/5658/777 3919/5659/716
f 3109/3962/1079 4475/5660/1116 4474/5657/732 3921/5656/718
f 4475/5660/1116 3877/4910/1076 3879/4913/733 4474/5657/732
f 4474/5657/732 3879/4913/733 3881/4914/774 4476/5658/777
f 3919/5659/716 4476/5658/777 4477/5661/778 3917/4912/715
f 4476/5658/777 3881/4914/774 4479/4916/804 4477/5661/778
f 3905/4945/705 3917/4923/715 4477/5662/778 4478/4946/706
f 4478/4946/706 4477/5662/778 4479/4922/804 3886/4921/776
f 3904/4944/704 4478/4946/706 3886/4921/776 3888/4925/779
f 3109/3962/1079 3111/3963/1040 3838/5663/1042 4475/5660/1116
f 4475/5660/1116 3838/5663/1042 3841/4911/1044 3877/4910/1076
f 3898/4937/697 3904/4944/704 3888/4925/779 3890/4927/695
f 3866/4899/1069 3848/4880/1053 3850/4881/1054 3864/4897/1067
f 3864/4897/1067 3850/4881/1054 3852/4883/1056 3859/4894/1062
f 3823/4848/1023 4480/5664/1109 3861/4891/1063 3858/4851/1026
f 4481/5665/621 4480/5664/621 3823/4848/621 3820/4845/621
f 3810/4837/621 4481/5665/621 3820/4845/621 3812/4838/621
f 3835/4186/629 3111/4865/629 4570/4181/629 3292/4180/629
f 3784/5666/1013 3834/4863/1036 3296/4185/1039 3298/4187/1011
f 3787/5667/1015 3832/4860/1034 3834/4863/1036 3784/5666/1013
f 3790/4798/1017 3830/4861/1033 3832/4860/1034 3787/5667/1015
f 3815/4811/993 3817/4842/995 3830/4859/1033 3790/4812/1017
f 3808/4834/986 3814/4841/992 3801/4825/976 3803/4827/977
f 3814/4841/992 3791/4814/994 3793/4816/975 3801/4825/976
f 4483/4791/962 4482/5668/983 3805/4831/982 3799/4823/979
f 3767/4783/999 3765/4782/984 4482/5668/983 4483/4791/962
f 3738/4745/627 3740/4747/630 3781/4802/1010 4484/5669/628
f 4484/5669/629 3781/4802/629 3298/4803/629 3300/5670/629
f 4484/5669/628 4485/5671/628 4488/4746/627 3738/4745/627
f 4485/5671/629 4484/5669/629 3300/5672/629 4486/5673/629
f 4487/5674/629 4485/5671/629 4486/5673/629 4503/5675/629
f 4489/5676/1036 4488/4746/627 4485/5671/628 4487/5674/1039
f 4490/5677/1034 3737/5678/626 4488/4746/627 4489/5676/1036
f 4494/5679/1015 4490/5680/1034 4489/5676/1036 4491/5681/1013
f 4491/5681/1013 4489/5676/1036 4487/5674/1039 4493/5682/1117
f 4491/5683/1013 4492/5684/1012 4495/5685/1014 4494/5686/1015
f 4493/5687/1117 4502/5688/1118 4492/5684/1012 4491/5683/1013
f 4494/5686/1015 4495/5685/1014 4497/5689/1016 4496/4681/1017
f 4496/4681/1017 4498/5690/1033 4490/5680/1034 4494/5679/1015
f 3715/4714/993 3717/4716/995 4498/5691/1033 4496/4692/1017
f 3715/4714/993 4496/4692/1017 4497/5692/1016 4499/4715/994
f 3717/4716/995 3719/4719/624 3735/4737/625 4498/5691/1033
f 4498/5690/1033 3735/4740/625 3737/5678/626 4490/5677/1034
f 4499/4715/994 4497/5692/1016 4500/4691/971 3696/4690/975
f 4495/5685/1014 3691/4683/968 4500/4685/971 4497/5689/1016
f 3714/4713/992 4499/4715/994 3696/4690/975 3698/4694/976
f 4492/5684/1012 3689/4682/966 3691/4683/968 4495/5685/1014
f 4493/5682/629 4487/5674/629 4503/5675/629 4501/5693/629
f 3417/4339/629 4493/5687/629 4501/5693/629 4504/4340/629
f 4493/5687/1117 3646/5694/925 3648/5695/927 4502/5688/1118
f 3419/4341/629 3646/5694/629 4493/5687/629 3417/4339/629
f 4502/5688/1118 3687/4680/965 3689/4682/966 4492/5684/1012
f 4502/5688/1118 3648/5695/927 3651/4639/929 3687/4680/965
f 4501/5693/722 4503/5675/722 4508/5696/719 4505/5697/719
f 4504/4340/799 4501/5693/722 4505/5697/719 4506/5698/723
f 4506/5698/723 4505/5697/719 4507/5699/713 4516/5700/1078
f 4505/5697/719 4508/5696/719 4510/5701/713 4507/5699/713
f 4508/5696/719 4509/5702/717 4511/5703/714 4510/5701/713
f 4503/5675/722 4486/5673/720 4509/5702/717 4508/5696/719
f 4510/5701/713 4511/5703/714 4513/5704/712 4512/5705/711
f 4507/5699/713 4510/5701/713 4512/5705/711 4514/5706/711
f 4512/5707/711 4513/5708/712 3372/4282/707 3374/4281/710
f 4514/5709/711 4512/5707/711 3374/4286/710 3377/4285/710
f 4516/5700/1078 4507/5699/713 4514/5706/711 4515/5710/1077
f 4515/5711/1077 4514/5709/711 3377/4290/710 4518/4289/780
f 4516/5700/1078 4515/5710/1077 4517/5712/746 4535/5713/745
f 4518/4289/780 4519/5714/751 4517/5715/746 4515/5711/1077
f 3378/4291/781 4520/5716/811 4519/5714/751 4518/4289/780
f 4520/5716/811 4522/5717/754 4521/5718/749 4519/5714/751
f 4519/5714/751 4521/5718/749 4524/5719/747 4517/5715/746
f 4522/5717/754 4532/5720/753 4523/5721/750 4521/5718/749
f 4521/5718/749 4523/5721/750 4526/5722/748 4524/5719/747
f 4535/5713/745 4517/5712/746 4524/5723/747 4525/5724/744
f 4525/5724/744 4524/5723/747 4526/5725/748 4527/5726/742
f 4529/5727/743 4527/5728/742 4526/5729/748 4523/5730/750
f 4533/5731/729 4525/5724/744 4527/5726/742 4528/5732/740
f 4530/4316/741 4528/5733/740 4527/5728/742 4529/5727/743
f 3399/4314/755 4530/4316/741 4529/5727/743 4531/5734/752
f 4531/5734/752 4529/5727/743 4523/5730/750 4532/5735/753
f 3393/4307/756 3399/4314/755 4531/5734/752 3391/4303/757
f 3391/4303/757 4531/5734/752 4532/5735/753 3389/4304/758
f 3387/4299/787 3389/4301/758 4532/5720/753 4522/5717/754
f 3400/4315/790 3412/4332/795 4528/5733/740 4530/4316/741
f 3414/4334/796 4533/5731/729 4528/5732/740 3412/4335/795
f 4534/5736/728 4535/5713/745 4525/5724/744 4533/5731/729
f 3416/4337/797 4534/5736/728 4533/5731/729 3414/4334/796
f 4506/5698/723 4516/5700/1078 4535/5713/745 4534/5736/728
f 4504/4340/799 4506/5698/723 4534/5736/728 3416/4337/797
f 3385/4297/784 3387/4299/787 4522/5717/754 4520/5716/811
f 3380/4292/782 3385/4297/784 4520/5716/811 3378/4291/781
f 4513/5708/712 4536/4255/715 3370/4279/705 3372/4280/707
f 4511/5703/714 4537/5737/716 4536/4200/715 4513/5704/712
f 3370/4279/705 4536/4255/715 3351/4260/778 3353/4259/706
f 4537/5738/716 4538/4257/777 3351/4258/778 4536/4200/715
f 4539/4198/718 3306/4197/732 4538/4257/777 4537/5738/716
f 4509/5702/717 4539/5739/718 4537/5737/716 4511/5703/714
f 4486/5673/720 3300/5672/727 4539/5739/718 4509/5702/717
f 3306/4197/732 3308/4199/733 3348/4251/774 4538/4257/777
f 3769/4786/658 4540/4757/644 3749/4760/646 4541/4767/655
f 3763/4779/659 3769/4786/658 4541/4767/655 3761/4776/660
f 3761/4776/660 4541/4767/655 3752/4768/656 3756/4777/661
f 3708/4706/986 3714/4713/992 3698/4694/976 3700/4696/977
f 3676/4669/954 3658/4650/938 3660/4651/939 3674/4667/952
f 3674/4667/952 3660/4651/939 3662/4653/941 3669/4664/947
f 3627/4610/904 3625/4609/1119 3671/4661/948 3668/4619/911
f 3559/4523/629 3561/4525/629 3644/4633/629 3646/4635/629
f 4547/4524/629 3559/4523/629 3646/5740/629 3419/5741/629
f 3644/4633/923 3561/4525/631 3563/4527/866 4542/4634/924
f 4542/4634/924 3602/4576/878 3604/4579/879 3643/4631/921
f 4542/4634/924 3563/4527/866 3566/4529/637 3602/4576/878
f 3643/4631/921 3604/4579/879 3606/4581/881 3641/4628/919
f 3641/4628/919 3606/4581/881 4544/4585/884 3639/4629/918
f 4543/4615/907 3639/4627/918 4544/4591/884 3611/4590/888
f 3629/4613/905 4543/4615/907 3611/4590/888 3613/4594/889
f 3623/4606/899 3629/4613/905 3613/4594/889 3615/4596/890
f 3591/4564/659 3573/4541/658 3575/4542/655 3589/4562/660
f 3589/4562/660 3575/4542/655 3577/4544/656 3584/4559/661
f 3547/4504/861 4545/5742/996 3586/4556/868 3583/4507/863
f 4546/5743/621 4545/5742/621 3547/4504/621 3544/4500/621
f 3534/4490/621 4546/5743/621 3544/4500/621 3536/4499/621
f 3508/4453/830 3558/4521/627 4547/4524/628 3506/4451/828
f 3506/4451/629 4547/4524/629 3419/5744/629 3504/4450/629
f 3511/4455/832 3556/4518/626 3558/4521/627 3508/4453/830
f 3514/4458/835 3554/4519/625 3556/4518/626 3511/4455/832
f 3539/4460/837 3541/4495/624 3554/4517/625 3514/4461/835
f 3532/4487/854 3538/4494/858 3525/4478/848 3527/4480/849
f 3538/4494/858 3515/4463/838 3517/4465/839 3525/4478/848
f 4549/4438/821 4548/5745/1083 3529/4484/852 3523/4476/846
f 3490/4430/816 3488/4429/1084 4548/5745/1083 4549/4438/821
f 3421/4394/801 3463/4393/814 3504/4450/827 3419/5744/800
f 3492/4433/755 4550/4402/741 3471/4405/743 4551/4412/752
f 3486/4426/756 3492/4433/755 4551/4412/752 3484/4422/757
f 3484/4422/757 4551/4412/752 3474/4413/753 3479/4423/758
f 3448/4374/697 3454/4381/704 3438/4363/779 3440/4365/695
f 3454/4381/704 3428/4352/706 3430/4354/776 3438/4363/779
f 3342/4244/689 4552/5746/688 3361/4268/690 3359/4245/691
f 3338/4240/764 3336/4239/687 4552/5746/688 3342/4244/689
f 4555/5747/787 4553/5748/786 3333/5749/761 3331/5750/758
f 4556/5751/784 4554/5752/783 4553/5748/786 4555/5747/787
f 4556/5751/784 4555/5747/787 4557/4228/754 4558/5753/811
f 4555/5747/787 3331/5750/758 3325/4229/753 4557/4228/754
f 4558/5753/811 4557/4228/754 3321/4218/749 4560/4222/751
f 4565/5754/782 4556/5751/784 4558/5753/811 4559/5755/1082
f 4559/5755/1082 4558/5753/811 4560/4222/751 4561/5756/780
f 4561/5756/780 4560/4222/751 3322/4223/746 4562/5757/1077
f 3279/4160/709 4559/5755/1082 4561/5756/780 3282/5758/710
f 3282/5758/710 4561/5756/780 4562/5757/1077 3284/4165/711
f 4563/5759/1078 4562/5760/1077 3322/4215/746 3319/4214/745
f 3284/4169/711 4562/5760/1077 4563/5759/1078 4564/4170/713
f 4564/4170/713 4563/5759/1078 3301/4190/723 3294/4183/719
f 3301/4190/723 4563/5759/1078 3319/4214/745 3303/4193/728
f 4567/5761/708 4565/5754/782 4559/5755/1082 3279/4160/709
f 4565/5754/782 4566/5762/785 4554/5752/783 4556/5751/784
f 4568/5763/700 4566/5762/700 4565/5754/700 4567/5761/700
f 4569/5764/700 4568/5763/700 4567/4164/700 3280/4163/700
f 3270/4147/700 4569/5764/700 3280/4156/700 3272/4155/700
f 3243/4115/680 4572/5765/798 4570/5766/721 4571/3970/679
f 4571/3970/629 4570/5766/629 3112/3966/629 4595/3970/629
f 4570/5766/721 4572/5765/798 4573/5767/732 3291/5768/718
f 4572/5765/798 4574/5769/794 4575/5770/733 4573/5767/732
f 3245/4117/681 4574/5769/794 4572/5765/798 3243/4115/680
f 4574/5769/794 4576/4175/793 4577/4175/735 4575/5770/733
f 3247/4119/682 4576/4175/793 4574/5769/794 3245/4117/681
f 4578/5771/1104 4579/5772/738 4577/5773/735 4576/5773/793
f 3249/4123/683 4578/5771/1104 4576/5773/793 3247/4120/682
f 4580/5774/791 4581/5775/767 4579/5772/738 4578/5771/1104
f 3251/4126/684 4580/5774/791 4578/5771/1104 3249/4123/683
f 3258/4132/686 3260/4134/689 4581/5775/767 4580/5774/791
f 3253/4128/685 3258/4132/686 4580/5774/791 3251/4126/684
f 3260/4134/689 3262/4136/691 4582/5776/768 4581/5775/767
f 4581/5775/767 4582/5776/768 4584/5777/769 4579/5772/738
f 3262/4136/691 3264/4138/693 4583/5778/771 4582/5776/768
f 4582/5776/768 4583/5778/771 4585/5779/772 4584/5777/769
f 4579/5772/738 4584/5777/769 4586/5773/770 4577/5773/735
f 4584/5777/769 4585/5779/772 4588/5780/773 4586/5773/770
f 4575/5770/733 4577/4175/735 4586/4175/770 4587/5781/774
f 4587/5781/774 4586/4175/770 4588/4175/773 4589/5782/804
f 4591/5783/776 4589/5784/804 4588/4174/773 4585/5785/772
f 4594/5786/777 4587/5781/774 4589/5782/804 4590/5787/778
f 4592/4153/706 4590/5788/778 4589/5784/804 4591/5783/776
f 3274/4151/704 4592/4153/706 4591/5783/776 4593/5789/779
f 4593/5789/779 4591/5783/776 4585/5785/772 4583/5790/771
f 3268/4144/697 3274/4151/704 4593/5789/779 3266/4142/695
f 3266/4142/695 4593/5789/779 4583/5790/771 3264/4139/693
f 3275/4152/705 3287/4174/715 4590/5788/778 4592/4153/706
f 3289/5791/716 4594/5786/777 4590/5787/778 3287/4175/715
f 4573/5767/732 4575/5770/733 4587/5781/774 4594/5786/777
f 3291/5768/718 4573/5767/732 4594/5786/777 3289/5791/716
f 3242/4015/629 4571/3970/629 4595/3970/629 3151/4015/629
f 4597/5792/678 4596/4096/678 3220/4090/678 4598/4089/678
f 4599/5793/678 4597/5792/678 4598/5794/678 4600/5795/678
f 4601/5796/678 4599/5793/678 4600/5797/678 4602/5798/678
f 4601/5796/1070 4602/5798/1108 4604/5799/1069 4603/5800/1068
f 4603/5800/1068 4604/5799/1069 4606/5801/1067 4605/5802/1066
f 4605/5802/1066 4606/5801/1067 4608/5803/1062 4607/5804/1065
f 4607/5805/1065 4608/5806/1062 4610/5807/1061 4609/5808/1064
f 4609/5808/1064 4610/5807/1061 4612/5809/1026 4611/5810/1063
f 4611/5810/1063 4612/5809/1026 4615/5811/1023 4613/5812/1109
f 4614/5813/621 4613/5812/621 4615/5811/621 4616/5814/621
f 4616/5814/1020 4615/5811/1023 4617/5815/1021 4620/5816/1019
f 4615/5811/1023 4612/5809/1026 4618/5817/1024 4617/5815/1021
f 4617/5815/1021 4618/5817/1024 4644/5818/1025 4619/5819/1022
f 4620/5816/1019 4617/5815/1021 4619/5819/1022 4622/5820/1018
f 4620/5816/1019 4621/5821/622 4681/5822/623 4616/5814/1020
f 4622/5820/1018 4623/5823/624 4621/5821/622 4620/5816/1019
f 4624/5824/1029 4625/5825/625 4623/5823/624 4622/5820/1018
f 4622/5820/1018 4619/5819/1022 4627/5826/1028 4624/5824/1029
f 4626/5827/1031 4668/5828/626 4625/5829/625 4624/5830/1029
f 4624/5830/1029 4627/5831/1028 4629/5832/1030 4626/5833/1031
f 4629/5832/1030 4627/5831/1028 4628/5831/1027 4631/5834/1032
f 4619/5819/1022 4644/5818/1025 4628/5826/1027 4627/5826/1028
f 4626/5833/1031 4629/5832/1030 4630/5835/1037 4666/5836/1035
f 4630/5835/1037 4629/5832/1030 4631/5834/1032 4632/5837/1041
f 4632/5837/1041 4631/5834/1032 4633/5838/1045 4634/5839/1043
f 4631/5834/1032 4628/5831/1027 4635/5831/1060 4633/5838/1045
f 4634/5839/1043 4633/5838/1045 4636/5840/1048 4637/5841/1046
f 4633/5838/1045 4635/5831/1060 4639/5831/1057 4636/5840/1048
f 4648/5842/1050 4637/5843/1046 4636/5844/1048 4638/5845/1051
f 4638/5845/1051 4636/5844/1048 4639/5846/1057 4640/5847/1055
f 4642/5848/1059 4640/5849/1055 4639/5850/1057 4635/5826/1060
f 4645/5851/1054 4638/5845/1051 4640/5847/1055 4641/5852/1056
f 4643/5853/1058 4641/5854/1056 4640/5849/1055 4642/5848/1059
f 4618/5817/1024 4643/5853/1058 4642/5848/1059 4644/5818/1025
f 4644/5818/1025 4642/5848/1059 4635/5826/1060 4628/5826/1027
f 4610/5807/1061 4608/5806/1062 4641/5854/1056 4643/5853/1058
f 4612/5809/1026 4610/5807/1061 4643/5853/1058 4618/5817/1024
f 4606/5801/1067 4645/5851/1054 4641/5852/1056 4608/5803/1062
f 4646/5855/1053 4648/5842/1050 4638/5845/1051 4645/5851/1054
f 4604/5799/1069 4646/5855/1053 4645/5851/1054 4606/5801/1067
f 4647/5856/1107 4649/5857/1100 4648/5842/1050 4646/5855/1053
f 4602/5798/1108 4647/5856/1107 4646/5855/1053 4604/5799/1069
f 4649/5857/1100 4650/5846/1120 4637/5843/1046 4648/5842/1050
f 4647/5856/1107 4653/5858/1121 4651/5859/1122 4649/5857/1100
f 4649/5857/1100 4651/5859/1122 4652/5860/1123 4650/5846/1120
f 3215/4083/674 4652/5860/1123 4651/5859/1122 3217/4084/675
f 3217/4084/675 4651/5859/1122 4653/5858/1121 3219/4086/676
f 3219/4086/676 4653/5858/1121 4600/5795/1124 4598/5794/677
f 4602/5798/1108 4600/5797/1124 4653/5858/1121 4647/5856/1107
f 4650/5831/1120 4652/5861/1123 4654/5862/1125 4657/5863/1098
f 4656/4069/673 4654/5862/1125 4652/5861/1123 3215/4085/674
f 4657/5863/1098 4654/5862/1125 4655/5864/1126 4658/5865/1127
f 3205/4066/672 4655/5864/1126 4654/5862/1125 4656/4069/673
f 4657/5866/1098 4634/5839/1043 4637/5841/1046 4650/5831/1120
f 4658/5867/1127 4632/5837/1041 4634/5839/1043 4657/5866/1098
f 4659/5868/1128 4630/5835/1037 4632/5837/1041 4658/5867/1127
f 4658/5865/1127 4655/5864/1126 4660/4063/1129 4659/5869/1128
f 4659/5869/629 4660/4063/629 5617/4063/629 4661/5870/629
f 4662/5871/629 4659/5872/629 4661/5870/629 5360/5873/629
f 4663/5874/629 4659/5868/629 4662/5875/629 4665/5876/629
f 4666/5836/1035 4630/5835/1037 4659/5868/1128 4663/5874/1038
f 4663/5877/1038 4664/5878/628 4667/5879/627 4666/5880/1035
f 4664/5878/629 4663/5877/629 4665/5881/629 5299/5882/629
f 4666/5880/1035 4667/5879/627 4668/5828/626 4626/5827/1031
f 4669/5883/627 4667/5884/627 4664/5885/628 4671/5886/628
f 4672/5887/626 4668/5888/626 4667/5884/627 4669/5883/627
f 4669/5889/627 4670/5890/627 4673/5891/626 4672/5892/626
f 4671/5893/628 4699/5894/628 4670/5890/627 4669/5889/627
f 4672/5892/626 4673/5891/626 4675/5895/625 4674/5896/625
f 4674/5896/625 4625/5829/625 4668/5888/626 4672/5887/626
f 4674/5897/625 4675/5898/625 4677/5899/624 4676/5900/624
f 4676/5900/624 4623/5823/624 4625/5825/625 4674/5897/625
f 4676/5900/624 4677/5899/624 4679/5901/622 4678/5902/622
f 4678/5902/622 4621/5821/622 4623/5823/624 4676/5900/624
f 4678/5902/622 4679/5901/622 4683/5903/623 4680/5904/623
f 4680/5904/623 4681/5822/623 4621/5821/622 4678/5902/622
f 4682/5905/621 5616/5906/621 4681/5822/621 4680/5904/621
f 4684/5907/621 4682/5905/621 4680/5904/621 4683/5903/621
f 4686/5908/621 4684/5907/621 4683/5909/621 4685/5910/621
f 4679/5901/622 4688/5911/990 4685/5910/989 4683/5909/623
f 5600/5912/621 4686/5908/621 4685/5910/621 4687/5913/621
f 4688/5911/990 4689/5914/991 4687/5913/988 4685/5910/989
f 4690/5915/995 4691/5916/993 4689/5914/991 4688/5911/990
f 4677/5899/624 4690/5915/995 4688/5911/990 4679/5901/622
f 4692/5917/1033 4693/5918/1017 4691/5916/993 4690/5915/995
f 4675/5898/625 4692/5917/1033 4690/5915/995 4677/5899/624
f 4694/5919/1034 4695/5920/1015 4693/5921/1017 4692/5922/1033
f 4673/5923/626 4694/5924/1034 4692/5922/1033 4675/5895/625
f 4696/5925/1036 4697/5926/1013 4695/5920/1015 4694/5919/1034
f 4670/5927/627 4696/5928/1036 4694/5924/1034 4673/5923/626
f 4698/5929/1039 4701/5930/1117 4697/5926/1013 4696/5925/1036
f 4699/5931/628 4698/5932/1039 4696/5928/1036 4670/5927/627
f 4698/5932/629 4699/5931/629 5298/5933/629 4700/5934/629
f 4701/5930/629 4698/5929/629 4700/5935/629 4703/5936/629
f 5176/5937/629 4704/5938/629 4701/5939/629 4702/5940/629
f 4702/5940/629 4701/5941/629 4703/5942/629 5184/5943/629
f 4701/5939/1117 4704/5938/1130 4708/5944/927 4705/5945/1118
f 4701/5939/1117 4705/5945/1118 4706/5946/1012 4697/5947/1013
f 4705/5945/1118 4707/5948/965 5615/5949/966 4706/5946/1012
f 4705/5945/1118 4708/5944/927 4710/5950/929 4707/5948/965
f 4708/5951/927 4709/5952/926 4711/5953/928 4710/5954/929
f 4704/5955/1130 4745/5956/1131 4709/5952/926 4708/5951/927
f 4710/5954/929 4711/5953/928 4714/5957/931 4712/5958/932
f 4707/5948/965 4710/5950/929 4712/5958/932 4715/5921/964
f 4715/5959/964 4712/5960/932 4713/5961/934 4717/5962/959
f 4713/5961/934 4712/5960/932 4714/5963/931 4726/5964/935
f 4707/5948/965 4715/5921/964 4716/5921/963 5615/5949/966
f 4717/5962/959 4718/5965/961 4716/5959/963 4715/5959/964
f 4719/5966/957 4720/5967/960 4718/5965/961 4717/5962/959
f 4717/5962/959 4713/5961/934 4722/5968/937 4719/5966/957
f 4721/5969/958 5591/5970/962 4720/5967/960 4719/5966/957
f 4719/5966/957 4722/5968/937 4723/5971/956 4721/5969/958
f 4723/5971/956 4722/5968/937 4724/5972/938 4725/5973/954
f 4722/5968/937 4713/5961/934 4726/5964/935 4724/5972/938
f 4725/5973/954 4724/5972/938 4727/5974/939 4728/5975/952
f 4724/5972/938 4726/5964/935 4729/5976/936 4727/5974/939
f 4728/5975/952 4727/5974/939 4730/5977/941 4731/5978/947
f 4727/5974/939 4729/5976/936 4732/5979/940 4730/5977/941
f 4734/5980/946 4731/5981/947 4730/5982/941 4733/5983/943
f 4733/5983/943 4730/5982/941 4732/5984/940 4736/5985/944
f 5582/5986/911 4734/5980/946 4733/5983/943 4735/5987/909
f 4735/5987/909 4733/5983/943 4736/5985/944 4737/5988/910
f 4737/5988/910 4736/5985/944 4738/5989/945 4739/5989/912
f 4736/5985/944 4732/5984/940 4741/5990/942 4738/5989/945
f 4743/5991/917 4739/5958/912 4738/5958/945 4740/5992/930
f 4740/5992/930 4738/5958/945 4741/5958/942 4742/5993/1132
f 4729/5976/936 4742/5994/1132 4741/5960/942 4732/5979/940
f 4711/5953/928 4740/5992/930 4742/5993/1132 4714/5957/931
f 4726/5964/935 4714/5963/931 4742/5994/1132 4729/5976/936
f 4709/5952/926 4743/5991/917 4740/5992/930 4711/5953/928
f 4744/5995/1133 4746/5958/1134 4739/5958/912 4743/5991/917
f 4745/5956/1131 4744/5995/1133 4743/5991/917 4709/5952/926
f 4745/5956/1131 4748/5996/1135 4747/5997/1136 4744/5995/1133
f 4744/5995/1133 4747/5997/1136 4749/5998/1137 4746/5958/1134
f 4748/5996/1135 4752/5999/1138 4750/6000/1139 4747/5997/1136
f 4747/5997/1136 4750/6000/1139 4753/6001/1140 4749/5998/1137
f 4750/6000/1139 4751/6002/919 4755/6003/918 4753/6001/1140
f 4752/5999/1138 4796/6004/921 4751/6002/919 4750/6000/1139
f 4749/6005/1137 4753/6006/1140 4754/6007/1141 5577/6008/1142
f 4754/6007/1141 4753/6006/1140 4755/6009/918 4756/6010/907
f 4756/6010/907 4755/6009/918 4757/6011/884 4758/6012/888
f 4751/6002/919 4760/6013/881 4757/6014/884 4755/6003/918
f 4758/6012/888 4757/6011/884 4759/6015/883 4767/6016/885
f 4760/6013/881 4762/6017/880 4759/6018/883 4757/6014/884
f 4761/6019/879 4763/6020/876 4762/6017/880 4760/6013/881
f 4796/6004/921 4761/6019/879 4760/6013/881 4751/6002/919
f 4766/6021/874 4764/6022/882 4762/6023/880 4763/6024/876
f 4764/6022/882 4767/6025/885 4759/6026/883 4762/6023/880
f 4765/6027/886 4768/6028/887 4767/6025/885 4764/6022/882
f 4783/6029/873 4765/6027/886 4764/6022/882 4766/6021/874
f 4769/6030/889 4758/6012/888 4767/6016/885 4768/6031/887
f 4771/6032/890 4769/6030/889 4768/6031/887 4770/6033/891
f 4772/6034/892 4770/6035/891 4768/6028/887 4765/6027/886
f 4774/6036/893 4771/6032/890 4770/6033/891 4773/6037/894
f 4773/6038/894 4770/6035/891 4772/6034/892 4775/6039/895
f 4775/6039/895 4772/6034/892 4777/6040/875 4776/6041/896
f 4776/6041/896 4777/6040/875 4780/6042/871 4778/6043/897
f 4779/6044/667 4778/6043/667 4780/6042/667 4781/6045/667
f 4782/6046/870 4785/6047/670 4781/6045/666 4780/6042/871
f 4780/6042/871 4777/6040/875 4783/6029/873 4782/6046/870
f 4782/6046/870 4783/6029/873 4766/6021/874 4784/6048/872
f 4784/6048/872 4787/6049/642 4785/6047/670 4782/6046/870
f 4781/6045/666 4785/6047/670 4786/6050/658 5558/6051/659
f 4785/6047/670 4787/6049/642 4788/6052/644 4786/6050/658
f 4787/6049/642 4789/6053/1143 4790/6054/643 4788/6052/644
f 4792/6055/877 4789/6053/1143 4787/6049/642 4784/6048/872
f 4791/6056/637 5566/6057/636 4790/6058/643 4789/6059/1143
f 4793/6060/878 4791/6056/637 4789/6059/1143 4792/6061/877
f 4793/6060/878 4792/6061/877 4763/6020/876 4761/6019/879
f 4784/6048/872 4766/6021/874 4763/6024/876 4792/6055/877
f 4794/6062/924 4797/6063/866 4791/6056/637 4793/6060/878
f 4794/6062/924 4793/6060/878 4761/6019/879 4796/6004/921
f 4795/6064/1144 4799/6065/631 4797/6063/866 4794/6062/924
f 4795/6064/1144 4794/6062/924 4796/6004/921 4752/5999/1138
f 4797/6063/866 4798/6066/635 5566/6057/636 4791/6056/637
f 4799/6065/631 4801/6067/630 4798/6066/635 4797/6063/866
f 4799/6065/631 4800/6068/628 4803/6069/627 4801/6067/630
f 4800/6068/629 4799/6065/629 4795/6064/629 5567/6070/629
f 4801/6067/630 4802/6071/865 5546/6072/648 4798/6066/635
f 4801/6067/630 4803/6069/627 4804/6073/626 4802/6071/865
f 4800/6068/628 4806/6074/628 4805/6075/627 4803/6076/627
f 4803/6076/627 4805/6075/627 4807/6077/626 4804/6073/626
f 4808/6078/627 4805/6079/627 4806/6074/628 4810/6080/628
f 4811/6081/626 4807/6077/626 4805/6079/627 4808/6078/627
f 4808/6082/627 4809/6083/1036 4812/6084/1034 4811/6081/626
f 4810/6080/628 4867/6085/1039 4809/6083/1036 4808/6082/627
f 4811/6081/626 4812/6084/1034 4814/6086/1033 4813/6087/625
f 4813/6087/625 4816/6088/625 4807/6077/626 4811/6081/626
f 4813/6089/625 4814/6090/1033 4859/6091/995 4815/6092/624
f 4815/6093/624 4818/6094/624 4816/6095/625 4813/6089/625
f 4804/6073/626 4807/6077/626 4816/6088/625 4817/6096/625
f 4817/6097/625 4816/6095/625 4818/6094/624 4819/6098/624
f 4819/6098/624 4818/6094/624 4820/6099/622 4821/6100/622
f 4823/6101/622 4820/6099/622 4818/6094/624 4815/6093/624
f 4821/6100/622 4820/6099/622 4822/6102/623 5537/6103/623
f 4825/6104/623 4822/6102/623 4820/6099/622 4823/6101/622
f 4823/6101/622 4824/6105/1145 4827/6106/989 4825/6104/623
f 4815/6092/624 4859/6091/995 4824/6105/1145 4823/6101/622
f 4826/6107/621 5534/6108/621 4822/6102/621 4825/6104/621
f 4828/6109/621 4826/6107/621 4825/6104/621 4827/6106/621
f 4830/6110/621 4828/6109/621 4827/6106/621 4829/6111/621
f 4829/6111/988 4827/6106/989 4824/6112/1145 4831/6113/1146
f 4832/6114/986 4835/6115/985 4830/6110/987 4829/6111/988
f 4829/6111/988 4831/6113/1146 4833/6116/992 4832/6114/986
f 4832/6114/986 4833/6116/992 4856/6117/976 4834/6118/977
f 4834/6118/977 4836/6119/980 4835/6115/985 4832/6114/986
f 4839/5806/978 4837/5805/981 4836/6119/980 4834/6118/977
f 4841/6120/979 4838/6121/982 4837/4601/981 4839/6122/978
f 4841/6120/979 4839/6122/978 4840/6123/974 4843/6124/973
f 4834/6118/977 4856/6117/976 4840/5854/974 4839/5806/978
f 4842/6125/962 4932/6126/983 4838/6121/982 4841/6120/979
f 4842/6125/962 4841/6120/979 4843/6124/973 4844/6127/960
f 4844/6127/960 4843/6124/973 4845/6128/969 4846/6129/961
f 4843/6124/973 4840/6123/974 4847/6130/972 4845/6128/969
f 4846/6129/961 4845/6128/969 4848/6131/967 4849/6131/963
f 4845/6128/969 4847/6130/972 4851/6132/970 4848/6131/967
f 5533/6133/966 4849/6134/963 4848/6134/967 4850/6135/968
f 4850/6135/968 4848/6134/967 4851/6134/970 4852/6136/1147
f 4854/6137/975 4852/6138/1147 4851/5826/970 4847/5849/972
f 4861/6139/1014 4850/6135/968 4852/6136/1147 4853/6140/1016
f 4855/6141/994 4853/6142/1016 4852/6138/1147 4854/6137/975
f 4833/6116/992 4855/6141/994 4854/6137/975 4856/6117/976
f 4856/6117/976 4854/6137/975 4847/5849/972 4840/5854/974
f 4857/6143/993 4858/5826/1148 4853/6142/1016 4855/6141/994
f 4831/6113/1146 4857/6143/993 4855/6141/994 4833/6116/992
f 4831/6113/1146 4824/6112/1145 4859/6091/995 4857/6143/993
f 4857/6143/993 4859/6091/995 4814/6090/1033 4858/5826/1148
f 4860/6144/1015 4861/6139/1014 4853/6140/1016 4858/6134/1148
f 4858/6134/1148 4814/6086/1033 4812/6084/1034 4860/6145/1015
f 4862/6146/1013 4863/6147/1012 4861/6139/1014 4860/6144/1015
f 4860/6145/1015 4812/6084/1034 4809/6148/1036 4862/6149/1013
f 4864/6150/1117 4869/6151/1118 4863/6147/1012 4862/6146/1013
f 4862/6149/1013 4809/6148/1036 4867/6085/1039 4864/6152/1117
f 5130/6153/629 4868/6154/629 4864/6150/629 4865/6155/629
f 4865/6156/629 4864/6157/629 4866/6158/629 5137/6159/629
f 4864/6152/629 4867/6085/629 5175/6160/629 4866/6158/629
f 4871/6161/927 4869/6151/1118 4864/6150/1117 4868/6154/1130
f 4869/6151/1118 4870/6162/965 5533/6133/966 4863/6147/1012
f 4873/6163/1149 4870/6162/965 4869/6151/1118 4871/6161/927
f 4871/6164/927 4872/6165/926 4874/6166/928 4873/6167/1149
f 4868/6168/1130 4954/6169/1131 4872/6165/926 4871/6164/927
f 4873/6167/1149 4874/6166/928 4877/6170/931 4875/6171/932
f 4875/6171/932 4878/6134/964 4870/6162/965 4873/6163/1149
f 4876/6172/934 4879/6173/959 4878/6131/964 4875/6174/932
f 4876/6172/934 4875/6174/932 4877/6175/931 4886/6176/935
f 4870/6162/965 4878/6134/964 4849/6134/963 5533/6133/966
f 4879/6173/959 4846/6129/961 4849/6131/963 4878/6131/964
f 4880/6177/957 4844/6127/960 4846/6129/961 4879/6173/959
f 4882/6178/937 4880/6177/957 4879/6173/959 4876/6172/934
f 4881/6179/958 4842/6125/962 4844/6127/960 4880/6177/957
f 4883/6180/956 4881/6179/958 4880/6177/957 4882/6178/937
f 4883/6180/956 4882/6178/937 4884/6181/938 4885/6182/954
f 4882/6178/937 4876/6172/934 4886/6176/935 4884/6181/938
f 4885/6182/954 4884/6181/938 4887/6183/939 4888/6184/952
f 4884/6181/938 4886/6176/935 4889/6185/936 4887/6183/939
f 4888/6184/952 4887/6183/939 4890/6186/941 4891/6187/947
f 4887/6183/939 4889/6185/936 4893/6188/940 4890/6186/941
f 4924/6189/946 4891/6190/947 4890/6191/941 4892/6192/943
f 4892/6192/943 4890/6191/941 4893/6193/940 4894/6194/944
f 4894/6194/944 4893/6193/940 4895/6195/942 4896/6196/945
f 4889/6185/936 4897/6197/1132 4895/6174/942 4893/6188/940
f 4898/6198/930 4896/6171/945 4895/6171/942 4897/6199/1132
f 4874/6166/928 4898/6198/930 4897/6199/1132 4877/6170/931
f 4886/6176/935 4877/6175/931 4897/6197/1132 4889/6185/936
f 4899/6200/917 4901/6171/912 4896/6171/945 4898/6198/930
f 4872/6165/926 4899/6200/917 4898/6198/930 4874/6166/928
f 4900/6201/1133 4903/6171/1134 4901/6171/912 4899/6200/917
f 4954/6169/1131 4900/6201/1133 4899/6200/917 4872/6165/926
f 4902/6202/910 4894/6194/944 4896/6196/945 4901/6196/912
f 4904/6203/1150 4902/6202/910 4901/6196/912 4903/6196/1134
f 4906/6204/1142 4904/6203/1150 4903/6196/1134 4905/6205/1137
f 4905/6206/1137 4903/6171/1134 4900/6201/1133 4907/6207/1136
f 4911/6208/710 4906/6204/1142 4905/6205/1137 4908/6209/711
f 4908/6210/711 4905/6206/1137 4907/6211/1136 4910/6212/713
f 4908/6209/711 4909/6213/711 4912/6214/710 4911/6215/710
f 4910/6216/713 4948/6217/713 4909/6218/711 4908/6210/711
f 4911/6215/710 4912/6214/710 4914/6219/709 4913/6220/709
f 4913/6220/709 4916/6221/1151 4906/6204/1142 4911/6208/710
f 4913/6220/709 4914/6219/709 4936/6222/708 4915/6223/708
f 4915/6223/708 4918/6224/1152 4916/6221/1151 4913/6220/709
f 4916/6221/1151 4917/6225/1153 4904/6203/1150 4906/6204/1142
f 4918/6224/1152 4920/6226/1154 4917/6225/1153 4916/6221/1151
f 4919/6227/700 4921/6228/700 4920/6226/700 4918/6224/700
f 4933/6229/700 4919/6227/700 4918/6224/700 4915/6223/700
f 4925/6230/948 4922/6231/911 4920/6226/1154 4921/6228/1119
f 4920/6226/1154 4922/6231/911 4923/6232/909 4917/6225/1153
f 4922/6231/911 4924/6189/946 4892/6192/943 4923/6232/909
f 4926/6233/949 4924/6189/946 4922/6231/911 4925/6230/948
f 4927/6234/950 4891/6190/947 4924/6189/946 4926/6233/949
f 4928/6235/951 4888/6184/952 4891/6187/947 4927/6236/950
f 4929/6237/953 4885/6182/954 4888/6184/952 4928/6235/951
f 4930/6238/955 4883/6180/956 4885/6182/954 4929/6237/953
f 4930/6238/667 4931/6239/667 4881/6179/667 4883/6180/667
f 4881/6179/958 4931/6239/984 4932/6126/983 4842/6125/962
f 4917/6225/1153 4923/6232/909 4902/6202/910 4904/6203/1150
f 4923/6232/909 4892/6192/943 4894/6194/944 4902/6202/910
f 4934/6240/700 4933/6229/700 4915/6223/700 4936/6222/700
f 4935/6241/700 4934/6240/700 4936/6222/700 4937/6242/700
f 4937/6242/708 4936/6222/708 4914/6219/709 4939/6243/709
f 5526/6244/700 4935/6241/700 4937/6242/700 4938/6245/700
f 4939/6243/709 4940/6246/1155 4938/6245/1156 4937/6242/708
f 4941/6247/710 4942/6248/1141 4940/6246/1155 4939/6243/709
f 4939/6243/709 4914/6219/709 4912/6214/710 4941/6249/710
f 4943/6250/711 4944/6251/1157 4942/6248/1141 4941/6247/710
f 4941/6249/710 4912/6214/710 4909/6213/711 4943/6250/711
f 4945/6252/713 4946/6253/1139 4944/6254/1157 4943/6255/711
f 4943/6255/711 4909/6218/711 4948/6256/713 4945/6257/713
f 4947/6258/719 5516/6259/1138 4946/6253/1139 4945/6252/713
f 4945/6257/713 4948/6256/713 4949/6260/719 4947/6261/719
f 4951/6262/719 4949/6263/719 4948/6217/713 4910/6216/713
f 4947/6261/719 4949/6260/719 4950/6264/722 5518/6265/722
f 4952/6266/722 4950/6264/722 4949/6263/719 4951/6262/719
f 4951/6267/719 4953/6268/1135 4955/6269/1158 4952/6266/722
f 4910/6212/713 4907/6211/1136 4953/6268/1135 4951/6267/719
f 4953/6270/1135 4954/6169/1131 4868/6168/1130 4955/6269/1158
f 4907/6207/1136 4900/6201/1133 4954/6169/1131 4953/6270/1135
f 4956/6271/629 4957/6272/629 4952/6266/629 4955/6269/629
f 4958/6273/629 4956/6271/629 4955/6269/629 4868/6168/629
f 4957/6272/628 4956/6271/628 4959/6274/627 4960/6275/627
f 4962/6276/627 4959/6274/627 4956/6271/628 4958/6273/628
f 4960/6275/627 4959/6274/627 4961/6277/626 5532/6278/626
f 4964/6279/626 4961/6280/626 4959/6274/627 4962/6276/627
f 4962/6276/627 4963/6281/830 4965/6282/832 4964/6283/626
f 4958/6273/628 5129/6284/828 4963/6281/830 4962/6276/627
f 4964/6283/626 4965/6282/832 4967/6285/835 4966/6286/625
f 4966/6286/625 4969/6287/625 4961/6280/626 4964/6279/626
f 4966/6288/625 4967/6289/835 5428/6290/837 4968/6291/624
f 4968/6291/624 4971/6292/624 4969/6293/625 4966/6288/625
f 5532/6278/626 4961/6277/626 4969/6287/625 4970/6294/625
f 4970/6295/625 4969/6293/625 4971/6292/624 4972/6296/624
f 4972/6296/624 4971/6292/624 4973/6297/622 4974/6298/622
f 4976/6299/622 4973/6297/622 4971/6292/624 4968/6291/624
f 4974/6298/622 4973/6297/622 4975/6300/623 5432/6301/623
f 4978/6302/623 4975/6303/623 4973/6297/622 4976/6299/622
f 4976/6299/622 4977/6304/857 4980/6305/856 4978/6302/623
f 4968/6291/624 5428/6290/837 4977/6304/857 4976/6299/622
f 4979/6306/621 5429/6307/621 4975/6303/621 4978/6302/621
f 4981/6308/621 4979/6306/621 4978/6302/621 4980/6305/621
f 4982/6309/854 4985/6310/853 4981/6308/855 4980/6305/856
f 4980/6305/856 4977/6304/857 4983/6311/858 4982/6309/854
f 4982/6309/854 4983/6311/858 4994/6312/848 4984/6313/849
f 4984/6313/849 4986/6314/851 4985/6310/853 4982/6309/854
f 4989/6315/847 4987/5918/850 4986/6314/851 4984/6313/849
f 4990/6316/846 4988/6317/852 4987/6318/850 4989/6319/847
f 4990/6316/846 4989/6319/847 4991/6320/845 4992/6321/844
f 4984/6313/849 4994/6312/848 4991/6322/845 4989/6315/847
f 4992/6321/844 4991/6320/845 4993/6323/841 5003/6324/843
f 4994/6312/848 4995/6325/839 4993/6326/841 4991/6322/845
f 4983/6311/858 4996/6327/838 4995/6325/839 4994/6312/848
f 4996/6327/838 4999/6328/834 4997/6329/836 4995/6325/839
f 4995/6325/839 4997/6329/836 5000/6330/1159 4993/6326/841
f 4998/6331/833 5001/6332/842 5000/6333/1159 4997/6334/836
f 5128/6335/831 4998/6331/833 4997/6334/836 4999/6336/834
f 5003/6324/843 4993/6323/841 5000/6337/1159 5001/6338/842
f 5004/6339/820 5003/6324/843 5001/6338/842 5002/6340/822
f 5126/6341/825 5002/6342/822 5001/6332/842 4998/6331/833
f 5005/6343/819 4992/6321/844 5003/6324/843 5004/6339/820
f 5007/6344/1160 5005/6343/819 5004/6339/820 5006/6345/818
f 5006/6345/818 5004/6339/820 5002/6340/822 5008/6346/823
f 5012/6347/1121 5007/6344/1160 5006/6345/818 5009/6348/1122
f 5009/6348/1122 5006/6345/818 5008/6346/823 5011/6349/1123
f 5009/6348/1122 5010/6350/1100 5013/6351/1107 5012/6347/1121
f 5011/6349/1123 5121/6352/1120 5010/6350/1100 5009/6348/1122
f 5012/6347/1121 5013/6351/1107 5017/6353/1108 5014/6354/1124
f 5014/6355/1124 5015/6356/816 5007/6344/1160 5012/6347/1121
f 5016/6357/678 5425/6358/678 5015/6356/678 5014/6355/678
f 5018/6359/678 5016/6357/678 5014/6354/678 5017/6353/678
f 5018/6359/1070 5017/6353/1108 5019/6360/1069 5022/6361/1068
f 5017/6353/1108 5013/6351/1107 5020/6362/1053 5019/6360/1069
f 5019/6360/1069 5020/6362/1053 5420/6363/1054 5021/6364/1067
f 5022/6361/1068 5019/6360/1069 5021/6364/1067 5023/6365/1066
f 5023/6365/1066 5021/6364/1067 5025/6366/1062 5024/6367/1065
f 5024/6368/1065 5025/6369/1062 5027/6370/1061 5026/6371/1064
f 5026/6371/1064 5027/6370/1061 5029/6372/1026 5028/6373/1063
f 5028/6373/1063 5029/6372/1026 5032/6374/1023 5030/6375/1109
f 5031/6376/621 5030/6375/621 5032/6374/621 5033/6377/621
f 5034/6378/1021 5037/6379/1019 5033/6377/1020 5032/6374/1023
f 5032/6374/1023 5029/6372/1026 5035/6380/1024 5034/6378/1021
f 5034/6378/1021 5035/6380/1024 5107/6381/1025 5036/6382/1022
f 5036/6382/1022 5038/6383/1018 5037/6379/1019 5034/6378/1021
f 5038/6384/1018 5040/6385/624 5039/6386/622 5037/6379/1019
f 5037/6379/1019 5039/6386/622 5041/6387/623 5033/6377/1020
f 5040/6388/624 5044/6389/624 5042/6390/622 5039/6386/622
f 5039/6386/622 5042/6390/622 5045/6391/623 5041/6387/623
f 5042/6390/622 5043/6392/857 5047/6393/856 5045/6391/623
f 5044/6394/624 5421/6395/837 5043/6392/857 5042/6390/622
f 5046/6396/621 5424/6397/621 5041/6387/621 5045/6391/621
f 5048/6398/621 5046/6396/621 5045/6391/621 5047/6393/621
f 5048/6398/855 5047/6393/856 5049/6399/854 5052/6400/853
f 5047/6393/856 5043/6392/857 5050/6401/858 5049/6399/854
f 5049/6399/854 5050/6401/858 5423/6402/848 5051/6403/849
f 5052/6400/853 5049/6399/854 5051/6403/849 5053/6404/851
f 5053/6404/851 5051/6403/849 5055/6405/847 5054/6406/850
f 5054/6407/850 5055/6408/847 5057/6409/846 5056/6410/852
f 5056/6410/852 5057/6409/846 5059/6411/821 5058/6412/1083
f 5058/6412/1083 5059/6411/821 5062/6413/816 5060/6414/1084
f 5061/6415/678 5060/6414/678 5062/6413/678 5063/6416/678
f 5064/6417/817 5067/6418/789 5063/6416/788 5062/6413/816
f 5062/6413/816 5059/6411/821 5065/6419/819 5064/6417/817
f 5064/6417/817 5065/6419/819 5079/6420/820 5066/6421/818
f 5066/6421/818 5069/6422/790 5067/6418/789 5064/6417/817
f 5063/6416/788 5067/6418/789 5068/6423/755 5414/6424/756
f 5067/6418/789 5069/6422/790 5070/6425/741 5068/6423/755
f 5069/6422/790 5071/6426/795 5072/6427/740 5070/6425/741
f 5074/6428/823 5071/6426/795 5069/6422/790 5066/6421/818
f 5073/6429/796 5395/6430/729 5072/6431/740 5071/6432/795
f 5075/6433/824 5073/6429/796 5071/6432/795 5074/6434/823
f 5075/6433/824 5074/6434/823 5076/6435/822 5077/6436/825
f 5066/6421/818 5079/6420/820 5076/6437/822 5074/6428/823
f 5077/6436/825 5076/6435/822 5078/6438/842 5088/6439/833
f 5079/6420/820 5080/6440/843 5078/6441/842 5076/6437/822
f 5065/6419/819 5081/6442/844 5080/6440/843 5079/6420/820
f 5081/6442/844 5084/6443/845 5082/6444/841 5080/6440/843
f 5080/6440/843 5082/6444/841 5085/6445/1161 5078/6441/842
f 5083/6446/839 5086/6447/836 5085/6448/1161 5082/6449/841
f 5423/6402/848 5083/6446/839 5082/6449/841 5084/6450/845
f 5088/6439/833 5078/6438/842 5085/6451/1161 5086/6452/836
f 5089/6453/831 5088/6439/833 5086/6452/836 5087/6454/834
f 5422/6455/838 5087/6456/834 5086/6447/836 5083/6446/839
f 5090/6457/829 5077/6436/825 5088/6439/833 5089/6453/831
f 5092/6458/830 5090/6457/829 5089/6453/831 5091/6459/832
f 5091/6459/832 5089/6453/831 5087/6454/834 5093/6460/835
f 5095/6461/627 5092/6458/830 5091/6459/832 5094/6462/626
f 5094/6462/626 5091/6459/832 5093/6460/835 5096/6463/625
f 5098/6464/627 5095/6465/627 5094/6462/626 5097/6466/626
f 5097/6466/626 5094/6462/626 5096/6463/625 5100/6467/625
f 5132/6468/1035 5098/6469/627 5097/6466/626 5099/6470/1031
f 5099/6470/1031 5097/6466/626 5100/6467/625 5101/6471/1029
f 5101/6472/1029 5100/6473/625 5040/6385/624 5038/6384/1018
f 5100/6473/625 5096/6474/625 5044/6389/624 5040/6388/624
f 5103/6475/1030 5099/6470/1031 5101/6471/1029 5102/6476/1028
f 5102/6477/1028 5101/6472/1029 5038/6383/1018 5036/6382/1022
f 5103/6475/1030 5102/6476/1028 5104/6478/1027 5105/6479/1032
f 5036/6382/1022 5107/6381/1025 5104/6477/1027 5102/6477/1028
f 5105/6479/1032 5104/6478/1027 5106/6478/1060 5116/6480/1045
f 5107/6381/1025 5108/6481/1059 5106/6477/1060 5104/6477/1027
f 5035/6380/1024 5109/6482/1058 5108/6481/1059 5107/6381/1025
f 5109/6482/1058 5112/6483/1056 5110/6484/1055 5108/6481/1059
f 5108/6481/1059 5110/6484/1055 5113/6485/1057 5106/6477/1060
f 5111/6486/1051 5114/6487/1162 5113/6352/1057 5110/6488/1055
f 5420/6363/1054 5111/6486/1051 5110/6488/1055 5112/6489/1056
f 5116/6480/1045 5106/6478/1060 5113/6478/1057 5114/6490/1162
f 5117/6491/1043 5116/6480/1045 5114/6490/1162 5115/6492/1046
f 5419/6493/1050 5115/6494/1046 5114/6487/1162 5111/6486/1051
f 5118/6495/1041 5105/6479/1032 5116/6480/1045 5117/6491/1043
f 5120/6496/1112 5118/6495/1041 5117/6491/1043 5119/6497/1098
f 5119/6497/1098 5117/6491/1043 5115/6492/1046 5121/6478/1120
f 5123/6498/1126 5120/6499/1112 5119/6500/1098 5122/6501/1125
f 5122/6501/1125 5119/6500/1098 5121/6478/1120 5011/6502/1123
f 5122/6501/1125 5124/6503/824 5125/6504/826 5123/6505/1126
f 5011/6502/1123 5008/6506/823 5124/6503/824 5122/6501/1125
f 5125/6504/826 5124/6503/824 5126/6341/825 5127/6507/829
f 5124/6503/824 5008/6506/823 5002/6342/822 5126/6341/825
f 5127/6507/829 5126/6341/825 4998/6331/833 5128/6335/831
f 5129/6284/828 5125/6504/826 5127/6507/829 4963/6281/830
f 4963/6281/830 5127/6507/829 5128/6335/831 4965/6282/832
f 4965/6282/832 5128/6335/831 4999/6336/834 4967/6285/835
f 5123/6505/1126 5125/6504/826 5129/6284/828 5130/6153/1129
f 5129/6284/629 4958/6273/629 4868/6508/629 5130/6153/629
f 5130/6153/1129 4865/6155/1128 5120/6499/1112 5123/6498/1126
f 5010/6350/1100 5121/6352/1120 5115/6494/1046 5419/6493/1050
f 4865/6509/1128 5131/6510/1037 5118/6495/1041 5120/6496/1112
f 5131/6510/1037 5103/6475/1030 5105/6479/1032 5118/6495/1041
f 4865/6509/1128 5133/6511/1038 5132/6512/1035 5131/6510/1037
f 5131/6510/1037 5132/6512/1035 5099/6470/1031 5103/6475/1030
f 5133/6511/1038 5134/6513/628 5098/6469/627 5132/6468/1035
f 5134/6513/629 5133/6511/629 5135/6514/629 5136/6515/629
f 5133/6511/629 4865/6509/629 5137/6159/629 5135/6514/629
f 5136/6515/722 5135/6514/722 5138/6516/719 5139/6517/719
f 5135/6514/722 5137/6159/722 5141/6518/719 5138/6516/719
f 5139/6517/719 5138/6516/719 5140/6519/713 5388/6520/713
f 5138/6516/719 5141/6518/719 5143/6521/713 5140/6519/713
f 5141/6518/719 5142/6522/719 5144/6523/713 5143/6521/713
f 5137/6159/722 4866/6158/722 5142/6522/719 5141/6518/719
f 5143/6521/713 5144/6523/713 5146/6524/711 5145/6525/711
f 5140/6519/713 5143/6521/713 5145/6525/711 5148/6526/711
f 5145/6527/711 5146/6528/711 5169/6529/710 5147/6530/710
f 5148/6531/711 5145/6527/711 5147/6530/710 5150/6532/710
f 5388/6520/713 5140/6519/713 5148/6526/711 5149/6533/711
f 5149/6534/711 5148/6531/711 5150/6532/710 5151/6535/710
f 5151/6535/710 5150/6532/710 5152/6536/709 5153/6537/709
f 5150/6532/710 5147/6530/710 5155/6538/709 5152/6536/709
f 5153/6537/709 5152/6536/709 5154/6539/708 5371/6540/708
f 5152/6536/709 5155/6538/709 5157/6541/708 5154/6539/708
f 5155/6538/709 5156/6542/709 5159/6543/708 5157/6541/708
f 5147/6530/710 5169/6529/710 5156/6542/709 5155/6538/709
f 5158/6544/700 5369/6545/700 5154/6539/700 5157/6541/700
f 5160/6546/700 5158/6544/700 5157/6541/700 5159/6543/700
f 5162/6547/700 5160/6546/700 5159/6543/700 5161/6548/700
f 5161/6548/701 5159/6543/708 5156/6542/709 5164/6549/702
f 5262/6550/700 5162/6547/700 5161/6551/700 5163/6552/700
f 5164/6549/702 5165/6553/703 5163/6552/699 5161/6551/701
f 5166/6554/707 5167/6555/705 5165/6553/703 5164/6549/702
f 5164/6549/702 5156/6542/709 5169/6556/710 5166/6554/707
f 5168/6557/712 5170/6558/1163 5167/6555/705 5166/6554/707
f 5166/6554/707 5169/6556/710 5146/6528/711 5168/6557/712
f 5171/6559/714 5172/6560/716 5170/6561/1163 5168/6562/712
f 5168/6562/712 5146/6524/711 5144/6523/713 5171/6559/714
f 5173/6563/717 5174/6564/1164 5172/6560/716 5171/6559/714
f 5171/6559/714 5144/6523/713 5142/6522/719 5173/6563/717
f 5175/6160/720 5176/6565/721 5174/6564/1164 5173/6563/717
f 5173/6563/717 5142/6522/719 4866/6158/722 5175/6160/720
f 4867/6085/629 4810/6080/629 5176/6565/629 5175/6160/629
f 4810/6080/629 4806/6074/629 4704/6566/629 5176/6567/629
f 5176/5937/721 4702/5940/679 5180/6568/680 5177/6569/798
f 5176/5937/721 5177/6569/798 5178/6570/732 5174/6571/1164
f 5177/6569/798 5179/6572/794 5277/6573/733 5178/6570/732
f 5177/6569/798 5180/6568/680 5181/6574/681 5179/6572/794
f 5182/6575/1165 5180/6576/680 4702/5940/679 5184/5943/799
f 5185/6577/796 5181/6574/681 5180/6576/680 5182/6575/1165
f 5182/6575/1165 5183/6578/728 5186/6579/729 5185/6577/796
f 5184/5943/799 5220/6580/723 5183/6578/728 5182/6575/1165
f 5185/6577/796 5186/6579/729 5189/6581/740 5187/6582/795
f 5187/6582/795 5190/6583/682 5181/6574/681 5185/6577/796
f 5188/6584/790 5192/6585/683 5190/6586/682 5187/6587/795
f 5188/6584/790 5187/6587/795 5189/6588/740 5201/6589/741
f 5179/6572/794 5181/6574/681 5190/6583/682 5191/6561/793
f 5191/6590/793 5190/6586/682 5192/6585/683 5193/6591/1104
f 5193/6591/1104 5192/6585/683 5194/6592/684 5195/6593/791
f 5197/6594/789 5194/6592/684 5192/6585/683 5188/6584/790
f 5195/6593/791 5194/6592/684 5196/6595/685 5251/6596/686
f 5198/6597/788 5196/6595/685 5194/6592/684 5197/6594/789
f 5198/6597/788 5197/6594/789 5199/6598/755 5200/6599/756
f 5197/6594/789 5188/6584/790 5201/6589/741 5199/6598/755
f 5200/6599/756 5199/6598/755 5202/6600/752 5203/6601/757
f 5199/6598/755 5201/6589/741 5204/6602/743 5202/6600/752
f 5203/6601/757 5202/6600/752 5205/6603/753 5206/6604/758
f 5202/6600/752 5204/6602/743 5207/6605/750 5205/6603/753
f 5209/6606/787 5206/6607/758 5205/6608/753 5208/6609/754
f 5208/6609/754 5205/6608/753 5207/6610/750 5211/6611/749
f 5242/6612/784 5209/6606/787 5208/6609/754 5210/6613/811
f 5210/6613/811 5208/6609/754 5211/6611/749 5212/6614/751
f 5212/6614/751 5211/6611/749 5213/6615/747 5214/6616/746
f 5211/6611/749 5207/6610/750 5216/6617/1080 5213/6615/747
f 5218/6618/745 5214/6619/746 5213/6620/747 5215/6621/744
f 5215/6621/744 5213/6620/747 5216/6622/1080 5217/6623/742
f 5204/6602/743 5217/6624/742 5216/6625/1080 5207/6605/750
f 5186/6579/729 5215/6621/744 5217/6623/742 5189/6581/740
f 5201/6589/741 5189/6588/740 5217/6624/742 5204/6602/743
f 5183/6578/728 5218/6618/745 5215/6621/744 5186/6579/729
f 5219/6626/1078 5221/6627/1077 5214/6619/746 5218/6618/745
f 5220/6580/723 5219/6626/1078 5218/6618/745 5183/6578/728
f 5220/6580/723 5223/6628/719 5222/6629/713 5219/6626/1078
f 5219/6626/1078 5222/6629/713 5224/6630/711 5221/6627/1077
f 5223/6631/719 5227/6632/719 5225/6633/713 5222/6634/713
f 5222/6634/713 5225/6633/713 5228/6635/711 5224/6630/711
f 5225/6636/713 5226/6637/713 5229/6638/711 5228/6635/711
f 5227/6639/719 5297/6640/719 5226/6637/713 5225/6636/713
f 5228/6641/711 5229/6642/711 5231/6643/710 5230/6644/710
f 5224/6645/711 5228/6641/711 5230/6644/710 5233/6646/710
f 5230/6644/710 5231/6643/710 5285/6647/709 5232/6648/709
f 5233/6646/710 5230/6644/710 5232/6648/709 5235/6649/709
f 5221/6650/1077 5224/6645/711 5233/6646/710 5234/6651/780
f 5234/6651/780 5233/6646/710 5235/6649/709 5236/6652/781
f 5236/6652/781 5235/6649/709 5237/6653/708 5240/6654/782
f 5235/6649/709 5232/6648/709 5239/6655/708 5237/6656/708
f 5238/6657/700 5241/6658/700 5240/6654/700 5237/6653/700
f 5281/6659/700 5238/6657/700 5237/6656/700 5239/6655/700
f 5243/6660/783 5242/6612/784 5240/6654/782 5241/6658/785
f 5240/6654/782 5242/6612/784 5210/6613/811 5236/6652/781
f 5244/6661/786 5209/6606/787 5242/6612/784 5243/6660/783
f 5245/6662/761 5206/6607/758 5209/6606/787 5244/6661/786
f 5246/6663/759 5203/6601/757 5206/6604/758 5245/6664/761
f 5247/6665/760 5200/6599/756 5203/6601/757 5246/6663/759
f 5248/6666/762 5198/6597/788 5200/6599/756 5247/6665/760
f 5248/6666/678 5249/6667/678 5196/6595/678 5198/6597/678
f 5249/6667/678 5250/6668/678 5251/6596/678 5196/6595/678
f 5251/6596/686 5250/6668/687 5252/6669/688 5253/6670/689
f 5253/6670/689 5252/6669/688 5254/6671/690 5255/6672/691
f 5255/6672/691 5254/6671/690 5256/6673/692 5257/6674/693
f 5257/6675/693 5256/6676/692 5258/6677/694 5259/6678/695
f 5259/6678/695 5258/6677/694 5260/6679/696 5261/6680/697
f 5261/6680/697 5260/6679/696 5262/6550/698 5163/6552/699
f 5261/6680/697 5263/6681/704 5265/6682/779 5259/6678/695
f 5163/6552/699 5165/6553/703 5263/6681/704 5261/6680/697
f 5165/6553/703 5167/6555/705 5264/6683/706 5263/6681/704
f 5263/6681/704 5264/6683/706 5266/6684/776 5265/6682/779
f 5259/6678/695 5265/6682/779 5267/6685/771 5257/6675/693
f 5265/6682/779 5266/6684/776 5269/6686/772 5267/6685/771
f 5255/6672/691 5257/6674/693 5267/6687/771 5268/6688/768
f 5268/6688/768 5267/6687/771 5269/6689/772 5270/6690/769
f 5270/6690/769 5269/6689/772 5271/6691/773 5272/6590/770
f 5266/6684/776 5273/6692/775 5271/6558/773 5269/6686/772
f 5274/6693/774 5272/6561/770 5271/6561/773 5273/6694/775
f 5276/6695/777 5274/6693/774 5273/6694/775 5275/6696/778
f 5264/6683/706 5275/6697/778 5273/6692/775 5266/6684/776
f 5172/6698/716 5276/6695/777 5275/6696/778 5170/6561/1163
f 5167/6555/705 5170/6558/1163 5275/6697/778 5264/6683/706
f 5178/6570/732 5277/6573/733 5274/6693/774 5276/6695/777
f 5174/6571/1164 5178/6570/732 5276/6695/777 5172/6698/716
f 5277/6573/733 5278/6561/735 5272/6561/770 5274/6693/774
f 5179/6572/794 5191/6561/793 5278/6561/735 5277/6573/733
f 5193/6591/1104 5279/6699/738 5278/6590/735 5191/6590/793
f 5279/6699/738 5270/6690/769 5272/6590/770 5278/6590/735
f 5280/6700/767 5268/6688/768 5270/6690/769 5279/6699/738
f 5195/6593/791 5280/6700/767 5279/6699/738 5193/6591/1104
f 5253/6670/689 5255/6672/691 5268/6688/768 5280/6700/767
f 5251/6596/686 5253/6670/689 5280/6700/767 5195/6593/791
f 5283/6701/700 5281/6659/700 5239/6702/700 5282/6703/700
f 5232/6648/709 5285/6647/709 5282/6703/708 5239/6702/708
f 5368/6704/700 5283/6701/700 5282/6705/700 5284/6706/700
f 5284/6706/708 5282/6705/708 5285/6647/709 5286/6707/709
f 5286/6707/709 5285/6647/709 5231/6643/710 5288/6708/710
f 5286/6707/709 5287/6709/709 5311/6710/708 5284/6711/708
f 5288/6712/710 5289/6713/710 5287/6709/709 5286/6707/709
f 5290/6714/711 5291/6715/711 5289/6713/710 5288/6712/710
f 5288/6708/710 5231/6643/710 5229/6642/711 5290/6714/711
f 5292/6716/713 5293/6717/713 5291/6718/711 5290/6719/711
f 5290/6719/711 5229/6638/711 5226/6720/713 5292/6721/713
f 5294/6722/719 5295/6723/719 5293/6717/713 5292/6716/713
f 5292/6721/713 5226/6720/713 5297/6724/719 5294/6725/719
f 5296/6726/722 5299/6727/722 5295/6723/719 5294/6722/719
f 5294/6725/719 5297/6724/719 5298/6728/722 5296/6729/722
f 4700/5934/722 5298/5933/722 5297/6640/719 5227/6639/719
f 4699/5894/629 4671/5893/629 5296/6729/629 5298/6728/629
f 4671/5886/629 4664/5885/629 5299/6727/629 5296/6726/629
f 5299/5882/722 4665/5881/722 5300/6730/719 5295/6731/719
f 5295/6731/719 5300/6730/719 5302/6732/713 5293/6733/713
f 5300/6734/719 5301/6735/719 5303/6736/713 5302/6737/713
f 4665/5876/722 4662/5875/722 5301/6735/719 5300/6734/719
f 5302/6737/713 5303/6736/713 5305/6738/711 5304/6739/711
f 5293/6733/713 5302/6732/713 5304/6739/711 5291/6718/711
f 5304/6740/711 5305/6741/711 5307/6742/710 5306/6743/710
f 5291/6715/711 5304/6740/711 5306/6743/710 5289/6713/710
f 5306/6743/710 5307/6742/710 5309/6744/709 5308/6745/709
f 5289/6713/710 5306/6743/710 5308/6745/709 5287/6709/709
f 5308/6745/709 5309/6744/709 5313/6746/708 5310/6747/708
f 5287/6709/709 5308/6745/709 5310/6748/708 5311/6749/708
f 5312/6750/700 5367/6751/700 5311/6749/700 5310/6748/700
f 5314/6752/700 5312/6750/700 5310/6747/700 5313/6746/700
f 5316/6753/700 5314/6752/700 5313/6754/700 5315/6755/700
f 5309/6744/709 5317/6756/1155 5315/6755/1156 5313/6754/708
f 5318/6757/899 5321/6758/898 5316/6753/900 5315/6755/1156
f 5315/6755/1156 5317/6756/1155 5319/6759/905 5318/6757/899
f 5318/6757/899 5319/6759/905 5330/6760/889 5320/6761/890
f 5320/6761/890 5322/6762/893 5321/6758/898 5318/6757/899
f 5325/6763/891 5323/6764/894 5322/6762/893 5320/6761/890
f 5326/6765/892 5324/6766/895 5323/6767/894 5325/6768/891
f 5326/6765/892 5325/6768/891 5327/6769/887 5328/6770/886
f 5320/6761/890 5330/6760/889 5327/6771/887 5325/6763/891
f 5328/6770/886 5327/6769/887 5329/6772/885 5339/6773/882
f 5330/6760/889 5331/6774/888 5329/6775/885 5327/6771/887
f 5319/6759/905 5332/6776/907 5331/6774/888 5330/6760/889
f 5332/6776/907 5335/6777/918 5333/6778/884 5331/6774/888
f 5331/6774/888 5333/6778/884 5336/6779/1166 5329/6775/885
f 5334/6780/881 5337/6781/880 5336/6782/1166 5333/6783/884
f 5356/6784/919 5334/6780/881 5333/6783/884 5335/6785/918
f 5339/6773/882 5329/6772/885 5336/6786/1166 5337/6787/880
f 5340/6788/874 5339/6773/882 5337/6787/880 5338/6789/876
f 5353/6790/879 5338/6791/876 5337/6781/880 5334/6780/881
f 5341/6792/873 5328/6770/886 5339/6773/882 5340/6788/874
f 5343/6793/1167 5341/6792/873 5340/6788/874 5342/6794/872
f 5342/6794/872 5340/6788/874 5338/6789/876 5344/6795/877
f 5346/6796/669 5343/6793/1167 5342/6794/872 5345/6797/641
f 5345/6797/641 5342/6794/872 5344/6795/877 5348/6798/639
f 3186/4045/669 5346/6796/669 5345/6799/641 5347/4048/641
f 5347/4048/641 5345/6799/641 5348/6798/639 3193/4059/639
f 3193/4057/639 5348/6800/639 5349/6801/638 3195/4058/638
f 5348/6800/639 5344/6802/877 5351/6803/878 5349/6801/638
f 3195/4058/638 5349/6801/638 5350/6804/633 3197/4060/633
f 5349/6801/638 5351/6803/878 5352/6805/924 5350/6804/633
f 5352/6805/924 5351/6803/878 5353/6790/879 5354/6806/921
f 5351/6803/878 5344/6802/877 5338/6791/876 5353/6790/879
f 5354/6806/921 5353/6790/879 5334/6780/881 5356/6784/919
f 5360/5873/1144 5352/6805/924 5354/6806/921 5355/6807/1138
f 5355/6807/1138 5354/6806/921 5356/6784/919 5357/6808/1139
f 5357/6808/1139 5356/6784/919 5335/6785/918 5358/6809/1140
f 5301/6810/719 5355/6807/1138 5357/6808/1139 5303/6811/713
f 5303/6811/713 5357/6808/1139 5358/6809/1140 5305/6738/711
f 5359/6812/1141 5358/6813/1140 5335/6777/918 5332/6776/907
f 5305/6741/711 5358/6813/1140 5359/6812/1141 5307/6742/710
f 5307/6742/710 5359/6812/1141 5317/6756/1155 5309/6744/709
f 5317/6756/1155 5359/6812/1141 5332/6776/907 5319/6759/905
f 4662/5871/722 5360/5873/1144 5355/6807/1138 5301/6810/719
f 5350/6804/633 5352/6805/924 5360/5873/1144 4661/5870/634
f 3197/4060/633 5350/6804/633 4661/5870/634 5617/4063/634
f 5361/6814/668 5362/6815/871 5343/6793/1167 5346/6796/669
f 3184/4044/668 5361/6814/668 5346/6796/669 3186/4045/669
f 5363/6816/667 5364/6817/667 5362/6815/667 5361/6814/667
f 3182/4043/667 5363/6816/667 5361/6814/667 3184/4044/667
f 5362/6815/871 5364/6817/897 5365/6818/896 5366/6819/875
f 5366/6819/875 5365/6818/896 5324/6766/895 5326/6765/892
f 5362/6815/871 5366/6819/875 5341/6792/873 5343/6793/1167
f 5366/6819/875 5326/6765/892 5328/6770/886 5341/6792/873
f 5367/6751/700 5368/6704/700 5284/6711/700 5311/6710/700
f 5236/6652/781 5210/6613/811 5212/6614/751 5234/6651/780
f 5234/6651/780 5212/6614/751 5214/6616/746 5221/6650/1077
f 4703/5936/722 4700/5935/722 5227/6632/719 5223/6631/719
f 5184/5943/799 4703/5942/722 5223/6628/719 5220/6580/723
f 5369/6545/700 5370/6820/700 5371/6540/700 5154/6539/700
f 5370/6820/700 5372/6821/700 5374/6822/700 5371/6823/700
f 5372/6821/700 5373/6824/700 5375/6825/700 5374/6822/700
f 5378/6826/781 5376/6827/709 5374/6822/708 5375/6825/782
f 5376/6827/709 5153/6537/709 5371/6823/708 5374/6822/708
f 5377/6828/710 5151/6535/710 5153/6537/709 5376/6827/709
f 5380/6829/780 5377/6830/710 5376/6827/709 5378/6826/781
f 5378/6826/781 5379/6831/811 5381/6832/751 5380/6829/780
f 5375/6825/782 5406/6833/784 5379/6831/811 5378/6826/781
f 5380/6829/780 5381/6832/751 5384/6834/746 5382/6835/1077
f 5382/6835/1077 5385/6836/711 5377/6830/710 5380/6829/780
f 5383/6837/1078 5386/6838/713 5385/6839/711 5382/6840/1077
f 5383/6837/1078 5382/6840/1077 5384/6841/746 5394/6842/745
f 5386/6838/713 5388/6520/713 5149/6533/711 5385/6839/711
f 5385/6836/711 5149/6534/711 5151/6535/710 5377/6828/710
f 5387/6843/719 5139/6517/719 5388/6520/713 5386/6838/713
f 5390/6844/723 5387/6843/719 5386/6838/713 5383/6837/1078
f 5389/6845/722 5136/6515/722 5139/6517/719 5387/6843/719
f 5391/6846/799 5389/6845/722 5387/6843/719 5390/6844/723
f 5391/6846/799 5390/6844/723 5392/6847/728 5393/6848/797
f 5390/6844/723 5383/6837/1078 5394/6842/745 5392/6847/728
f 5393/6848/797 5392/6847/728 5395/6430/729 5073/6429/796
f 5392/6847/728 5394/6842/745 5396/6849/744 5395/6430/729
f 5395/6430/729 5396/6849/744 5398/6850/742 5072/6431/740
f 5394/6842/745 5384/6841/746 5397/6851/747 5396/6849/744
f 5396/6849/744 5397/6851/747 5400/6852/1168 5398/6850/742
f 5070/6425/741 5072/6427/740 5398/6853/742 5399/6854/743
f 5399/6854/743 5398/6853/742 5400/6855/1168 5401/6856/750
f 5403/6857/749 5401/6858/750 5400/6859/1168 5397/6860/747
f 5415/6861/752 5399/6854/743 5401/6856/750 5402/6862/753
f 5404/6863/754 5402/5152/753 5401/6858/750 5403/6857/749
f 5379/6831/811 5404/6863/754 5403/6857/749 5381/6832/751
f 5381/6832/751 5403/6857/749 5397/6860/747 5384/6834/746
f 5405/6864/787 5407/6865/758 5402/5152/753 5404/6863/754
f 5406/6833/784 5405/6864/787 5404/6863/754 5379/6831/811
f 5408/6866/786 5405/6864/787 5406/6833/784 5410/6867/783
f 5409/5158/761 5407/6865/758 5405/6864/787 5408/6866/786
f 5410/6867/783 5406/6833/784 5375/6825/782 5373/6824/785
f 5411/6868/759 5412/6869/757 5407/6870/758 5409/6871/761
f 5413/6872/760 5414/6424/756 5412/6869/757 5411/6868/759
f 5061/6415/762 5063/6416/788 5414/6424/756 5413/6872/760
f 5414/6424/756 5068/6423/755 5415/6861/752 5412/6869/757
f 5412/6869/757 5415/6861/752 5402/6862/753 5407/6870/758
f 5068/6423/755 5070/6425/741 5399/6854/743 5415/6861/752
f 5417/6873/828 5391/6846/799 5393/6848/797 5416/6874/826
f 5416/6874/826 5393/6848/797 5073/6429/796 5075/6433/824
f 5417/6873/828 5416/6874/826 5090/6457/829 5092/6458/830
f 5416/6874/826 5075/6433/824 5077/6436/825 5090/6457/829
f 5418/6875/628 5417/6873/828 5092/6458/830 5095/6461/627
f 5417/6873/629 5418/6875/629 5389/6845/629 5391/6846/629
f 5134/6513/628 5418/6875/628 5095/6465/627 5098/6464/627
f 5418/6875/629 5134/6513/629 5136/6515/629 5389/6845/629
f 5013/6351/1107 5010/6350/1100 5419/6493/1050 5020/6362/1053
f 5020/6362/1053 5419/6493/1050 5111/6486/1051 5420/6363/1054
f 5021/6364/1067 5420/6363/1054 5112/6489/1056 5025/6366/1062
f 5027/6370/1061 5025/6369/1062 5112/6483/1056 5109/6482/1058
f 5029/6372/1026 5027/6370/1061 5109/6482/1058 5035/6380/1024
f 5096/6474/625 5093/6876/835 5421/6395/837 5044/6394/624
f 5421/6395/837 5093/6876/835 5087/6456/834 5422/6455/838
f 5043/6392/857 5421/6395/837 5422/6455/838 5050/6401/858
f 5050/6401/858 5422/6455/838 5083/6446/839 5423/6402/848
f 5051/6403/849 5423/6402/848 5084/6450/845 5055/6405/847
f 5057/6409/846 5055/6408/847 5084/6443/845 5081/6442/844
f 5059/6411/821 5057/6409/846 5081/6442/844 5065/6419/819
f 5424/6397/621 5031/6376/621 5033/6377/621 5041/6387/621
f 5015/6356/816 5425/6358/1084 5426/6877/1083 5427/6878/821
f 5427/6878/821 5426/6877/1083 4988/6317/852 4990/6316/846
f 5015/6356/816 5427/6878/821 5005/6343/819 5007/6344/1160
f 5427/6878/821 4990/6316/846 4992/6321/844 5005/6343/819
f 5428/6290/837 4967/6289/835 4999/6328/834 4996/6327/838
f 4977/6304/857 5428/6290/837 4996/6327/838 4983/6311/858
f 5429/6307/621 5430/6879/621 5432/6301/621 4975/6300/621
f 5430/6879/621 5431/6880/621 5433/6881/621 5432/6301/621
f 5432/6301/623 5433/6881/623 5435/6882/622 4974/6298/622
f 5437/6883/622 5435/6882/622 5433/6884/623 5434/6885/623
f 5431/6880/621 5483/6886/621 5434/6885/621 5433/6884/621
f 4974/6298/622 5435/6882/622 5436/6887/624 4972/6296/624
f 5438/6888/624 5436/6887/624 5435/6882/622 5437/6883/622
f 5442/6889/860 5438/6888/624 5437/6883/622 5439/6890/859
f 5439/6890/859 5437/6883/622 5434/6891/623 5441/6892/861
f 5439/6890/859 5440/6893/862 5443/6894/654 5442/6889/860
f 5441/6892/861 5481/6895/863 5440/6893/862 5439/6890/859
f 5442/6889/860 5443/6894/654 5446/6896/649 5444/6897/864
f 5444/6897/864 5447/6898/625 5438/6888/624 5442/6889/860
f 5445/6899/865 5449/6900/626 5447/6901/625 5444/6902/864
f 5445/6899/865 5444/6902/864 5446/6903/649 5458/6904/648
f 5447/6898/625 5448/6905/625 5436/6887/624 5438/6888/624
f 5449/6906/626 5450/6907/626 5448/6908/625 5447/6901/625
f 5451/6909/627 5452/6910/627 5450/6907/626 5449/6906/626
f 5454/6911/630 5451/6909/627 5449/6900/626 5445/6899/865
f 5453/6912/628 5531/6913/628 5452/6910/627 5451/6909/627
f 5455/6914/631 5453/6912/628 5451/6909/627 5454/6911/630
f 5455/6914/631 5454/6911/630 5456/6915/635 5457/6916/866
f 5454/6911/630 5445/6899/865 5458/6904/648 5456/6915/635
f 5457/6916/866 5456/6915/635 5459/6917/636 5460/6918/637
f 5456/6915/635 5458/6904/648 5461/6919/647 5459/6917/636
f 5460/6918/637 5459/6917/636 5462/6920/643 5463/6921/640
f 5459/6917/636 5461/6919/647 5465/6922/645 5462/6920/643
f 5492/6923/642 5463/4427/640 5462/6924/643 5464/6925/644
f 5464/6925/644 5462/6924/643 5465/6926/645 5466/6927/646
f 5466/6927/646 5465/6926/645 5467/6928/1115 5468/6929/653
f 5461/6919/647 5469/6930/650 5467/6931/1115 5465/6922/645
f 5470/6932/652 5468/6933/653 5467/6934/1115 5469/6935/650
f 5443/6894/654 5470/6932/652 5469/6935/650 5446/6896/649
f 5458/6904/648 5446/6903/649 5469/6930/650 5461/6919/647
f 5471/6936/657 5473/6937/656 5468/6933/653 5470/6932/652
f 5440/6893/862 5471/6936/657 5470/6932/652 5443/6894/654
f 5472/6938/867 5475/6939/661 5473/6937/656 5471/6936/657
f 5481/6895/863 5472/6938/867 5471/6936/657 5440/6893/862
f 5474/6940/655 5466/6927/646 5468/6929/653 5473/6941/656
f 5476/6942/660 5474/6940/655 5473/6941/656 5475/6943/661
f 5478/6944/662 5476/6942/660 5475/6943/661 5477/6945/664
f 5477/6946/664 5475/6939/661 5472/6938/867 5479/6947/869
f 5479/6947/869 5472/6938/867 5481/6895/863 5480/6948/868
f 5480/6948/868 5481/6895/863 5441/6892/861 5482/6949/996
f 5483/6886/621 5482/6949/621 5441/6892/621 5434/6891/621
f 5484/6950/663 5485/6951/659 5476/6942/660 5478/6944/662
f 5486/6952/665 5488/6953/666 5485/6951/659 5484/6950/663
f 5486/6952/667 5487/6954/667 5489/6955/667 5488/6953/667
f 5488/6953/666 5489/6955/871 5493/6956/870 5490/6957/670
f 5488/6953/666 5490/6957/670 5491/6958/658 5485/6951/659
f 5490/6957/670 5492/6923/642 5464/6925/644 5491/6958/658
f 5490/6957/670 5493/6956/870 5495/6959/872 5492/6923/642
f 5493/6956/870 5494/6960/873 5496/6961/874 5495/6959/872
f 5489/6955/871 5530/6962/875 5494/6960/873 5493/6956/870
f 5495/6959/872 5496/6961/874 5499/6963/876 5497/4429/877
f 5492/6923/642 5495/6959/872 5497/4429/877 5463/4427/640
f 5463/6921/640 5497/6964/877 5498/6965/878 5460/6918/637
f 5498/6965/878 5497/6964/877 5499/6966/876 5500/6967/879
f 5500/6967/879 5499/6966/876 5501/6968/880 5502/6969/881
f 5496/6961/874 5504/6970/882 5501/6971/880 5499/6963/876
f 5502/6969/881 5501/6968/880 5503/6972/883 5511/6973/884
f 5504/6970/882 5506/6974/885 5503/6975/883 5501/6971/880
f 5505/6976/886 5507/6977/887 5506/6974/885 5504/6970/882
f 5494/6960/873 5505/6976/886 5504/6970/882 5496/6961/874
f 5510/6978/889 5508/6979/888 5506/6980/885 5507/6981/887
f 5508/6979/888 5511/6982/884 5503/6983/883 5506/6980/885
f 5509/6984/907 5512/6985/918 5511/6982/884 5508/6979/888
f 5519/6986/905 5509/6984/907 5508/6979/888 5510/6978/889
f 5513/6987/919 5502/6969/881 5511/6973/884 5512/6988/918
f 4946/6253/1139 5513/6987/919 5512/6988/918 4944/6254/1157
f 4942/6248/1141 4944/6251/1157 5512/6985/918 5509/6984/907
f 5514/6989/921 5500/6967/879 5502/6969/881 5513/6987/919
f 5516/6259/1138 5514/6989/921 5513/6987/919 4946/6253/1139
f 5515/6990/924 5498/6965/878 5500/6967/879 5514/6989/921
f 5517/6991/1144 5515/6990/924 5514/6989/921 5516/6259/1138
f 5518/6265/722 5517/6991/1144 5516/6259/1138 4947/6258/719
f 5457/6916/866 5515/6990/924 5517/6991/1144 5455/6914/631
f 5453/6912/629 5455/6914/629 5517/6991/629 5518/6265/629
f 5531/6913/629 5453/6912/629 5518/6265/629 4950/6264/629
f 5460/6918/637 5498/6965/878 5515/6990/924 5457/6916/866
f 5521/6992/899 5519/6986/905 5510/6978/889 5520/6993/890
f 5520/6993/890 5510/6978/889 5507/6981/887 5522/6994/891
f 5520/6993/890 5523/6995/893 5525/6996/898 5521/6992/899
f 5522/6994/891 5524/6997/894 5523/6995/893 5520/6993/890
f 5521/6992/899 5525/6996/898 5526/6244/900 4938/6245/1156
f 5529/6998/892 5527/6999/895 5524/5236/894 5522/7000/891
f 5530/6962/875 5528/7001/896 5527/6999/895 5529/6998/892
f 5530/6962/875 5529/6998/892 5505/6976/886 5494/6960/873
f 5529/6998/892 5522/7000/891 5507/6977/887 5505/6976/886
f 5489/6955/871 5487/6954/897 5528/7001/896 5530/6962/875
f 4938/6245/1156 4940/6246/1155 5519/6986/905 5521/6992/899
f 4940/6246/1155 4942/6248/1141 5509/6984/907 5519/6986/905
f 5485/6951/659 5491/6958/658 5474/6940/655 5476/6942/660
f 5491/6958/658 5464/6925/644 5466/6927/646 5474/6940/655
f 4960/6275/627 5452/6910/627 5531/6913/628 4957/6272/628
f 4957/6272/629 5531/6913/629 4950/6264/629 4952/6266/629
f 5532/7002/626 5450/7003/626 5452/6910/627 4960/6275/627
f 4970/6294/625 5448/6908/625 5450/7003/626 5532/7002/626
f 4972/6296/624 5436/6887/624 5448/6905/625 4970/6295/625
f 4863/6147/1012 5533/6133/966 4850/6135/968 4861/6139/1014
f 5534/6108/621 5535/7004/621 5537/6103/621 4822/6102/621
f 5535/7004/621 5536/7005/621 5538/7006/621 5537/6103/621
f 5540/7007/859 4821/6100/622 5537/6103/623 5538/7006/861
f 5538/7006/861 5536/7005/996 5564/7008/868 5539/7009/863
f 5538/7006/861 5539/7009/863 5541/7010/862 5540/7007/859
f 5540/7007/859 5541/7010/862 5543/7011/654 5542/7012/860
f 5542/7012/860 4819/7013/624 4821/6100/622 5540/7007/859
f 5542/7012/860 5543/7011/654 5545/7014/649 5544/7015/864
f 5544/7015/864 4817/6097/625 4819/7013/624 5542/7012/860
f 4802/6071/865 4804/6073/626 4817/6096/625 5544/7016/864
f 4802/6071/865 5544/7016/864 5545/7017/649 5546/6072/648
f 5546/6072/648 5545/7017/649 5547/7018/650 5548/7019/647
f 5543/7011/654 5550/7020/652 5547/7021/650 5545/7014/649
f 5548/7019/647 5547/7018/650 5549/7022/1169 5556/7023/645
f 5550/7020/652 5552/7024/653 5549/7025/1169 5547/7021/650
f 5551/7026/657 5553/7027/656 5552/7024/653 5550/7020/652
f 5541/7010/862 5551/7026/657 5550/7020/652 5543/7011/654
f 5555/7028/655 5554/7029/646 5552/7030/653 5553/7031/656
f 5554/7029/646 5556/7032/645 5549/7033/1169 5552/7030/653
f 4788/6052/644 4790/6054/643 5556/7032/645 5554/7029/646
f 4786/6050/658 4788/6052/644 5554/7029/646 5555/7028/655
f 5566/6057/636 5548/7019/647 5556/7023/645 4790/6058/643
f 5558/6051/659 4786/6050/658 5555/7028/655 5557/7034/660
f 5557/7034/660 5555/7028/655 5553/7031/656 5559/7035/661
f 5557/7034/660 5560/7036/662 5562/7037/663 5558/6051/659
f 5559/7035/661 5561/7038/664 5560/7036/662 5557/7034/660
f 5558/6051/659 5562/7037/663 4779/6044/665 4781/6045/666
f 5565/7039/867 5563/7040/869 5561/7041/664 5559/7042/661
f 5539/7009/863 5564/7008/868 5563/7040/869 5565/7039/867
f 5539/7009/863 5565/7039/867 5551/7026/657 5541/7010/862
f 5565/7039/867 5559/7042/661 5553/7027/656 5551/7026/657
f 4798/6066/635 5546/6072/648 5548/7019/647 5566/6057/636
f 4806/6074/629 4800/6068/629 5567/6070/629 4704/5955/629
f 4704/5955/1130 5567/6070/1158 4748/5996/1135 4745/5956/1131
f 5567/6070/1158 4795/6064/1144 4752/5999/1138 4748/5996/1135
f 4777/6040/875 4772/6034/892 4765/6027/886 4783/6029/873
f 5568/7043/898 5569/7044/899 4771/6032/890 4774/6036/893
f 5570/4301/900 5572/7045/1156 5569/7044/899 5568/7043/898
f 5570/4301/700 5571/7046/700 5573/7047/700 5572/7045/700
f 5576/7048/1170 5574/7049/1155 5572/7045/1156 5573/7047/1152
f 5572/7045/1156 5574/7049/1155 5575/7050/905 5569/7044/899
f 5574/7049/1155 4754/6007/1141 4756/6010/907 5575/7050/905
f 5577/6008/1142 4754/6007/1141 5574/7049/1155 5576/7048/1170
f 5580/7051/1150 5577/6008/1142 5576/7048/1170 5578/7052/1153
f 5578/7052/1153 5576/7048/1170 5573/7047/1152 5579/7053/1154
f 5578/7052/1153 4735/5987/909 4737/5988/910 5580/7051/1150
f 5579/7053/1154 5582/5986/911 4735/5987/909 5578/7052/1153
f 5580/7051/1150 4737/5988/910 4739/5989/912 4746/5989/1134
f 4746/5989/1134 4749/6005/1137 5577/6008/1142 5580/7051/1150
f 5583/7054/948 5582/5986/911 5579/7053/1154 5581/7055/1119
f 5571/7046/700 5581/7055/700 5579/7053/700 5573/7047/700
f 5584/7056/949 4734/5980/946 5582/5986/911 5583/7054/948
f 5585/7057/950 4731/5981/947 4734/5980/946 5584/7056/949
f 5586/7058/951 4728/5975/952 4731/5978/947 5585/4485/950
f 5587/7059/953 4725/5973/954 4728/5975/952 5586/7058/951
f 5588/7060/955 4723/5971/956 4725/5973/954 5587/7059/953
f 5588/7060/667 5589/7061/667 4721/5969/667 4723/5971/667
f 5590/7062/983 5591/5970/962 4721/5969/958 5589/7061/984
f 5592/7063/982 5593/7064/979 5591/5970/962 5590/7062/983
f 5594/7065/981 5595/7066/978 5593/7064/979 5592/7063/982
f 5596/7067/980 5597/7068/977 5595/7069/978 5594/7070/981
f 5598/7071/985 5599/7072/986 5597/7068/977 5596/7067/980
f 5600/5912/987 4687/5913/988 5599/7072/986 5598/7071/985
f 5599/7072/986 5601/7073/992 5603/7074/976 5597/7068/977
f 4687/5913/988 4689/5914/991 5601/7073/992 5599/7072/986
f 4689/5914/991 4691/5916/993 5602/7075/994 5601/7073/992
f 5601/7073/992 5602/7075/994 5604/7076/975 5603/7074/976
f 5597/7068/977 5603/7074/976 5605/7077/974 5595/7069/978
f 5603/7074/976 5604/7076/975 5606/7078/972 5605/7077/974
f 5593/7064/979 5595/7066/978 5605/7079/974 5607/7080/973
f 5607/7080/973 5605/7079/974 5606/7081/972 5608/7082/969
f 5591/5970/962 5593/7064/979 5607/7080/973 4720/5967/960
f 4720/5967/960 5607/7080/973 5608/7082/969 4718/5965/961
f 4718/5965/961 5608/7082/969 5609/5959/967 4716/5959/963
f 5608/7082/969 5606/7081/972 5611/7083/970 5609/5959/967
f 5615/5949/966 4716/5921/963 5609/5921/967 5610/7084/968
f 5610/7084/968 5609/5921/967 5611/7085/970 5612/7086/1147
f 5604/7076/975 5612/7087/1147 5611/5918/970 5606/7078/972
f 5614/7088/1014 5610/7084/968 5612/7086/1147 5613/7089/1016
f 5602/7075/994 5613/7090/1016 5612/7087/1147 5604/7076/975
f 4695/7091/1015 5614/7088/1014 5613/7089/1016 4693/5921/1017
f 4691/5916/993 4693/5918/1017 5613/7090/1016 5602/7075/994
f 4706/5946/1012 5615/5949/966 5610/7084/968 5614/7088/1014
f 4697/5947/1013 4706/5946/1012 5614/7088/1014 4695/7091/1015
f 5569/7044/899 5575/7050/905 4769/6030/889 4771/6032/890
f 5575/7050/905 4756/6010/907 4758/6012/888 4769/6030/889
f 5616/5906/621 4614/5813/621 4616/5814/621 4681/5822/621
f 4660/4063/629 3202/4064/629 3198/4064/629 5617/4063/629
f 3202/4064/671 4660/4063/1129 4655/5864/1126 3205/4066/672
f 5620/7092/867 5618/7093/869 3081/7094/664 3079/7095/661
f 5621/7096/863 5619/7097/868 5618/7093/869 5620/7092/867
f 5621/7096/863 5620/7092/867 5622/3921/657 5623/7098/862
f 5620/7092/867 3079/7095/661 3073/3922/656 5622/3921/657
f 5623/7098/862 5622/3921/657 3069/3911/652 5625/3915/654
f 5630/7099/861 5621/7096/863 5623/7098/862 5624/7100/859
f 5624/7100/859 5623/7098/862 5625/3915/654 5626/7101/860
f 5626/7101/860 5625/3915/654 3070/3916/649 5627/7102/1171
f 3028/3853/622 5624/7100/859 5626/7101/860 3030/7103/624
f 3030/7103/624 5626/7101/860 5627/7102/1171 3032/3855/625
f 5628/7104/865 5627/7105/1171 3070/3908/649 3067/3907/648
f 3032/3859/625 5627/7105/1171 5628/7104/865 5629/3860/626
f 5629/3860/626 5628/7104/865 3049/3881/630 3042/3873/627
f 3049/3881/630 5628/7104/865 3067/3907/648 3051/3884/635
f 5632/3841/623 5630/7099/861 5624/7100/859 3028/3853/622
f 5630/7099/861 5631/7106/996 5619/7097/868 5621/7096/863
f 3018/3840/621 5631/7106/621 5630/7099/621 5632/3841/621
o Plane.003
v -1.070331 0.425246 0.529562
v -3.386406 0.425246 0.529562
v -1.070331 8.293024 0.529561
v 1.227215 0.425246 0.529562
v 3.524762 0.425246 0.529562
v 1.227215 8.293024 0.529561
v 3.524762 8.293024 0.529561
v 1.227215 8.581098 0.491635
v -1.070331 8.581098 0.491635
v 1.227215 8.849540 0.380443
v 3.524762 8.581098 0.491635
v 3.524762 8.849540 0.380443
v 5.822308 8.581098 0.491635
v 5.822308 8.849540 0.380443
v 5.822308 8.293024 0.529561
v 7.334030 8.578205 0.487535
v 7.557878 8.571588 0.524220
v 7.006823 8.293024 0.529561
v 7.713070 8.846419 0.376710
v 7.833355 8.830226 0.441604
v 8.119854 9.080056 0.203562
v 8.526638 9.253203 -0.030075
v 8.120576 9.047048 0.318614
v 5.822308 9.080056 0.203562
v 3.524762 9.080056 0.203562
v 5.822308 9.256937 -0.026955
v 3.524762 9.256937 -0.026955
v 5.822308 9.368130 -0.295397
v 3.524762 9.368130 -0.295397
v 5.822308 9.406055 -0.583471
v 8.905679 9.364030 -0.298290
v 9.232885 9.406055 -0.583471
v 8.688687 9.281984 -0.033540
v 8.947704 9.364030 -0.256263
v 8.410593 9.189469 0.156812
v 8.495364 9.184348 0.242461
v 8.679489 9.253203 0.122777
v 8.307320 9.109819 0.342739
v 8.329444 9.046098 0.530278
v 8.445853 9.080056 0.529561
v 8.201450 8.832595 0.819676
v 8.215722 8.998280 0.529641
v 8.118915 8.811563 0.716722
v 8.119854 8.940601 0.529561
v 8.023538 8.796111 0.625797
v 8.119934 8.998538 0.433244
v 7.933333 8.811301 0.529222
v 7.747684 8.568626 0.611911
v 7.561047 8.293024 0.682856
v 7.908907 8.566215 0.739786
v 8.031121 8.568889 0.904484
v 7.793855 8.293024 0.855560
v 7.966561 8.293024 1.088368
v 7.793855 0.425246 0.855562
v 7.970736 0.425246 1.086078
v 7.563339 0.425246 0.678680
v 7.294897 0.425246 0.567488
v 7.293564 8.293024 0.572060
v 7.006823 0.425246 0.529562
v 5.822308 0.425246 0.529562
v 8.081928 0.425246 1.354520
v 8.077354 8.293024 1.355852
v 8.119854 0.425246 1.642594
v 8.119854 0.425246 1.714077
v 8.119854 8.293025 1.642593
v 8.119854 8.293025 1.714076
v 8.161880 8.578205 1.315386
v 8.113754 8.573944 1.097253
v 8.272705 8.846419 0.936345
v 8.157753 8.580997 1.714076
v 8.202877 8.590061 2.013561
v 8.269024 8.849630 1.714076
v 8.316133 8.851635 2.007942
v 8.445853 9.080056 1.714076
v 8.676279 9.256886 1.714076
v 8.472674 9.053946 2.000289
v 8.674571 9.210494 2.006263
v 8.532232 8.993753 2.220931
v 8.702450 9.115454 2.244253
v 8.590277 8.935633 2.356685
v 8.410456 8.823201 2.244511
v 8.315415 8.585211 2.272390
v 8.532156 8.799879 2.414729
v 8.702708 8.823460 2.536505
v 8.471965 8.579237 2.474287
v 8.674274 8.586890 2.630828
v 8.445853 8.293024 2.501108
v 8.676279 8.293024 2.677937
v 8.269024 8.293024 2.270682
v 8.445853 0.425246 2.501109
v 8.676370 0.425246 2.677991
v 8.268972 0.425246 2.270593
v 8.157780 0.425246 2.002151
v 8.157753 8.293024 2.002049
v 8.944812 0.425246 2.789183
v 8.944912 8.293024 2.789209
v 9.232885 0.425246 2.827109
v 10.417400 0.425246 2.827109
v 9.232885 8.293025 2.827107
v 10.417400 8.293025 2.827107
v 9.232885 8.580997 2.789209
v 8.935848 8.592508 2.744084
v 9.232885 8.849630 2.677937
v 10.417400 8.581099 2.789182
v 10.417400 8.849541 2.677989
v 12.714946 8.581099 2.789182
v 12.714946 8.849541 2.677989
v 13.899461 8.580997 2.789209
v 12.714946 8.293025 2.827107
v 13.899461 8.293025 2.827107
v 12.714946 0.425246 2.827109
v 13.899461 0.425246 2.827109
v 14.187535 0.425246 2.789183
v 14.187433 8.293024 2.789209
v 14.455976 0.425246 2.677991
v 14.456066 8.293024 2.677937
v 14.686494 0.425246 2.501109
v 14.686492 8.293024 2.501108
v 14.863375 0.425246 2.270593
v 14.863321 8.293024 2.270682
v 14.974567 0.425246 2.002151
v 14.974593 8.293024 2.002049
v 15.012492 0.425246 1.714077
v 15.012492 0.425246 0.529562
v 15.012492 8.293025 1.714076
v 15.012492 8.293024 0.529561
v 14.974593 8.580997 1.714076
v 14.929469 8.592508 2.011113
v 14.863321 8.849630 1.714076
v 14.974567 8.581098 0.529561
v 14.863375 8.849540 0.529561
v 14.974593 8.580997 -0.654954
v 14.929469 8.590060 -0.954438
v 15.012492 8.293024 -0.654953
v 14.863321 8.849629 -0.654954
v 14.816213 8.851635 -0.948820
v 14.686492 9.080055 -0.654954
v 14.456066 9.256885 -0.654954
v 14.659672 9.053945 -0.941166
v 14.686494 9.080056 0.529561
v 14.686492 9.080056 1.714076
v 14.455976 9.256937 0.529561
v 14.456066 9.256886 1.714076
v 14.187535 9.368130 0.529561
v 14.187433 9.368156 1.714076
v 13.899461 9.406055 0.529561
v 14.187433 9.368156 -0.654954
v 13.899461 9.406055 -0.654954
v 14.198945 9.323031 -0.951990
v 13.899461 9.368156 -0.942927
v 14.457774 9.210494 -0.947140
v 14.193327 9.209776 -1.213565
v 13.899461 9.256885 -1.211560
v 14.429895 9.115453 -1.185131
v 14.185673 9.053235 -1.415874
v 13.899461 9.080055 -1.441986
v 14.191648 8.851337 -1.572424
v 14.406315 8.993677 -1.355684
v 14.429638 8.823459 -1.477383
v 14.542068 8.935633 -1.297563
v 14.600190 8.799878 -1.355607
v 14.600113 8.993753 -1.161808
v 14.721889 8.823200 -1.185389
v 14.816931 8.585210 -1.213268
v 14.863321 8.293023 -1.211560
v 14.660381 8.579236 -1.415165
v 14.458072 8.586889 -1.571706
v 14.686492 8.293023 -1.441986
v 14.456066 8.293023 -1.618815
v 14.686494 0.425245 -1.441984
v 14.455976 0.425245 -1.618865
v 14.863375 0.425245 -1.211468
v 14.974567 0.425246 -0.943026
v 14.974593 8.293023 -0.942927
v 15.012492 0.425246 -0.654952
v 14.187535 0.425245 -1.730058
v 14.187433 8.293023 -1.730086
v 13.899461 0.425245 -1.767984
v 13.827977 0.425245 -1.767984
v 13.899461 8.293024 -1.767985
v 13.827977 8.293024 -1.767985
v 13.899461 8.580997 -1.730086
v 14.196497 8.592507 -1.684962
v 13.899461 8.849629 -1.618815
v 13.827978 8.580997 -1.730086
v 13.528494 8.590060 -1.684962
v 13.827978 8.849629 -1.618815
v 13.534112 8.851634 -1.571706
v 13.827978 9.080055 -1.441986
v 13.541766 9.053945 -1.415165
v 13.827978 9.256885 -1.211560
v 13.827978 9.368156 -0.942927
v 13.535791 9.210494 -1.213268
v 13.530942 9.323031 -0.954438
v 13.297801 9.115453 -1.185389
v 13.269367 9.209776 -0.948819
v 13.321124 8.993753 -1.355607
v 13.127249 8.993677 -1.161808
v 13.067058 9.053235 -0.941166
v 13.005549 8.823459 -1.185130
v 13.185369 8.935633 -1.297563
v 13.127326 8.799878 -1.355684
v 13.067767 8.579236 -1.415874
v 13.297544 8.823200 -1.477383
v 13.269665 8.585210 -1.572424
v 13.271373 8.293023 -1.618815
v 13.540006 8.293023 -1.730086
v 13.040946 8.293023 -1.441985
v 13.271462 0.425245 -1.618865
v 13.539905 0.425245 -1.730058
v 13.040946 0.425245 -1.441984
v 12.864065 0.425245 -1.211468
v 12.864117 8.293023 -1.211559
v 12.752872 0.425246 -0.943026
v 12.752846 8.293023 -0.942926
v 12.714946 0.425246 -0.654952
v 12.714946 0.425246 -0.583469
v 12.714946 8.293024 -0.654953
v 12.714946 8.293024 -0.583470
v 12.752846 8.580997 -0.654953
v 12.797970 8.592508 -0.951990
v 12.864117 8.849629 -0.654953
v 12.756973 8.578205 -0.256262
v 12.720286 8.571589 -0.032416
v 12.867800 8.846419 0.122778
v 12.802903 8.830226 0.243062
v 13.040948 9.080056 0.529563
v 13.274582 9.253203 0.936346
v 12.925894 9.047048 0.530284
v 13.040946 9.080055 -0.654953
v 13.271373 9.256885 -0.654954
v 13.540006 9.368156 -0.654954
v 13.827977 9.406055 -0.654954
v 13.542797 9.364030 1.315387
v 13.827977 9.406056 1.642592
v 13.278048 9.281983 1.098395
v 13.500770 9.364030 1.357412
v 13.087694 9.189468 0.820301
v 13.002047 9.184348 0.905072
v 13.121731 9.253204 1.089197
v 12.901769 9.109818 0.717027
v 12.714229 9.046098 0.739151
v 12.714946 9.080056 0.855560
v 12.424830 8.832595 0.611158
v 12.714866 8.998280 0.625429
v 12.527785 8.811563 0.528622
v 12.714946 8.940601 0.529561
v 12.618710 8.796111 0.433244
v 12.811263 8.998539 0.529642
v 12.715286 8.811300 0.343039
v 12.632596 8.568626 0.157390
v 12.561650 8.293024 -0.029246
v 12.504721 8.566215 0.318614
v 12.340022 8.568889 0.440829
v 12.388946 8.293024 0.203562
v 12.156138 8.293024 0.376266
v 12.388946 0.425246 0.203563
v 12.565826 0.425246 -0.026953
v 12.158429 0.425246 0.380444
v 11.889987 0.425246 0.491637
v 11.888654 8.293024 0.487062
v 11.601914 0.425246 0.529562
v 11.530432 0.425246 0.529562
v 11.601914 8.293024 0.529561
v 11.530432 8.293024 0.529561
v 11.929121 8.578205 0.571587
v 12.147254 8.573945 0.523462
v 12.308162 8.846419 0.682413
v 11.203225 8.578205 0.571587
v 10.979377 8.571587 0.534902
v 10.824184 8.846419 0.682413
v 10.703900 8.830226 0.617518
v 10.417400 9.080056 0.855560
v 10.416679 9.047049 0.740508
v 10.010616 9.253203 1.089197
v 9.631577 9.364030 1.357412
v 10.126661 9.189468 0.902310
v 9.848567 9.281983 1.092662
v 10.229935 9.109819 0.716383
v 10.041890 9.184348 0.816661
v 10.417319 8.998538 0.625878
v 10.321534 8.998280 0.529481
v 10.207810 9.046098 0.528844
v 10.418339 8.811563 0.342400
v 10.417401 8.940601 0.529561
v 10.513716 8.796111 0.433325
v 10.628346 8.566215 0.319336
v 10.603923 8.811300 0.529900
v 10.789570 8.568626 0.447211
v 10.976206 8.293024 0.376267
v 11.243689 8.293023 0.487062
v 10.743398 8.293024 0.203562
v 10.973915 0.425246 0.380444
v 10.743398 0.425246 0.203563
v 11.242356 0.425246 0.491637
v 10.566517 0.425246 -0.026953
v 10.570694 8.293024 -0.029246
v 10.455324 0.425246 -0.295395
v 10.459899 8.293024 -0.296730
v 10.417400 0.425246 -0.583469
v 10.417400 0.425246 -0.654952
v 10.417400 8.293024 -0.583470
v 10.417400 8.293024 -0.654953
v 10.375374 8.578205 -0.256264
v 10.423497 8.573944 -0.038131
v 10.264550 8.846419 0.122776
v 10.379502 8.580997 -0.654953
v 10.334377 8.590060 -0.954438
v 10.268229 8.849629 -0.654953
v 10.221122 8.851635 -0.948819
v 10.091402 9.080055 -0.654953
v 10.064580 9.053945 -0.941166
v 9.860976 9.256885 -0.654954
v 10.091402 9.080056 0.529560
v 9.857764 9.253204 0.936345
v 9.589551 9.364030 1.315385
v 9.304369 9.406056 1.642592
v 9.592341 9.368156 -0.654954
v 9.304369 9.406055 -0.654954
v 9.603853 9.323031 -0.951990
v 9.304369 9.368156 -0.942927
v 9.862683 9.210494 -0.947140
v 9.598235 9.209776 -1.213565
v 9.304369 9.256885 -1.211560
v 9.834805 9.115453 -1.185130
v 9.590582 9.053235 -1.415874
v 9.304369 9.080055 -1.441986
v 9.596556 8.851337 -1.572424
v 9.811225 8.993677 -1.355683
v 9.834546 8.823459 -1.477383
v 9.946979 8.935633 -1.297563
v 10.005099 8.799878 -1.355607
v 10.005023 8.993753 -1.161808
v 10.126798 8.823200 -1.185389
v 10.221839 8.585210 -1.213268
v 10.268229 8.293023 -1.211560
v 10.065289 8.579236 -1.415164
v 10.091402 8.293023 -1.441985
v 9.862981 8.586889 -1.571706
v 9.601406 8.592507 -1.684962
v 9.860974 8.293023 -1.618815
v 9.592341 8.293023 -1.730086
v 9.860885 0.425245 -1.618865
v 9.592443 0.425245 -1.730058
v 10.091402 0.425245 -1.441984
v 10.268283 0.425245 -1.211468
v 10.379476 0.425246 -0.943026
v 10.379502 8.293023 -0.942926
v 9.304369 0.425245 -1.767984
v 8.119854 0.425245 -1.767984
v 9.304369 8.293024 -1.767985
v 8.119854 8.293024 -1.767985
v 9.304369 8.580997 -1.730086
v 9.304369 8.849629 -1.618815
v 8.119854 8.581098 -1.730059
v 8.119854 8.849540 -1.618867
v 5.822308 8.581098 -1.730059
v 5.822308 8.849540 -1.618867
v 5.822308 8.293024 -1.767985
v 3.524762 8.581098 -1.730059
v 3.524762 8.849540 -1.618867
v 1.227215 8.581098 -1.730059
v 3.524762 8.293024 -1.767985
v 3.524762 0.425245 -1.767984
v 1.227215 8.293024 -1.767985
v -1.070331 8.293024 -1.767985
v 1.227215 0.425245 -1.767984
v -1.070331 0.425245 -1.767984
v -3.386406 0.425245 -1.767984
v -5.702480 0.425245 -1.767984
v -3.386406 8.293024 -1.767985
v -5.702480 8.293024 -1.767985
v -3.386406 8.581098 -1.730059
v -1.070331 8.581098 -1.730059
v -3.386406 8.849540 -1.618867
v -5.702480 8.581098 -1.730059
v -5.702480 8.849540 -1.618867
v -8.018555 8.581098 -1.730059
v -8.018555 8.849540 -1.618867
v -8.018555 8.293024 -1.767985
v -10.334631 8.581098 -1.730059
v -10.334631 8.849540 -1.618867
v -12.613649 8.581098 -1.730059
v -10.334631 8.293024 -1.767985
v -12.613649 8.293024 -1.767985
v -10.334631 0.425245 -1.767984
v -12.613649 0.425245 -1.767984
v -8.018555 0.425245 -1.767984
v -13.779634 0.425245 -1.767984
v -13.779634 8.293024 -1.767985
v -14.067710 0.425245 -1.730058
v -14.067608 8.293023 -1.730086
v -14.336151 0.425245 -1.618865
v -14.336241 8.293023 -1.618815
v -14.566669 0.425245 -1.441984
v -14.566667 8.293023 -1.441985
v -14.743549 0.425245 -1.211468
v -14.743496 8.293023 -1.211559
v -14.854741 0.425246 -0.943026
v -14.854768 8.293023 -0.942926
v -14.892666 0.425246 -0.654952
v -14.892666 0.425246 -0.583469
v -14.892666 8.293024 -0.654953
v -14.892666 8.293024 -0.583470
v -14.854768 8.580997 -0.654953
v -14.809644 8.592508 -0.951990
v -14.743496 8.849629 -0.654953
v -14.854768 8.580997 -0.583470
v -14.809644 8.590060 -0.283986
v -14.743496 8.849629 -0.583470
v -14.696386 8.851635 -0.289604
v -14.566667 9.080055 -0.583470
v -14.336241 9.256885 -0.583471
v -14.539846 9.053945 -0.297258
v -14.566667 9.080055 -0.654953
v -14.540556 9.053235 -0.941166
v -14.336241 9.256885 -0.654954
v -14.338246 9.209776 -0.948819
v -14.067608 9.368156 -0.654954
v -14.076671 9.323031 -0.954438
v -13.779634 9.406055 -0.654954
v -14.067608 9.368156 -0.583471
v -13.779634 9.406055 -0.583471
v -14.079120 9.323031 -0.286434
v -13.779634 9.368156 -0.295498
v -14.337949 9.210494 -0.291284
v -14.073502 9.209776 -0.024859
v -13.779634 9.256885 -0.026864
v -14.310070 9.115453 -0.053294
v -14.065847 9.053235 0.177450
v -13.779634 9.080055 0.203562
v -14.286489 8.993677 0.117259
v -14.071822 8.851338 0.334000
v -13.779634 8.849629 0.380391
v -14.076671 8.592508 0.446538
v -14.309813 8.823459 0.238959
v -14.338246 8.586889 0.333282
v -14.480365 8.799878 0.117183
v -14.540556 8.579236 0.176741
v -14.602064 8.823200 -0.053035
v -14.422243 8.935633 0.059139
v -14.480288 8.993753 -0.076616
v -14.697104 8.585210 -0.025156
v -14.743496 8.293023 -0.026864
v -14.854768 8.293023 -0.295497
v -14.566667 8.293023 0.203562
v -14.743549 0.425246 -0.026953
v -14.854741 0.425246 -0.295395
v -14.566669 0.425246 0.203563
v -14.336151 0.425246 0.380444
v -14.336241 8.293023 0.380391
v -14.067710 0.425246 0.491637
v -14.067608 8.293023 0.491663
v -13.779634 0.425246 0.529562
v -12.613649 0.425246 0.529562
v -13.779634 8.293024 0.529561
v -12.613649 8.293024 0.529561
v -13.779634 8.580997 0.491663
v -12.613649 8.581098 0.491635
v -12.613649 8.849540 0.380443
v -10.334631 8.581098 0.491635
v -10.334631 8.849540 0.380443
v -8.018555 8.581098 0.491635
v -10.334631 8.293024 0.529561
v -8.018555 8.293024 0.529561
v -10.334631 0.425246 0.529562
v -8.018555 0.425246 0.529562
v -5.702480 0.425246 0.529562
v -5.702480 8.293024 0.529561
v -3.386406 8.293024 0.529561
v -5.702480 8.581098 0.491635
v -5.702480 8.849540 0.380443
v -3.386406 8.581098 0.491635
v -3.386406 8.849540 0.380443
v -3.386406 9.080056 0.203562
v -1.070331 8.849540 0.380443
v -1.070331 9.080056 0.203562
v -1.070331 9.256937 -0.026955
v 1.227215 9.080056 0.203562
v 1.227215 9.256937 -0.026955
v 1.227215 9.368130 -0.295397
v -1.070331 9.368130 -0.295397
v 1.227215 9.406055 -0.583471
v 3.524762 9.406055 -0.583471
v 1.227215 9.406055 -0.654954
v -1.070331 9.406055 -0.583471
v -1.070331 9.406055 -0.654954
v -3.386406 9.406055 -0.583471
v -5.702480 9.406055 -0.583471
v -3.386406 9.406055 -0.654954
v -3.386406 9.368130 -0.295397
v -5.702480 9.368130 -0.295397
v -3.386406 9.256937 -0.026955
v -5.702480 9.256937 -0.026955
v -8.018555 9.256937 -0.026955
v -5.702480 9.080056 0.203562
v -8.018555 9.080056 0.203562
v -8.018555 8.849540 0.380443
v -10.334631 9.080056 0.203562
v -10.334631 9.256937 -0.026955
v -12.613649 9.080056 0.203562
v -12.613649 9.256937 -0.026955
v -12.613649 9.368130 -0.295397
v -12.613649 9.406055 -0.583471
v -10.334631 9.368130 -0.295397
v -10.334631 9.406055 -0.583471
v -8.018555 9.368130 -0.295397
v -8.018555 9.406055 -0.583471
v -8.018555 9.406055 -0.654954
v -5.702480 9.406055 -0.654954
v -10.334631 9.406055 -0.654954
v -8.018555 9.368130 -0.943027
v -5.702480 9.368130 -0.943027
v -8.018555 9.256937 -1.211469
v -10.334631 9.368130 -0.943027
v -12.613649 9.368130 -0.943027
v -10.334631 9.256937 -1.211469
v -12.613649 9.256937 -1.211469
v -10.334631 9.080056 -1.441986
v -12.613649 9.080056 -1.441986
v -8.018555 9.080056 -1.441986
v -5.702480 9.080056 -1.441986
v -5.702480 9.256937 -1.211469
v -3.386406 9.080056 -1.441986
v -1.070331 9.080056 -1.441986
v -3.386406 9.256937 -1.211469
v -1.070331 9.256937 -1.211469
v -3.386406 9.368130 -0.943027
v -1.070331 9.368130 -0.943027
v 1.227215 9.368130 -0.943027
v 3.524762 9.368130 -0.943027
v 1.227215 9.256937 -1.211469
v 3.524762 9.256937 -1.211469
v 1.227215 9.080056 -1.441986
v 3.524762 9.080056 -1.441986
v 1.227215 8.849540 -1.618867
v -1.070331 8.849540 -1.618867
v 5.822308 9.080056 -1.441986
v 8.119854 9.080056 -1.441986
v 5.822308 9.256937 -1.211469
v 8.119854 9.256937 -1.211469
v 5.822308 9.368130 -0.943027
v 8.119854 9.368130 -0.943027
v 5.822308 9.406055 -0.654954
v 3.524762 9.406055 -0.654954
v 8.119854 9.406055 -0.654954
v -12.613649 8.849540 -1.618867
v -13.779634 9.080055 -1.441986
v -14.065847 9.053945 -1.415165
v -13.779634 8.849629 -1.618815
v -13.779634 9.256885 -1.211560
v -13.779634 9.368156 -0.942927
v -14.071822 9.210494 -1.213268
v -14.309813 9.115453 -1.185389
v -14.286489 8.993753 -1.355607
v -14.480365 8.993677 -1.161808
v -14.602064 8.823459 -1.185130
v -14.422243 8.935633 -1.297563
v -14.480288 8.799878 -1.355684
v -14.539846 8.579236 -1.415874
v -14.310070 8.823200 -1.477383
v -14.337949 8.585210 -1.572424
v -14.073502 8.851634 -1.571706
v -14.079120 8.590060 -1.684962
v -13.779634 8.580997 -1.730086
v -14.696386 8.586889 -1.213565
v -14.697104 8.851338 -0.947140
v -12.613649 9.406055 -0.654954
v 5.822308 0.425245 -1.767984
v 10.417400 9.406056 1.714076
v 9.232885 9.406056 1.714076
v 12.714946 9.406056 1.714076
v 10.417400 9.368130 2.002150
v 9.232885 9.368156 2.002049
v 10.417400 9.256938 2.270592
v 12.714946 9.368130 2.002150
v 13.899461 9.368156 2.002049
v 12.714946 9.256938 2.270592
v 13.899461 9.256886 2.270682
v 12.714946 9.080056 2.501108
v 13.899461 9.080056 2.501108
v 10.417400 9.080056 2.501108
v 9.232885 9.080056 2.501108
v 8.946672 9.053235 2.474997
v 9.232885 9.256886 2.270682
v 8.939019 9.209776 2.272688
v 8.933401 9.323032 2.011113
v 8.944912 9.368156 1.714076
v 8.940699 8.851338 2.631546
v 8.726030 8.993677 2.414806
v 14.185673 9.053946 2.474287
v 13.899461 8.849630 2.677937
v 14.193327 8.851635 2.630828
v 14.198945 8.590061 2.744084
v 14.429895 8.823201 2.536505
v 14.457774 8.585211 2.631546
v 14.600113 8.799879 2.414806
v 14.406315 8.993753 2.414729
v 14.429638 9.115454 2.244511
v 14.542068 8.935633 2.356685
v 14.600190 8.993677 2.220931
v 14.660381 9.053235 2.000289
v 14.721889 8.823460 2.244253
v 14.816931 8.851338 2.006263
v 14.816213 8.586890 2.272688
v 14.659672 8.579237 2.474997
v 14.458072 9.209776 2.007942
v 14.196497 9.323032 2.013561
v 14.191648 9.210494 2.272390
v 13.899461 9.406056 1.714076
v 10.335804 8.832595 0.239445
v 10.506130 8.568889 0.154638
v 12.677019 0.425246 -0.295395
v 12.672446 8.293024 -0.296730
v 12.910508 8.851338 -0.947140
v 12.911226 8.586889 -1.213565
vn -0.0000 -0.0000 1.0000
vn -0.0000 0.1305 0.9914
vn -0.0000 0.2588 0.9659
vn -0.0000 0.5000 0.8660
vn 0.0010 0.4975 0.8674
vn 0.0011 0.2599 0.9656
vn 0.0008 0.1339 0.9910
vn -0.1268 0.6143 0.7788
vn -0.0767 0.3463 0.9350
vn -0.0682 0.1185 0.9906
vn -0.2766 0.4952 0.8236
vn -0.3567 0.7085 0.6089
vn -0.2375 0.1802 0.9545
vn -0.3555 0.8666 0.3502
vn -0.1734 0.8640 0.4726
vn 0.0005 0.7068 0.7074
vn -0.0978 0.9459 0.3095
vn 0.0007 0.8669 0.4985
vn -0.2570 0.9424 0.2139
vn -0.0000 0.7071 0.7071
vn -0.0000 0.8660 0.5000
vn 0.0006 0.9654 0.2609
vn -0.0000 0.9659 0.2588
vn -0.0592 0.9862 0.1545
vn 0.0003 0.9909 0.1345
vn -0.0000 0.9914 0.1305
vn -0.0730 0.9947 0.0728
vn -0.1827 0.9667 0.1792
vn -0.1549 0.9862 0.0586
vn -0.1988 0.9411 0.2735
vn -0.3164 0.9439 0.0944
vn -0.2963 0.9048 0.3058
vn -0.3444 0.8703 0.3520
vn -0.4742 0.8642 0.1680
vn -0.4184 0.8137 0.4036
vn -0.7611 0.6329 0.1419
vn -0.6033 0.7157 0.3519
vn -0.5906 0.6732 0.4450
vn -0.4764 0.7415 0.4725
vn -0.5427 0.6493 0.5328
vn -0.4120 0.8120 0.4134
vn -0.4637 0.6720 0.5774
vn -0.4472 0.5466 0.7080
vn -0.5937 0.5553 0.5823
vn -0.4710 0.2550 0.8444
vn -0.6825 0.2738 0.6777
vn -0.7241 0.5373 0.4323
vn -0.8509 0.2410 0.4668
vn -0.8680 -0.0005 0.4965
vn -0.7071 -0.0003 0.7071
vn -0.4965 -0.0005 0.8680
vn -0.2627 -0.0005 0.9649
vn -0.1386 -0.0003 0.9904
vn -0.9649 -0.0005 0.2627
vn -0.9536 0.1751 0.2448
vn -0.9904 -0.0003 0.1386
vn -0.9908 0.1166 0.0680
vn -1.0000 -0.0000 -0.0000
vn -0.9638 0.2589 0.0637
vn -0.9317 0.3523 0.0880
vn -0.9922 0.0900 0.0860
vn -0.8181 0.4979 0.2879
vn -0.8664 0.4954 0.0627
vn -0.9283 0.2623 0.2634
vn -0.8318 0.4950 0.2511
vn -0.9634 0.0678 0.2592
vn -0.6861 0.6865 0.2410
vn -0.7063 0.7052 0.0618
vn -0.4977 0.8650 0.0637
vn -0.4951 0.8321 0.2502
vn -0.6352 0.6354 0.4392
vn -0.4637 0.7551 0.4635
vn -0.7551 0.4635 0.4637
vn -0.5774 0.5774 0.5773
vn -0.4392 0.6352 0.6354
vn -0.6354 0.4392 0.6352
vn -0.8321 0.2502 0.4951
vn -0.6865 0.2410 0.6861
vn -0.4635 0.4637 0.7551
vn -0.4950 0.2511 0.8318
vn -0.4987 0.0654 0.8643
vn -0.7056 0.0628 0.7058
vn -0.8642 0.0648 0.4989
vn -0.5000 -0.0000 0.8660
vn -0.7071 -0.0000 0.7071
vn -0.8660 -0.0000 0.5000
vn -0.9659 -0.0000 0.2588
vn -0.9914 -0.0000 0.1305
vn -0.2588 -0.0000 0.9659
vn -0.2595 0.0681 0.9633
vn -0.1305 -0.0000 0.9914
vn -0.0892 0.0892 0.9920
vn -0.0678 0.2592 0.9634
vn -0.2623 0.2634 0.9283
vn -0.0648 0.4989 0.8642
vn -0.2502 0.4951 0.8321
vn 0.0654 0.4987 0.8643
vn 0.0681 0.2595 0.9633
vn 0.0892 0.0892 0.9920
vn 0.1305 -0.0000 0.9914
vn 0.2588 -0.0000 0.9659
vn 0.2592 0.0678 0.9634
vn 0.5000 -0.0000 0.8660
vn 0.4989 0.0648 0.8642
vn 0.7071 -0.0000 0.7071
vn 0.7058 0.0628 0.7056
vn 0.8660 -0.0000 0.5000
vn 0.8643 0.0654 0.4987
vn 0.9659 -0.0000 0.2588
vn 0.9633 0.0681 0.2595
vn 0.9914 -0.0000 0.1305
vn 0.9920 0.0892 0.0892
vn 1.0000 -0.0000 -0.0000
vn 0.9659 0.2588 -0.0000
vn 0.9634 0.2592 0.0678
vn 0.9914 0.1305 -0.0000
vn 0.9283 0.2634 0.2623
vn 0.8642 0.4989 0.0648
vn 0.8321 0.4951 0.2502
vn 0.8660 0.5000 -0.0000
vn 0.8643 0.4987 -0.0654
vn 0.9633 0.2594 -0.0681
vn 0.9920 0.0892 -0.0892
vn 0.9283 0.2623 -0.2634
vn 0.8318 0.4950 -0.2511
vn 0.9634 0.0678 -0.2592
vn 0.6861 0.6865 -0.2410
vn 0.7058 0.7056 -0.0628
vn 0.7071 0.7071 -0.0000
vn 0.4989 0.8642 -0.0648
vn 0.5000 0.8660 -0.0000
vn 0.4951 0.8321 -0.2502
vn 0.7056 0.7058 0.0628
vn 0.4987 0.8643 0.0654
vn 0.2588 0.9659 -0.0000
vn 0.2595 0.9633 0.0681
vn 0.2592 0.9634 -0.0678
vn 0.1305 0.9914 -0.0000
vn 0.0892 0.9920 0.0892
vn 0.0892 0.9920 -0.0892
vn 0.2634 0.9283 -0.2623
vn 0.0681 0.9633 -0.2594
vn 0.2511 0.8318 -0.4950
vn 0.0654 0.8643 -0.4987
vn 0.4637 0.7551 -0.4635
vn 0.2410 0.6861 -0.6865
vn 0.0628 0.7058 -0.7056
vn 0.4392 0.6352 -0.6354
vn 0.0648 0.4989 -0.8642
vn 0.2502 0.4951 -0.8321
vn 0.4635 0.4637 -0.7551
vn 0.5773 0.5774 -0.5774
vn 0.6354 0.4392 -0.6352
vn 0.6352 0.6354 -0.4392
vn 0.7551 0.4635 -0.4637
vn 0.8321 0.2502 -0.4951
vn 0.6865 0.2410 -0.6861
vn 0.8642 0.0648 -0.4989
vn 0.7056 0.0628 -0.7058
vn 0.4950 0.2511 -0.8318
vn 0.4987 0.0654 -0.8643
vn 0.5000 -0.0000 -0.8660
vn 0.7071 -0.0000 -0.7071
vn 0.8660 -0.0000 -0.5000
vn 0.9659 -0.0000 -0.2588
vn 0.9914 -0.0000 -0.1305
vn 0.2588 -0.0000 -0.9659
vn 0.2595 0.0681 -0.9633
vn 0.1305 -0.0000 -0.9914
vn 0.0892 0.0892 -0.9920
vn -0.0000 -0.0000 -1.0000
vn -0.0892 0.0892 -0.9920
vn -0.0681 0.2594 -0.9633
vn 0.0678 0.2592 -0.9634
vn 0.2623 0.2634 -0.9283
vn -0.0654 0.4987 -0.8643
vn -0.2634 0.2623 -0.9283
vn -0.2511 0.4950 -0.8318
vn -0.2592 0.0678 -0.9634
vn -0.2410 0.6865 -0.6861
vn -0.0628 0.7056 -0.7058
vn -0.0648 0.8642 -0.4989
vn -0.2502 0.8321 -0.4951
vn -0.0678 0.9634 -0.2592
vn -0.2623 0.9283 -0.2634
vn -0.4635 0.7551 -0.4637
vn -0.4950 0.8318 -0.2511
vn -0.4392 0.6354 -0.6352
vn -0.6354 0.6352 -0.4392
vn -0.6865 0.6861 -0.2410
vn -0.5773 0.5773 -0.5774
vn -0.8321 0.4951 -0.2502
vn -0.7551 0.4637 -0.4635
vn -0.6352 0.4392 -0.6354
vn -0.4637 0.4635 -0.7551
vn -0.8318 0.2511 -0.4950
vn -0.6861 0.2410 -0.6865
vn -0.4951 0.2502 -0.8321
vn -0.4989 0.0648 -0.8642
vn -0.7058 0.0628 -0.7056
vn -0.2588 -0.0000 -0.9659
vn -0.5000 -0.0000 -0.8660
vn -0.7071 -0.0000 -0.7071
vn -0.8660 -0.0000 -0.5000
vn -0.8643 0.0654 -0.4987
vn -0.9659 -0.0000 -0.2588
vn -0.9633 0.0681 -0.2595
vn -0.9914 -0.0000 -0.1305
vn -0.9922 0.0900 -0.0860
vn -0.9911 0.1162 -0.0642
vn -0.9359 0.3444 -0.0737
vn -0.9639 0.2587 -0.0633
vn -0.9283 0.2634 -0.2623
vn -0.8663 0.4956 -0.0622
vn -0.7794 0.6138 -0.1257
vn -0.8236 0.4952 -0.2766
vn -0.6089 0.7085 -0.3567
vn -0.9545 0.1802 -0.2375
vn -0.3502 0.8666 -0.3555
vn -0.4729 0.8639 -0.1730
vn -0.7062 0.7053 -0.0618
vn -0.3098 0.9458 -0.0973
vn -0.4975 0.8651 -0.0643
vn -0.2139 0.9424 -0.2570
vn -0.2618 0.9628 -0.0672
vn -0.1547 0.9862 -0.0590
vn -0.0920 0.9918 -0.0889
vn -0.0734 0.9944 -0.0762
vn -0.1792 0.9667 -0.1827
vn -0.0593 0.9857 -0.1574
vn -0.2735 0.9411 -0.1988
vn -0.0957 0.9443 -0.3147
vn -0.3058 0.9048 -0.2963
vn -0.3520 0.8703 -0.3444
vn -0.1689 0.8657 -0.4712
vn -0.4036 0.8137 -0.4184
vn -0.1438 0.6311 -0.7622
vn -0.3519 0.7157 -0.6033
vn -0.4450 0.6732 -0.5906
vn -0.4725 0.7415 -0.4764
vn -0.5328 0.6493 -0.5427
vn -0.4134 0.8120 -0.4120
vn -0.5774 0.6720 -0.4637
vn -0.7080 0.5466 -0.4472
vn -0.5823 0.5553 -0.5937
vn -0.8444 0.2550 -0.4710
vn -0.6777 0.2738 -0.6825
vn -0.4323 0.5373 -0.7241
vn -0.4668 0.2410 -0.8509
vn -0.7071 -0.0003 -0.7071
vn -0.4965 -0.0005 -0.8680
vn -0.8680 -0.0005 -0.4965
vn -0.2627 -0.0005 -0.9649
vn -0.2448 0.1751 -0.9536
vn -0.1386 -0.0003 -0.9904
vn -0.0729 0.1233 -0.9897
vn 0.0691 0.1229 -0.9900
vn 0.0780 0.3477 -0.9344
vn -0.0923 0.3556 -0.9301
vn -0.2879 0.4979 -0.8181
vn 0.1276 0.6120 -0.7805
vn 0.2766 0.4952 -0.8236
vn 0.3567 0.7085 -0.6089
vn 0.2375 0.1802 -0.9545
vn 0.3555 0.8666 -0.3502
vn 0.1739 0.8654 -0.4700
vn 0.0985 0.9462 -0.3081
vn 0.2570 0.9424 -0.2139
vn 0.0596 0.9858 -0.1572
vn 0.1827 0.9667 -0.1792
vn 0.2963 0.9048 -0.3058
vn 0.1988 0.9411 -0.2735
vn 0.4120 0.8120 -0.4134
vn 0.4185 0.8137 -0.4036
vn 0.3444 0.8703 -0.3520
vn 0.4764 0.7415 -0.4725
vn 0.6033 0.7157 -0.3519
vn 0.5906 0.6732 -0.4450
vn 0.5427 0.6493 -0.5328
vn 0.4637 0.6720 -0.5774
vn 0.7241 0.5373 -0.4323
vn 0.5937 0.5553 -0.5823
vn 0.4472 0.5466 -0.7080
vn 0.4710 0.2550 -0.8444
vn 0.6825 0.2738 -0.6777
vn 0.4965 -0.0005 -0.8680
vn 0.2627 -0.0005 -0.9649
vn 0.7071 -0.0003 -0.7071
vn 0.1386 -0.0003 -0.9904
vn 0.8680 -0.0005 -0.4965
vn 0.8509 0.2410 -0.4668
vn 0.9649 -0.0005 -0.2627
vn 0.9536 0.1751 -0.2448
vn 0.9904 -0.0003 -0.1386
vn 0.9908 0.1166 -0.0680
vn 0.9922 0.0900 -0.0860
vn 0.9638 0.2589 -0.0637
vn 0.9317 0.3523 -0.0880
vn 0.8181 0.4979 -0.2879
vn 0.7611 0.6329 -0.1419
vn 0.8664 0.4954 -0.0627
vn 0.7063 0.7052 -0.0618
vn 0.4742 0.8642 -0.1680
vn 0.4977 0.8650 -0.0637
vn 0.3165 0.9439 -0.0944
vn 0.1549 0.9862 -0.0586
vn 0.2616 0.9629 -0.0668
vn 0.0734 0.9944 -0.0762
vn 0.0920 0.9918 -0.0889
vn 0.0681 0.9633 -0.2595
vn 0.5773 0.5773 -0.5774
vn -0.0000 0.1305 -0.9914
vn -0.0000 0.2588 -0.9659
vn -0.0000 0.5000 -0.8660
vn -0.1305 -0.0000 -0.9914
vn -0.9920 0.0892 -0.0892
vn -0.9920 0.0892 0.0892
vn -0.9633 0.2594 0.0681
vn -0.9634 0.2592 -0.0678
vn -0.8642 0.4989 -0.0648
vn -0.8643 0.4987 0.0654
vn -0.7058 0.7056 0.0628
vn -0.7056 0.7058 -0.0628
vn -0.4989 0.8642 0.0648
vn -0.4987 0.8643 -0.0654
vn -0.2594 0.9633 -0.0681
vn -0.2592 0.9634 0.0678
vn -0.0892 0.9920 -0.0892
vn -0.0892 0.9920 0.0892
vn -0.2634 0.9283 0.2623
vn -0.0681 0.9633 0.2595
vn -0.2511 0.8318 0.4950
vn -0.0654 0.8643 0.4987
vn -0.2410 0.6861 0.6865
vn -0.0628 0.7058 0.7056
vn -0.0000 1.0000 -0.0000
vn -0.0000 0.9914 -0.1305
vn -0.0000 0.9659 -0.2588
vn -0.0000 0.8660 -0.5000
vn -0.0000 0.7071 -0.7071
vn -0.0681 0.2595 -0.9633
vn -0.0920 0.9918 0.0889
vn 0.0678 0.9634 0.2592
vn 0.0648 0.8642 0.4989
vn 0.0628 0.7056 0.7058
vn -0.2616 0.9629 0.0668
vn 0.2410 0.6865 0.6861
vn 0.2502 0.8321 0.4951
vn 0.2511 0.4950 0.8318
vn 0.2634 0.2623 0.9283
vn 0.4951 0.2502 0.8321
vn 0.4637 0.4635 0.7551
vn 0.4392 0.6354 0.6352
vn 0.6861 0.2410 0.6865
vn 0.6352 0.4392 0.6354
vn 0.5773 0.5774 0.5774
vn 0.4635 0.7551 0.4637
vn 0.6354 0.6352 0.4392
vn 0.7551 0.4637 0.4635
vn 0.4950 0.8318 0.2511
vn 0.6865 0.6861 0.2410
vn 0.8318 0.2511 0.4950
vn 0.2623 0.9283 0.2634
vn -0.9649 -0.0005 -0.2627
vn -0.9904 -0.0003 -0.1386
vt 0.772178 0.501384
vt 0.772178 0.524350
vt 0.694162 0.524350
vt 0.694162 0.501384
vt 0.772178 0.547132
vt 0.694162 0.547132
vt 0.772178 0.569915
vt 0.694162 0.569915
vt 0.691305 0.569915
vt 0.691305 0.547132
vt 0.691305 0.524350
vt 0.688643 0.547132
vt 0.688643 0.524350
vt 0.688643 0.569915
vt 0.688643 0.592697
vt 0.691305 0.592697
vt 0.694162 0.592697
vt 0.688674 0.611445
vt 0.691334 0.607687
vt 0.694162 0.604442
vt 0.691400 0.609907
vt 0.688835 0.612638
vt 0.694162 0.607286
vt 0.683125 0.615479
vt 0.683125 0.592697
vt 0.284391 0.619513
vt 0.284422 0.592697
vt 0.289940 0.592697
vt 0.289940 0.615479
vt 0.286244 0.618362
vt 0.683125 0.569915
vt 0.284422 0.592697
vt 0.284422 0.569915
vt 0.289940 0.569915
vt 0.281760 0.592697
vt 0.281760 0.569915
vt 0.281731 0.623271
vt 0.278904 0.592697
vt 0.278904 0.569915
vt 0.278904 0.626516
vt 0.284357 0.621120
vt 0.282148 0.623688
vt 0.287094 0.619203
vt 0.285907 0.621028
vt 0.288088 0.617338
vt 0.289947 0.615479
vt 0.289941 0.615479
vt 0.979175 0.795925
vt 0.975142 0.801474
vt 0.975149 0.801474
vt 0.978018 0.795788
vt 0.975142 0.801474
vt 0.976997 0.795579
vt 0.975142 0.795426
vt 0.689023 0.613630
vt 0.689173 0.615479
vt 0.687741 0.615479
vt 0.691429 0.611789
vt 0.691453 0.615479
vt 0.694162 0.609938
vt 0.694162 0.615479
vt 0.978859 0.793173
vt 0.975142 0.793147
vt 0.980683 0.790438
vt 0.975142 0.790438
vt 0.980660 0.712422
vt 0.975142 0.712422
vt 0.772178 0.615479
vt 0.772178 0.609961
vt 0.772178 0.607299
vt 0.772178 0.604442
vt 0.772178 0.592697
vt 0.983322 0.712422
vt 0.983335 0.790438
vt 0.986178 0.712422
vt 0.986178 0.790438
vt 0.986887 0.712422
vt 0.986887 0.790438
vt 0.986887 0.793293
vt 0.982934 0.793265
vt 0.980771 0.793223
vt 0.986887 0.795957
vt 0.989857 0.793383
vt 0.989801 0.795977
vt 0.989743 0.790438
vt 0.989725 0.801474
vt 0.986887 0.801474
vt 0.301686 0.620997
vt 0.285907 0.621028
vt 0.301686 0.615479
vt 0.304524 0.615479
vt 0.304583 0.620980
vt 0.306712 0.615479
vt 0.306943 0.621256
vt 0.992147 0.795695
vt 0.991913 0.801474
vt 0.308058 0.615479
vt 0.312723 0.621490
vt 0.997924 0.795464
vt 0.997924 0.796810
vt 0.992423 0.793335
vt 0.997924 0.793276
vt 0.867010 0.350434
vt 0.867241 0.356211
vt 0.865895 0.356211
vt 0.861230 0.350200
vt 0.866728 0.348088
vt 0.861230 0.348012
vt 0.866748 0.345174
vt 0.861230 0.345174
vt 0.992406 0.790438
vt 0.997924 0.790438
vt 0.866749 0.267158
vt 0.861230 0.267158
vt 0.997924 0.712422
vt 0.992406 0.712422
vt 0.989744 0.712422
vt 0.869411 0.267158
vt 0.869412 0.345174
vt 0.872267 0.267158
vt 0.872267 0.345174
vt 0.884013 0.267158
vt 0.884013 0.345174
vt 0.884013 0.348031
vt 0.872267 0.348030
vt 0.869322 0.348144
vt 0.872267 0.350693
vt 0.869370 0.350710
vt 0.884013 0.350693
vt 0.906795 0.348031
vt 0.906795 0.350693
vt 0.906795 0.345174
vt 0.918540 0.350693
vt 0.918540 0.348030
vt 0.918540 0.345174
vt 0.906795 0.267158
vt 0.918540 0.267158
vt 0.921397 0.267158
vt 0.921396 0.345174
vt 0.924059 0.267158
vt 0.924060 0.345174
vt 0.929577 0.267158
vt 0.929577 0.345174
vt 0.906795 0.701385
vt 0.906795 0.623369
vt 0.912313 0.623369
vt 0.912313 0.701385
vt 0.914975 0.623369
vt 0.914976 0.701385
vt 0.917832 0.623369
vt 0.917832 0.701385
vt 0.929577 0.623369
vt 0.929577 0.701385
vt 0.929577 0.704242
vt 0.917832 0.704241
vt 0.914886 0.704355
vt 0.917832 0.706904
vt 0.914934 0.706921
vt 0.929577 0.706903
vt 0.941323 0.706904
vt 0.929577 0.706903
vt 0.941323 0.704241
vt 0.941323 0.701385
vt 0.944292 0.704330
vt 0.944237 0.706924
vt 0.944178 0.701385
vt 0.944161 0.712422
vt 0.941323 0.712422
vt 0.929577 0.712422
vt 0.278195 0.678308
vt 0.289940 0.678307
vt 0.289940 0.683826
vt 0.278195 0.683826
vt 0.275357 0.683826
vt 0.275298 0.678325
vt 0.917832 0.712422
vt 0.301686 0.678308
vt 0.301686 0.683826
vt 0.289940 0.675646
vt 0.301686 0.675645
vt 0.278195 0.675645
vt 0.289940 0.672789
vt 0.301686 0.672789
vt 0.278195 0.672789
vt 0.275249 0.675759
vt 0.275339 0.672789
vt 0.272656 0.675703
vt 0.272676 0.672789
vt 0.272938 0.678049
vt 0.267158 0.675627
vt 0.267158 0.672789
vt 0.267158 0.677815
vt 0.538838 0.970957
vt 0.538838 0.976475
vt 0.536000 0.976475
vt 0.535941 0.970974
vt 0.533813 0.976475
vt 0.533581 0.970698
vt 0.532466 0.976475
vt 0.527802 0.970464
vt 0.273169 0.683826
vt 0.271823 0.683826
vt 0.946582 0.706642
vt 0.952359 0.706411
vt 0.952359 0.707757
vt 0.946349 0.712422
vt 0.946859 0.704282
vt 0.952359 0.704223
vt 0.946842 0.701385
vt 0.952359 0.701385
vt 0.533299 0.968352
vt 0.527802 0.968276
vt 0.533319 0.965438
vt 0.527802 0.965438
vt 0.533320 0.887422
vt 0.527802 0.887422
vt 0.952359 0.623369
vt 0.946841 0.623369
vt 0.944179 0.623369
vt 0.941323 0.623369
vt 0.535982 0.887422
vt 0.535983 0.965438
vt 0.538838 0.887422
vt 0.538838 0.965438
vt 0.539547 0.887422
vt 0.539547 0.965438
vt 0.539547 0.968293
vt 0.538838 0.968293
vt 0.535893 0.968408
vt 0.539547 0.970957
vt 0.542517 0.968383
vt 0.542461 0.970977
vt 0.542403 0.965438
vt 0.542385 0.976475
vt 0.539547 0.976475
vt 0.272676 0.672080
vt 0.267158 0.672080
vt 0.267158 0.669242
vt 0.272659 0.669183
vt 0.275339 0.672080
vt 0.275225 0.669135
vt 0.272935 0.666823
vt 0.275281 0.666541
vt 0.267158 0.667054
vt 0.273169 0.661044
vt 0.275357 0.661044
vt 0.267158 0.665708
vt 0.962759 0.904447
vt 0.962818 0.909947
vt 0.960630 0.909947
vt 0.960399 0.904170
vt 0.959284 0.909947
vt 0.954619 0.903937
vt 0.544807 0.970695
vt 0.550584 0.970464
vt 0.550584 0.971810
vt 0.544573 0.976475
vt 0.960117 0.901824
vt 0.954619 0.901749
vt 0.545083 0.968335
vt 0.550584 0.968276
vt 0.545066 0.965438
vt 0.550584 0.965438
vt 0.542404 0.887422
vt 0.545066 0.887422
vt 0.550584 0.887422
vt 0.954619 0.898911
vt 0.954619 0.820895
vt 0.960138 0.820895
vt 0.960137 0.898911
vt 0.962799 0.820895
vt 0.962800 0.898911
vt 0.965656 0.820895
vt 0.965656 0.898911
vt 0.966365 0.820895
vt 0.966365 0.898911
vt 0.969609 0.901738
vt 0.965656 0.901766
vt 0.962711 0.901880
vt 0.965656 0.904430
vt 0.973368 0.904398
vt 0.971829 0.901673
vt 0.974561 0.904238
vt 0.969208 0.898911
vt 0.977401 0.909947
vt 0.965656 0.909947
vt 0.278195 0.661044
vt 0.289940 0.661044
vt 0.293974 0.666593
vt 0.278195 0.666561
vt 0.292823 0.664740
vt 0.278195 0.669225
vt 0.297733 0.669252
vt 0.278195 0.672080
vt 0.300977 0.672080
vt 0.295581 0.666627
vt 0.298149 0.668836
vt 0.293664 0.663890
vt 0.295490 0.665077
vt 0.291799 0.662896
vt 0.289940 0.661036
vt 0.289940 0.661043
vt 0.182139 0.972185
vt 0.178105 0.977735
vt 0.178113 0.977735
vt 0.180982 0.972048
vt 0.178106 0.977735
vt 0.179961 0.971840
vt 0.178105 0.971687
vt 0.975552 0.904050
vt 0.977401 0.903899
vt 0.977401 0.905332
vt 0.973711 0.901643
vt 0.977401 0.901620
vt 0.971860 0.898911
vt 0.977401 0.898911
vt 0.181823 0.969433
vt 0.178105 0.969407
vt 0.183647 0.966698
vt 0.178105 0.966698
vt 0.178105 0.888682
vt 0.183624 0.888682
vt 0.971883 0.820895
vt 0.977401 0.820895
vt 0.186286 0.888682
vt 0.186299 0.966698
vt 0.189142 0.888682
vt 0.189142 0.966698
vt 0.189851 0.888682
vt 0.189851 0.966698
vt 0.193096 0.969526
vt 0.185898 0.969526
vt 0.183735 0.969484
vt 0.196854 0.972185
vt 0.195315 0.969460
vt 0.198047 0.972025
vt 0.192694 0.966698
vt 0.200888 0.977735
vt 0.295490 0.634228
vt 0.289940 0.638261
vt 0.293637 0.635378
vt 0.295490 0.665077
vt 0.298149 0.630469
vt 0.298149 0.668836
vt 0.295524 0.632621
vt 0.291793 0.636402
vt 0.292787 0.634538
vt 0.289940 0.638261
vt 0.289933 0.638261
vt 0.775054 0.993313
vt 0.772185 0.999000
vt 0.772178 0.999000
vt 0.774034 0.993105
vt 0.772178 0.999000
vt 0.772178 0.992952
vt 0.199038 0.971837
vt 0.200888 0.971687
vt 0.200888 0.973119
vt 0.775895 0.990699
vt 0.772178 0.990672
vt 0.197197 0.969431
vt 0.200888 0.969407
vt 0.195347 0.966698
vt 0.200888 0.966698
vt 0.195369 0.888682
vt 0.192708 0.888682
vt 0.200888 0.888682
vt 0.777696 0.909947
vt 0.777719 0.987963
vt 0.772178 0.987963
vt 0.772178 0.909947
vt 0.780358 0.909947
vt 0.780371 0.987963
vt 0.783214 0.909947
vt 0.783214 0.987963
vt 0.783923 0.909947
vt 0.783923 0.987963
vt 0.783923 0.990819
vt 0.779970 0.990791
vt 0.777807 0.990749
vt 0.776211 0.993451
vt 0.783923 0.993482
vt 0.786893 0.990909
vt 0.786837 0.993502
vt 0.786779 0.987963
vt 0.786761 0.999000
vt 0.783923 0.999000
vt 0.278195 0.632744
vt 0.278195 0.638261
vt 0.275357 0.638261
vt 0.275298 0.632761
vt 0.293974 0.632712
vt 0.297732 0.630052
vt 0.278195 0.630080
vt 0.300977 0.627225
vt 0.278195 0.627225
vt 0.300977 0.627225
vt 0.275249 0.630194
vt 0.275339 0.627225
vt 0.272656 0.630139
vt 0.272676 0.627225
vt 0.272938 0.632484
vt 0.267158 0.630063
vt 0.267158 0.627225
vt 0.267158 0.632251
vt 0.183623 0.398326
vt 0.178105 0.398326
vt 0.178105 0.395488
vt 0.183606 0.395429
vt 0.178105 0.393300
vt 0.183882 0.393069
vt 0.178105 0.391954
vt 0.184116 0.387290
vt 0.273169 0.638261
vt 0.271823 0.638261
vt 0.789183 0.993220
vt 0.794960 0.992989
vt 0.794960 0.994335
vt 0.788949 0.999000
vt 0.789459 0.990861
vt 0.794960 0.990801
vt 0.789443 0.987963
vt 0.794960 0.987963
vt 0.189142 0.392807
vt 0.186228 0.392787
vt 0.186304 0.387290
vt 0.189142 0.387290
vt 0.186172 0.395381
vt 0.189142 0.395471
vt 0.267158 0.395470
vt 0.267158 0.392808
vt 0.267158 0.387290
vt 0.794960 0.909947
vt 0.789442 0.909947
vt 0.786780 0.909947
vt 0.267158 0.398326
vt 0.189142 0.398326
vt 0.267158 0.410072
vt 0.189142 0.410072
vt 0.186286 0.410072
vt 0.186287 0.398326
vt 0.183624 0.410072
vt 0.183624 0.432854
vt 0.183624 0.410072
vt 0.186286 0.432854
vt 0.189142 0.432854
vt 0.186286 0.455636
vt 0.183624 0.455636
vt 0.189142 0.455636
vt 0.183624 0.478418
vt 0.183624 0.455636
vt 0.186286 0.478418
vt 0.189142 0.478418
vt 0.267158 0.455636
vt 0.267158 0.478418
vt 0.267158 0.432854
vt 0.189142 0.501201
vt 0.186286 0.501201
vt 0.267158 0.501201
vt 0.267158 0.524167
vt 0.189142 0.524167
vt 0.267158 0.547132
vt 0.189142 0.547132
vt 0.186286 0.547132
vt 0.186286 0.524167
vt 0.183624 0.524167
vt 0.183624 0.501201
vt 0.183624 0.547132
vt 0.183624 0.570098
vt 0.186286 0.570098
vt 0.189142 0.570098
vt 0.186286 0.593064
vt 0.183624 0.593064
vt 0.189142 0.593064
vt 0.183624 0.615663
vt 0.186286 0.615663
vt 0.189142 0.593064
vt 0.189142 0.615663
vt 0.267158 0.593064
vt 0.267158 0.615663
vt 0.267158 0.570098
vt 0.267158 0.627225
vt 0.189142 0.627225
vt 0.267158 0.630081
vt 0.189142 0.630080
vt 0.267158 0.632743
vt 0.189142 0.632744
vt 0.267158 0.638261
vt 0.189142 0.638261
vt 0.975142 0.167069
vt 0.975142 0.089053
vt 0.980660 0.089053
vt 0.980659 0.167069
vt 0.983322 0.089053
vt 0.983323 0.167069
vt 0.986178 0.089053
vt 0.986179 0.167069
vt 0.986887 0.089053
vt 0.986887 0.167069
vt 0.986887 0.169924
vt 0.986178 0.169924
vt 0.983233 0.170038
vt 0.986178 0.172588
vt 0.983281 0.172605
vt 0.986887 0.172588
vt 0.989857 0.170014
vt 0.989801 0.172608
vt 0.989743 0.167069
vt 0.989725 0.178105
vt 0.986887 0.178105
vt 0.986178 0.178105
vt 0.278195 0.387290
vt 0.278904 0.387290
vt 0.278904 0.392807
vt 0.278195 0.392807
vt 0.281742 0.387290
vt 0.281801 0.392790
vt 0.983340 0.178105
vt 0.275281 0.392787
vt 0.275357 0.387290
vt 0.278195 0.395471
vt 0.275225 0.395381
vt 0.278904 0.395471
vt 0.278195 0.398326
vt 0.275339 0.398326
vt 0.278904 0.398326
vt 0.281849 0.395357
vt 0.281759 0.398326
vt 0.284443 0.395412
vt 0.284423 0.398326
vt 0.284161 0.393066
vt 0.289940 0.395488
vt 0.289940 0.398326
vt 0.289940 0.393300
vt 0.688643 0.398326
vt 0.683125 0.398326
vt 0.683125 0.395488
vt 0.688626 0.395429
vt 0.683125 0.393300
vt 0.688902 0.393069
vt 0.691306 0.398326
vt 0.691192 0.395381
vt 0.691248 0.392787
vt 0.689136 0.387290
vt 0.691324 0.387290
vt 0.683125 0.391954
vt 0.992423 0.169966
vt 0.997924 0.169907
vt 0.997924 0.172095
vt 0.992147 0.172326
vt 0.997924 0.173441
vt 0.991913 0.178105
vt 0.283930 0.387290
vt 0.285276 0.387290
vt 0.992407 0.167069
vt 0.997924 0.167069
vt 0.989744 0.089053
vt 0.992406 0.089053
vt 0.997924 0.089053
vt 0.694162 0.387289
vt 0.772178 0.387290
vt 0.772178 0.392808
vt 0.694162 0.392807
vt 0.772178 0.395470
vt 0.694162 0.395471
vt 0.772178 0.398326
vt 0.694162 0.398326
vt 0.772178 0.409888
vt 0.694162 0.409888
vt 0.691305 0.409888
vt 0.688643 0.409888
vt 0.691305 0.432487
vt 0.688643 0.432487
vt 0.694162 0.432487
vt 0.688643 0.455452
vt 0.691305 0.455452
vt 0.694162 0.455452
vt 0.772178 0.432487
vt 0.772178 0.455452
vt 0.772178 0.478418
vt 0.694162 0.478418
vt 0.691305 0.478418
vt 0.691305 0.501384
vt 0.688643 0.478418
vt 0.688643 0.455452
vt 0.688643 0.501384
vt 0.683125 0.501384
vt 0.683125 0.478418
vt 0.683125 0.524350
vt 0.683125 0.547132
vt 0.289940 0.501384
vt 0.289940 0.524350
vt 0.284422 0.524350
vt 0.284422 0.501384
vt 0.284422 0.547132
vt 0.284422 0.524350
vt 0.289940 0.547132
vt 0.284422 0.569915
vt 0.284422 0.547132
vt 0.281760 0.547132
vt 0.281760 0.524350
vt 0.278904 0.547132
vt 0.278904 0.524350
vt 0.278195 0.569915
vt 0.278195 0.547132
vt 0.278195 0.524350
vt 0.278904 0.501384
vt 0.278195 0.501384
vt 0.281760 0.501384
vt 0.278904 0.478418
vt 0.281760 0.478418
vt 0.278195 0.478418
vt 0.284422 0.478418
vt 0.284422 0.501384
vt 0.289940 0.478418
vt 0.284422 0.478418
vt 0.284422 0.455452
vt 0.289940 0.455452
vt 0.281760 0.455452
vt 0.683125 0.455452
vt 0.284422 0.455452
vt 0.284422 0.432487
vt 0.289940 0.432487
vt 0.683125 0.432487
vt 0.289940 0.409888
vt 0.284422 0.432487
vt 0.284422 0.409888
vt 0.683125 0.409888
vt 0.284422 0.409888
vt 0.281760 0.409888
vt 0.281760 0.432487
vt 0.278904 0.409888
vt 0.278904 0.432487
vt 0.278904 0.455452
vt 0.278195 0.455452
vt 0.278195 0.432487
vt 0.275338 0.478418
vt 0.275338 0.455452
vt 0.275338 0.455452
vt 0.275338 0.432487
vt 0.272676 0.478418
vt 0.272676 0.455452
vt 0.272676 0.455452
vt 0.272676 0.432487
vt 0.278195 0.409888
vt 0.275338 0.432487
vt 0.275338 0.409888
vt 0.272676 0.432487
vt 0.272676 0.409888
vt 0.267158 0.432487
vt 0.267158 0.409888
vt 0.267158 0.455452
vt 0.178105 0.615663
vt 0.178105 0.593064
vt 0.178105 0.570098
vt 0.178105 0.547132
vt 0.267158 0.501384
vt 0.272676 0.478418
vt 0.272676 0.501384
vt 0.178105 0.524167
vt 0.178105 0.501201
vt 0.267158 0.524350
vt 0.272676 0.501384
vt 0.272676 0.524350
vt 0.275338 0.501384
vt 0.275338 0.524350
vt 0.275338 0.478418
vt 0.275338 0.501384
vt 0.272676 0.547132
vt 0.272676 0.524350
vt 0.275338 0.524350
vt 0.275338 0.547132
vt 0.275338 0.547132
vt 0.275338 0.569915
vt 0.272676 0.569915
vt 0.272676 0.547132
vt 0.267158 0.569915
vt 0.178105 0.478418
vt 0.178105 0.455636
vt 0.267158 0.592697
vt 0.272676 0.569915
vt 0.272676 0.592697
vt 0.178105 0.432854
vt 0.178105 0.410072
vt 0.272676 0.592697
vt 0.272676 0.615479
vt 0.267158 0.615479
vt 0.275338 0.592697
vt 0.275338 0.615479
vt 0.275338 0.569915
vt 0.275338 0.592697
vt 0.278195 0.592697
vt 0.278195 0.615479
vt 0.278904 0.626516
vt 0.275338 0.615479
vt 0.272676 0.615479
vt 0.272676 0.398326
vt 0.272676 0.409888
vt 0.183623 0.627225
vt 0.178105 0.627225
vt 0.267158 0.395488
vt 0.272659 0.395429
vt 0.183603 0.630139
vt 0.178105 0.630063
vt 0.275338 0.409888
vt 0.272935 0.393069
vt 0.267158 0.393300
vt 0.273169 0.387290
vt 0.267158 0.391954
vt 0.981153 0.178105
vt 0.980921 0.172328
vt 0.979806 0.178105
vt 0.975142 0.172095
vt 0.183885 0.632484
vt 0.184116 0.638261
vt 0.182770 0.638261
vt 0.178105 0.632251
vt 0.980639 0.169983
vt 0.975142 0.169907
vt 0.186245 0.632761
vt 0.186304 0.638261
vt 0.186197 0.630194
vt 0.186287 0.627225
vt 0.301686 0.638261
vt 0.301686 0.661044
vt 0.300977 0.672080
vt 0.301686 0.626516
vt 0.300977 0.627225
vt 0.304541 0.626516
vt 0.304542 0.638261
vt 0.304542 0.661044
vt 0.307205 0.626516
vt 0.307204 0.638261
vt 0.307204 0.661044
vt 0.304541 0.672789
vt 0.307205 0.672789
vt 0.312723 0.661044
vt 0.312723 0.672789
vt 0.312723 0.638261
vt 0.918540 0.356211
vt 0.906795 0.356211
vt 0.884013 0.356211
vt 0.872267 0.356211
vt 0.312723 0.626516
vt 0.869429 0.356211
vt 0.307225 0.623602
vt 0.312723 0.623678
vt 0.304631 0.623546
vt 0.301686 0.623660
vt 0.282148 0.623688
vt 0.312723 0.675627
vt 0.307222 0.675686
vt 0.921454 0.350713
vt 0.921378 0.356211
vt 0.921510 0.348120
vt 0.924077 0.348071
vt 0.923800 0.350431
vt 0.923566 0.356211
vt 0.929577 0.348012
vt 0.929577 0.350200
vt 0.929577 0.351546
vt 0.312723 0.677815
vt 0.306946 0.678046
vt 0.312723 0.679161
vt 0.306712 0.683826
vt 0.912575 0.706645
vt 0.912806 0.712422
vt 0.911460 0.712422
vt 0.906795 0.706411
vt 0.304600 0.678328
vt 0.304524 0.683826
vt 0.914994 0.712422
vt 0.912293 0.704299
vt 0.906795 0.704223
vt 0.304656 0.675734
vt 0.300977 0.672080
vt 0.969221 0.820895
s 1
usemtl Grass2
f 5634/7107/1172 5633/7108/1172 5635/7109/1172 6102/7110/1172
f 5633/7108/1172 5636/7111/1172 5638/7112/1172 5635/7109/1172
f 5636/7111/1172 5637/7113/1172 5639/7114/1172 5638/7112/1172
f 5638/7112/1173 5639/7114/1173 5643/7115/1174 5640/7116/1174
f 5640/7116/1174 5641/7117/1174 5635/7109/1173 5638/7112/1173
f 5642/7118/1175 6108/7119/1175 5641/7117/1174 5640/7116/1174
f 5640/7116/1174 5643/7115/1174 5644/7120/1175 5642/7118/1175
f 5646/7121/1176 5644/7120/1175 5643/7115/1174 5645/7122/1177
f 5645/7122/1177 5643/7115/1174 5639/7114/1173 5647/7123/1178
f 5651/7124/1179 5646/7121/1176 5645/7122/1177 5648/7125/1180
f 5648/7125/1180 5645/7122/1177 5647/7123/1178 5650/7126/1181
f 5648/7125/1180 5649/7127/1182 5652/7128/1183 5651/7124/1179
f 5650/7126/1181 5690/7129/1184 5649/7127/1182 5648/7125/1180
f 5651/7124/1179 5652/7128/1183 5655/7130/1185 5653/7130/1186
f 5653/7130/1186 5656/7131/1187 5646/7121/1176 5651/7124/1179
f 5654/7132/1188 5658/7133/1189 5656/7134/1187 5653/7135/1186
f 5654/7132/1188 5653/7135/1186 5655/7135/1185 5667/7136/1190
f 5656/7131/1187 5657/7137/1191 5644/7120/1175 5646/7121/1176
f 5658/7138/1189 5659/7139/1192 5657/7140/1191 5656/7134/1187
f 5660/7141/1193 5661/7142/1194 5659/7139/1192 5658/7138/1189
f 5663/7143/1195 5660/7141/1193 5658/7133/1189 5654/7132/1188
f 5662/7144/1196 6116/7145/1197 5661/7142/1194 5660/7141/1193
f 5664/7146/1198 5662/7144/1196 5660/7141/1193 5663/7143/1195
f 5664/7146/1198 5663/7143/1195 5665/7147/1199 5666/7148/1200
f 5663/7143/1195 5654/7132/1188 5667/7136/1190 5665/7147/1199
f 5666/7148/1200 5665/7147/1199 5668/7149/1201 5669/7150/1202
f 5665/7147/1199 5667/7136/1190 5670/7151/1203 5668/7149/1201
f 5669/7150/1202 5668/7149/1201 5671/7152/1204 5672/7135/1205
f 5668/7149/1201 5670/7151/1203 5674/7153/1206 5671/7152/1204
f 5701/7154/1207 5672/7155/1205 5671/7156/1204 5673/7157/1208
f 5673/7157/1208 5671/7156/1204 5674/7158/1206 5675/7159/1209
f 5675/7159/1209 5674/7158/1206 5676/7155/1210 5677/7160/1211
f 5670/7151/1203 5678/7135/1212 5676/7135/1210 5674/7153/1206
f 5679/7161/1213 5677/7162/1211 5676/7163/1210 5678/7130/1212
f 5652/7128/1183 5679/7161/1213 5678/7130/1212 5655/7130/1185
f 5667/7136/1190 5655/7135/1185 5678/7135/1212 5670/7151/1203
f 5680/7164/1214 5682/7165/1215 5677/7162/1211 5679/7161/1213
f 5649/7127/1182 5680/7164/1214 5679/7161/1213 5652/7128/1183
f 5681/7166/1216 5684/7167/1217 5682/7165/1215 5680/7164/1214
f 5690/7129/1184 5681/7166/1216 5680/7164/1214 5649/7127/1182
f 5683/7168/1218 5675/7159/1209 5677/7160/1211 5682/7169/1215
f 5685/7170/1219 5683/7168/1218 5682/7169/1215 5684/7171/1217
f 5687/7172/1220 5685/7170/1219 5684/7171/1217 5686/7173/1221
f 5686/7174/1221 5684/7167/1217 5681/7166/1216 5688/7175/1222
f 5688/7175/1222 5681/7166/1216 5690/7129/1184 5689/7176/1223
f 5689/7176/1223 5690/7129/1184 5650/7126/1181 5691/7177/1224
f 5692/7178/1172 5691/7177/1172 5650/7126/1172 5647/7123/1172
f 5637/7113/1172 5692/7178/1172 5647/7123/1172 5639/7114/1172
f 5693/7179/1225 5694/7180/1226 5685/7170/1219 5687/7172/1220
f 5695/7181/1227 5697/7182/1228 5694/7180/1226 5693/7179/1225
f 5695/7181/1229 5696/7183/1229 5698/7184/1229 5697/7182/1229
f 5702/7185/1230 5699/7186/1231 5697/7182/1228 5698/7184/1232
f 5697/7182/1228 5699/7186/1231 5700/7187/1233 5694/7180/1226
f 5699/7186/1231 5701/7154/1207 5673/7157/1208 5700/7187/1233
f 5704/7188/1234 5701/7154/1207 5699/7186/1231 5702/7185/1230
f 5702/7185/1230 5703/7189/1235 5705/7190/1236 5704/7188/1234
f 5698/7184/1232 5726/7191/1237 5703/7189/1235 5702/7185/1230
f 5704/7188/1234 5705/7190/1236 5708/7192/1238 5706/7193/1239
f 5706/7193/1239 5672/7155/1205 5701/7154/1207 5704/7188/1234
f 5707/7194/1240 5669/7195/1202 5672/7135/1205 5706/7196/1239
f 5707/7194/1240 5706/7196/1239 5708/7197/1238 5709/7198/1241
f 5709/7198/1241 5708/7197/1238 5710/7199/1242 5711/7200/1243
f 5705/7190/1236 5713/7201/1244 5710/7202/1242 5708/7192/1238
f 5711/7200/1243 5710/7199/1242 5712/7203/1245 6222/7204/1246
f 5713/7201/1244 5715/7205/1247 5712/7206/1245 5710/7202/1242
f 5714/7207/1248 5717/7208/1249 5715/7205/1247 5713/7201/1244
f 5703/7189/1235 5714/7207/1248 5713/7201/1244 5705/7190/1236
f 5716/7209/1250 6222/7210/1246 5712/7211/1245 5715/7212/1247
f 5718/7213/1251 5716/7209/1250 5715/7212/1247 5717/7214/1249
f 5720/7215/1252 5718/7213/1251 5717/7214/1249 5719/7216/1253
f 5721/7217/1254 5719/7218/1253 5717/7208/1249 5714/7207/1248
f 5723/7219/1255 5720/7215/1252 5719/7216/1253 5722/7220/1256
f 5722/7221/1256 5719/7218/1253 5721/7217/1254 5724/7222/1257
f 5724/7222/1257 5721/7217/1254 5726/7191/1237 5725/7223/1258
f 5725/7223/1258 5726/7191/1237 5698/7184/1232 5696/7183/1259
f 5726/7191/1237 5721/7217/1254 5714/7207/1248 5703/7189/1235
f 5727/7224/1260 5728/7225/1261 5720/7215/1252 5723/7219/1255
f 5729/7226/1262 5731/7227/1263 5728/7225/1261 5727/7224/1260
f 5729/7226/1172 5730/7228/1172 5732/7229/1172 5731/7227/1172
f 5736/7230/1174 5733/7231/1264 5731/7227/1263 5732/7229/1173
f 5731/7227/1263 5733/7231/1264 5734/7232/1265 5728/7225/1261
f 5733/7231/1264 5735/7233/1266 6221/7234/1267 5734/7232/1265
f 5737/7235/1175 5735/7233/1266 5733/7231/1264 5736/7230/1174
f 5736/7230/1174 5738/7236/1174 5739/7237/1175 5737/7235/1175
f 5732/7229/1173 5741/7238/1173 5738/7236/1174 5736/7230/1174
f 6224/7239/1268 5739/7237/1175 5738/7236/1174 5740/7240/1269
f 5740/7240/1269 5738/7236/1174 5741/7238/1173 5742/7241/1270
f 5743/7242/1172 5744/7243/1172 5742/7241/1172 5741/7238/1172
f 5730/7228/1172 5743/7242/1172 5741/7238/1172 5732/7229/1172
f 5742/7241/1270 5744/7243/1271 5745/7244/1272 5746/7245/1273
f 5746/7245/1273 5745/7244/1272 5747/7246/1274 5748/7247/1275
f 5748/7247/1275 5747/7246/1274 5749/7248/1276 5750/7249/1277
f 5750/7250/1277 5749/7251/1276 5751/7252/1278 5752/7253/1279
f 5752/7253/1279 5751/7252/1278 5753/7254/1280 5754/7255/1281
f 5754/7255/1281 5753/7254/1280 5755/7256/1282 5757/7257/1283
f 5755/7256/1284 5756/7258/1284 5758/7259/1284 5757/7257/1284
f 5762/7260/1285 5759/7261/1286 5757/7257/1283 5758/7259/1287
f 5757/7257/1283 5759/7261/1286 5760/7262/1288 5754/7255/1281
f 5759/7261/1286 5761/7263/1289 6236/7264/1290 5760/7262/1288
f 5763/7265/1291 5761/7263/1289 5759/7261/1286 5762/7260/1285
f 5767/7266/1292 5763/7267/1291 5762/7260/1285 5764/7268/1293
f 5764/7268/1293 5762/7260/1285 5758/7259/1287 5766/7269/1294
f 5764/7268/1293 5765/7270/1295 5768/7271/1296 5767/7266/1292
f 5766/7269/1294 5806/7272/1297 5765/7270/1295 5764/7268/1293
f 5767/7266/1292 5768/7271/1296 5771/7273/1298 5769/7274/1299
f 5769/7274/1299 5772/7275/1300 5763/7267/1291 5767/7266/1292
f 5770/7276/1301 5774/7277/1302 5772/7278/1300 5769/7279/1299
f 5770/7276/1301 5769/7279/1299 5771/7280/1298 5783/7281/1303
f 5772/7275/1300 5773/7282/1304 5761/7263/1289 5763/7265/1291
f 5774/7277/1302 5775/7283/1305 5773/7284/1304 5772/7278/1300
f 5776/7285/1306 5777/7286/1307 5775/7283/1305 5774/7277/1302
f 5779/7287/1308 5776/7285/1306 5774/7277/1302 5770/7276/1301
f 5778/7288/1309 6242/7289/1310 5777/7286/1307 5776/7285/1306
f 5780/7290/1311 5778/7288/1309 5776/7285/1306 5779/7287/1308
f 5780/7290/1311 5779/7287/1308 5781/7291/1312 5782/7292/1313
f 5779/7287/1308 5770/7276/1301 5783/7281/1303 5781/7291/1312
f 5782/7292/1313 5781/7291/1312 5784/7293/1314 5785/7294/1315
f 5781/7291/1312 5783/7281/1303 5786/7295/1316 5784/7293/1314
f 5785/7294/1315 5784/7293/1314 5787/7296/1317 5788/7297/1318
f 5784/7293/1314 5786/7295/1316 5790/7298/1319 5787/7296/1317
f 5816/7299/1320 5788/7300/1318 5787/7301/1317 5789/7302/1321
f 5789/7302/1321 5787/7301/1317 5790/7303/1319 5791/7304/1322
f 5791/7304/1322 5790/7303/1319 5792/7305/1323 5793/7306/1324
f 5786/7295/1316 5794/7307/1325 5792/7308/1323 5790/7298/1319
f 5795/7309/1326 5793/7310/1324 5792/7311/1323 5794/7312/1325
f 5768/7271/1296 5795/7309/1326 5794/7312/1325 5771/7273/1298
f 5783/7281/1303 5771/7280/1298 5794/7307/1325 5786/7295/1316
f 5796/7313/1327 5798/7314/1328 5793/7310/1324 5795/7309/1326
f 5765/7270/1295 5796/7313/1327 5795/7309/1326 5768/7271/1296
f 5797/7315/1329 5800/7316/1330 5798/7314/1328 5796/7313/1327
f 5806/7272/1297 5797/7315/1329 5796/7313/1327 5765/7270/1295
f 5799/7317/1331 5791/7304/1322 5793/7306/1324 5798/7318/1328
f 5801/7319/1332 5799/7317/1331 5798/7318/1328 5800/7320/1330
f 5803/7321/1333 5801/7319/1332 5800/7320/1330 5802/7322/1334
f 5802/7323/1334 5800/7316/1330 5797/7315/1329 5804/7324/1335
f 5804/7324/1335 5797/7315/1329 5806/7272/1297 5805/7325/1336
f 5805/7325/1336 5806/7272/1297 5766/7269/1294 5807/7326/1337
f 5756/7258/1284 5807/7326/1284 5766/7269/1284 5758/7259/1284
f 5808/7327/1338 5809/7328/1339 5801/7319/1332 5803/7321/1333
f 5810/7329/1340 5812/7330/1341 5809/7328/1339 5808/7327/1338
f 5810/7329/1342 5811/7331/1342 5813/7332/1342 5812/7330/1342
f 5812/7330/1341 5813/7332/1343 5817/7333/1344 5814/7334/1345
f 5812/7330/1341 5814/7334/1345 5815/7335/1346 5809/7328/1339
f 5814/7334/1345 5816/7299/1320 5789/7302/1321 5815/7335/1346
f 5814/7334/1345 5817/7333/1344 5819/7336/1347 5816/7299/1320
f 5817/7333/1344 5818/7337/1348 5820/7338/1349 5819/7336/1347
f 5813/7332/1343 5839/7339/1350 5818/7337/1348 5817/7333/1344
f 5819/7336/1347 5820/7338/1349 5822/7340/1351 5821/7341/1352
f 5816/7299/1320 5819/7336/1347 5821/7341/1352 5788/7300/1318
f 5823/7342/1353 5821/7343/1352 5822/7344/1351 5825/7345/1354
f 5788/7297/1318 5821/7343/1352 5823/7342/1353 5785/7294/1315
f 5785/7294/1315 5823/7342/1353 5824/7346/1355 5782/7292/1313
f 5824/7346/1355 5823/7342/1353 5825/7345/1354 5826/7347/1356
f 5826/7347/1356 5825/7345/1354 5827/7348/1357 5828/7349/1358
f 5825/7345/1354 5822/7344/1351 5829/7350/1359 5827/7348/1357
f 5828/7349/1358 5827/7348/1357 5830/7351/1360 5831/7352/1361
f 5827/7348/1357 5829/7350/1359 5833/7353/1362 5830/7351/1360
f 6247/7354/1363 5831/7355/1361 5830/7356/1360 5832/7357/1364
f 5832/7357/1364 5830/7356/1360 5833/7358/1362 5834/7359/1365
f 5836/7360/1366 5834/7361/1365 5833/7362/1362 5829/7363/1359
f 6248/7364/1367 5832/7357/1364 5834/7359/1365 5835/7365/1368
f 5837/7366/1369 5835/7367/1368 5834/7361/1365 5836/7360/1366
f 5818/7337/1348 5837/7366/1369 5836/7360/1366 5820/7338/1349
f 5820/7338/1349 5836/7360/1366 5829/7363/1359 5822/7340/1351
f 5838/7368/1370 5840/7369/1371 5835/7367/1368 5837/7366/1369
f 5839/7339/1350 5838/7368/1370 5837/7366/1369 5818/7337/1348
f 5839/7339/1350 5842/7370/1372 5841/7371/1373 5838/7368/1370
f 5838/7368/1370 5841/7371/1373 5843/7372/1374 5840/7369/1371
f 5840/7373/1371 5843/7374/1374 5844/7375/1375 5845/7376/1376
f 5845/7376/1376 5844/7375/1375 5846/7377/1377 5847/7378/1378
f 5847/7378/1378 5846/7377/1377 5848/7379/1379 5850/7380/1380
f 5848/7379/1229 5849/7381/1229 5851/7382/1229 5850/7380/1229
f 5850/7380/1380 5851/7382/1381 5855/7383/1382 5852/7384/1383
f 5850/7380/1380 5852/7384/1383 5853/7385/1384 5847/7378/1378
f 5852/7384/1383 5854/7386/1385 6247/7354/1363 5853/7385/1384
f 5852/7384/1383 5855/7383/1382 5857/7387/1386 5854/7386/1385
f 5855/7383/1382 5856/7388/1387 5858/7389/1388 5857/7387/1386
f 5851/7382/1381 6246/7390/1389 5856/7388/1387 5855/7383/1382
f 5857/7387/1386 5858/7389/1388 5861/7391/1390 5859/7391/1391
f 5854/7386/1385 5857/7387/1386 5859/7391/1391 5862/7392/1392
f 5862/7393/1392 5859/7394/1391 5860/7395/1393 5863/7396/1394
f 5860/7395/1393 5859/7394/1391 5861/7394/1390 5870/7397/1395
f 5854/7386/1385 5862/7392/1392 5831/7355/1361 6247/7354/1363
f 5863/7396/1394 5828/7349/1358 5831/7352/1361 5862/7393/1392
f 5864/7398/1396 5826/7347/1356 5828/7349/1358 5863/7396/1394
f 5863/7396/1394 5860/7395/1393 5866/7399/1397 5864/7398/1396
f 5865/7400/1398 5824/7346/1355 5826/7347/1356 5864/7398/1396
f 5864/7398/1396 5866/7399/1397 5867/7401/1399 5865/7400/1398
f 5867/7401/1399 5866/7399/1397 5868/7402/1400 5869/7403/1401
f 5866/7399/1397 5860/7395/1393 5870/7397/1395 5868/7402/1400
f 5869/7403/1401 5868/7402/1400 5871/7404/1402 5872/7405/1403
f 5868/7402/1400 5870/7397/1395 5873/7406/1404 5871/7404/1402
f 5872/7405/1403 5871/7404/1402 5874/7407/1405 5875/7394/1406
f 5871/7404/1402 5873/7406/1404 5877/7408/1407 5874/7407/1405
f 5900/7409/1408 5875/7410/1406 5874/7411/1405 5876/7412/1409
f 5876/7412/1409 5874/7411/1405 5877/7413/1407 5878/7414/1410
f 5878/7414/1410 5877/7413/1407 5879/7410/1411 5880/7415/1412
f 5873/7406/1404 5881/7394/1413 5879/7394/1411 5877/7408/1407
f 5882/7416/1414 5880/7417/1412 5879/7418/1411 5881/7391/1413
f 5858/7389/1388 5882/7416/1414 5881/7391/1413 5861/7391/1390
f 5870/7397/1395 5861/7394/1390 5881/7394/1413 5873/7406/1404
f 5883/7419/1415 5885/7420/1416 5880/7417/1412 5882/7416/1414
f 5856/7388/1387 5883/7419/1415 5882/7416/1414 5858/7389/1388
f 5884/7421/1417 5887/7422/1418 5885/7420/1416 5883/7419/1415
f 6246/7390/1389 5884/7421/1417 5883/7419/1415 5856/7388/1387
f 5886/7423/1419 5878/7414/1410 5880/7415/1412 5885/7424/1416
f 5888/7425/1420 5886/7423/1419 5885/7424/1416 5887/7426/1418
f 5887/7426/1418 5889/7427/1421 5891/7428/1422 5888/7425/1420
f 5884/7421/1417 5890/7429/1423 5889/7430/1421 5887/7422/1418
f 5888/7425/1420 5891/7428/1422 5892/7431/1424 5893/7432/1425
f 5893/7432/1425 5892/7431/1424 5894/7433/1426 5896/7434/1427
f 5894/7433/1342 5895/7435/1342 5897/7436/1342 5896/7434/1342
f 5896/7434/1427 5897/7436/1428 5901/7437/1429 5898/7438/1430
f 5896/7434/1427 5898/7438/1430 5899/7439/1431 5893/7432/1425
f 5898/7438/1430 5900/7409/1408 5876/7412/1409 5899/7439/1431
f 5898/7438/1430 5901/7437/1429 5903/7440/1432 5900/7409/1408
f 5901/7437/1429 5902/7441/1433 5904/7442/1434 5903/7440/1432
f 5897/7436/1428 5923/7443/1435 5902/7441/1433 5901/7437/1429
f 5903/7440/1432 5904/7442/1434 5906/7444/1436 5905/7444/1437
f 5900/7409/1408 5903/7440/1432 5905/7444/1437 5875/7410/1406
f 5907/7445/1438 5905/7446/1437 5906/7446/1436 5909/7447/1439
f 5875/7394/1406 5905/7446/1437 5907/7445/1438 5872/7448/1403
f 5872/7448/1403 5907/7445/1438 5908/7449/1440 5869/7450/1401
f 5908/7449/1440 5907/7445/1438 5909/7447/1439 5910/7451/1441
f 5910/7451/1441 5909/7447/1439 5911/7452/1442 5912/7453/1443
f 5909/7447/1439 5906/7446/1436 5913/7446/1444 5911/7452/1442
f 5912/7453/1443 5911/7452/1442 5914/7454/1445 5915/7455/1446
f 5911/7452/1442 5913/7446/1444 5917/7446/1447 5914/7454/1445
f 6243/7456/1448 5915/7457/1446 5914/7458/1445 5916/7459/1449
f 5916/7459/1449 5914/7458/1445 5917/7460/1447 5918/7461/1450
f 5920/7462/1451 5918/7463/1450 5917/7464/1447 5913/7444/1444
f 6244/7465/1452 5916/7459/1449 5918/7461/1450 5919/7466/1453
f 5921/7467/1454 5919/7468/1453 5918/7463/1450 5920/7462/1451
f 5902/7441/1433 5921/7467/1454 5920/7462/1451 5904/7442/1434
f 5904/7442/1434 5920/7462/1451 5913/7444/1444 5906/7444/1436
f 5922/7469/1455 5924/7470/1456 5919/7468/1453 5921/7467/1454
f 5923/7443/1435 5922/7469/1455 5921/7467/1454 5902/7441/1433
f 5925/7471/1457 5922/7469/1455 5923/7443/1435 5927/7472/1458
f 5926/7473/1459 5924/7470/1456 5922/7469/1455 5925/7471/1457
f 5927/7472/1458 5923/7443/1435 5897/7436/1428 5895/7435/1460
f 5928/7474/1461 5929/7475/1462 5924/7476/1456 5926/7477/1459
f 5930/7478/1463 5931/7479/1464 5929/7475/1462 5928/7474/1461
f 5932/7480/1465 5934/7481/1466 5931/7479/1464 5930/7478/1463
f 5932/7480/1284 5933/7482/1284 5935/7483/1284 5934/7481/1284
f 5934/7481/1466 5935/7483/1467 5939/7484/1468 5936/7485/1469
f 5934/7481/1466 5936/7485/1469 5937/7486/1470 5931/7479/1464
f 5936/7485/1469 5938/7487/1471 6243/7456/1448 5937/7486/1470
f 5936/7485/1469 5939/7484/1468 5941/7488/1472 5938/7487/1471
f 5939/7484/1468 5940/7489/1295 5942/7490/1296 5941/7488/1472
f 5935/7483/1467 5980/7491/1297 5940/7489/1295 5939/7484/1468
f 5941/7488/1472 5942/7490/1296 5944/7492/1298 5943/7493/1473
f 5938/7487/1471 5941/7488/1472 5943/7493/1473 5946/7460/1474
f 5945/7494/1475 5943/7495/1473 5944/7496/1298 5954/7497/1303
f 5946/7446/1474 5943/7495/1473 5945/7494/1475 5947/7498/1476
f 5938/7487/1471 5946/7460/1474 5915/7457/1446 6243/7456/1448
f 5947/7498/1476 5912/7453/1443 5915/7455/1446 5946/7446/1474
f 5948/7499/1477 5910/7451/1441 5912/7453/1443 5947/7498/1476
f 5947/7498/1476 5945/7494/1475 5950/7500/1478 5948/7499/1477
f 5949/7501/1479 5908/7449/1440 5910/7451/1441 5948/7499/1477
f 5948/7499/1477 5950/7500/1478 5951/7502/1480 5949/7503/1479
f 5951/7502/1480 5950/7500/1478 5952/7504/1312 5953/7505/1481
f 5950/7500/1478 5945/7494/1475 5954/7497/1303 5952/7504/1312
f 5953/7505/1481 5952/7504/1312 5955/7506/1314 5956/7507/1315
f 5952/7504/1312 5954/7497/1303 5957/7508/1316 5955/7506/1314
f 5956/7507/1315 5955/7506/1314 5958/7509/1317 5959/7510/1318
f 5955/7506/1314 5957/7508/1316 5961/7511/1319 5958/7509/1317
f 5986/7512/1320 5959/7513/1318 5958/7514/1317 5960/7515/1321
f 5960/7515/1321 5958/7514/1317 5961/7516/1319 5962/7517/1322
f 5962/7517/1322 5961/7516/1319 5963/7518/1482 5964/7519/1324
f 5957/7508/1316 5965/7520/1325 5963/7521/1482 5961/7511/1319
f 5966/7522/1326 5964/7523/1324 5963/7524/1482 5965/7525/1325
f 5942/7490/1296 5966/7522/1326 5965/7525/1325 5944/7492/1298
f 5954/7497/1303 5944/7496/1298 5965/7520/1325 5957/7508/1316
f 5967/7526/1327 5969/7527/1328 5964/7523/1324 5966/7522/1326
f 5940/7489/1295 5967/7526/1327 5966/7522/1326 5942/7490/1296
f 5968/7528/1329 5970/7529/1330 5969/7527/1328 5967/7526/1327
f 5980/7491/1297 5968/7528/1329 5967/7526/1327 5940/7489/1295
f 5973/7530/1332 5971/7531/1331 5969/7532/1328 5970/7533/1330
f 5971/7531/1331 5962/7517/1322 5964/7519/1324 5969/7532/1328
f 5972/7534/1346 5960/7515/1321 5962/7517/1322 5971/7531/1331
f 5974/7535/1339 5972/7534/1346 5971/7531/1331 5973/7530/1332
f 5976/7536/1338 5974/7535/1339 5973/7530/1332 5975/7537/1333
f 5975/7537/1333 5973/7530/1332 5970/7533/1330 5977/7538/1334
f 5977/7539/1334 5970/7529/1330 5968/7528/1329 5978/7540/1335
f 5978/7540/1335 5968/7528/1329 5980/7491/1297 5979/7541/1336
f 5979/7541/1336 5980/7491/1297 5935/7483/1467 5933/7482/1337
f 5981/7542/1340 5983/7543/1341 5974/7535/1339 5976/7536/1338
f 5981/7542/1342 5982/7544/1342 5984/7545/1342 5983/7543/1342
f 5983/7543/1341 5984/7545/1483 5987/7546/1484 5985/7547/1345
f 5983/7543/1341 5985/7547/1345 5972/7534/1346 5974/7535/1339
f 5985/7547/1345 5986/7512/1320 5960/7515/1321 5972/7534/1346
f 5985/7547/1345 5987/7546/1484 5988/7548/1485 5986/7512/1320
f 5990/7549/1485 5988/7550/1485 5987/7546/1484 5989/7551/1484
f 5989/7551/1484 5987/7546/1484 5984/7545/1483 5991/7552/1483
f 5989/7551/1484 5992/7553/1484 5993/7554/1485 5990/7549/1485
f 5991/7552/1483 5995/7555/1483 5992/7553/1484 5989/7551/1484
f 6168/7556/1485 5993/7557/1485 5992/7553/1484 5994/7558/1484
f 5994/7558/1484 5992/7553/1484 5995/7555/1483 5997/7559/1483
f 5996/7560/1342 5999/7561/1342 5997/7559/1342 5995/7555/1342
f 6201/7562/1342 5996/7560/1342 5995/7555/1342 5991/7552/1342
f 5997/7559/1483 5998/7563/1483 6006/7564/1484 5994/7558/1484
f 5999/7561/1342 6000/7565/1342 5998/7563/1342 5997/7559/1342
f 6000/7565/1342 6001/7566/1342 6003/7567/1342 5998/7563/1342
f 6001/7566/1342 6002/7568/1342 6004/7569/1342 6003/7567/1342
f 6003/7567/1483 6004/7569/1483 6008/7570/1484 6005/7571/1484
f 5998/7563/1483 6003/7567/1483 6005/7571/1484 6006/7564/1484
f 6006/7564/1484 6005/7571/1484 6007/7572/1485 6169/7573/1485
f 6005/7571/1484 6008/7570/1484 6009/7574/1485 6007/7572/1485
f 6011/7575/1485 6009/7574/1485 6008/7570/1484 6010/7576/1484
f 6010/7576/1484 6008/7570/1484 6004/7569/1483 6012/7577/1483
f 6010/7576/1484 6013/7578/1484 6014/7579/1485 6011/7575/1485
f 6012/7577/1483 6016/7580/1483 6013/7578/1484 6010/7576/1484
f 6179/7581/1485 6014/7579/1485 6013/7578/1484 6015/7582/1484
f 6015/7582/1484 6013/7578/1484 6016/7583/1483 6017/7584/1483
f 6018/7585/1342 6019/7586/1342 6017/7584/1342 6016/7583/1342
f 6020/7587/1342 6018/7585/1342 6016/7580/1342 6012/7577/1342
f 6002/7568/1342 6020/7587/1342 6012/7577/1342 6004/7569/1342
f 6019/7586/1342 6021/7588/1342 6022/7589/1342 6017/7584/1342
f 6022/7589/1343 6021/7588/1486 6023/7590/1372 6024/7591/1350
f 6024/7591/1350 6023/7590/1372 6025/7592/1373 6026/7593/1370
f 6026/7593/1370 6025/7592/1373 6027/7594/1374 6028/7595/1371
f 6028/7596/1371 6027/7597/1374 6029/7598/1375 6030/7599/1376
f 6030/7599/1376 6029/7598/1375 6031/7600/1377 6032/7601/1378
f 6032/7601/1378 6031/7600/1377 6033/7602/1379 6035/7603/1487
f 6033/7602/1229 6034/7604/1229 6036/7605/1229 6035/7603/1229
f 6035/7603/1487 6036/7605/1488 6040/7606/1489 6037/7607/1490
f 6035/7603/1487 6037/7607/1490 6038/7608/1384 6032/7601/1378
f 6037/7607/1490 6039/7609/1491 6199/7610/1363 6038/7608/1384
f 6037/7607/1490 6040/7606/1489 6042/7611/1492 6039/7609/1491
f 6040/7606/1489 6041/7612/1235 6043/7613/1236 6042/7611/1492
f 6036/7605/1488 6077/7614/1237 6041/7612/1235 6040/7606/1489
f 6042/7611/1492 6043/7613/1236 6046/7615/1238 6044/7616/1493
f 6039/7609/1491 6042/7611/1492 6044/7616/1493 6047/7617/1494
f 6047/7618/1494 6044/7619/1493 6045/7620/1495 6049/7621/1496
f 6045/7620/1495 6044/7619/1493 6046/7622/1238 6058/7623/1241
f 6039/7609/1491 6047/7617/1494 6048/7624/1361 6199/7610/1363
f 6049/7621/1496 6050/7625/1358 6048/7626/1361 6047/7618/1494
f 6051/7627/1497 6052/7628/1356 6050/7625/1358 6049/7621/1496
f 6049/7621/1496 6045/7620/1495 6054/7629/1498 6051/7627/1497
f 6053/7630/1499 6184/7631/1355 6052/7628/1356 6051/7627/1497
f 6051/7627/1497 6054/7629/1498 6055/7632/1500 6053/7630/1499
f 6055/7632/1500 6054/7629/1498 6056/7633/1501 6057/7634/1502
f 6054/7629/1498 6045/7620/1495 6058/7623/1241 6056/7633/1501
f 6057/7634/1502 6056/7633/1501 6059/7635/1503 6060/7636/1504
f 6056/7633/1501 6058/7623/1241 6061/7637/1243 6059/7635/1503
f 6060/7636/1504 6059/7635/1503 6062/7638/1505 6063/7639/1506
f 6059/7635/1503 6061/7637/1243 6064/7640/1246 6062/7638/1505
f 6066/7641/1266 6063/7642/1506 6062/7643/1505 6065/7644/1267
f 6065/7644/1267 6062/7643/1505 6064/7645/1246 6068/7646/1250
f 6090/7647/1264 6066/7641/1266 6065/7644/1267 6067/7648/1265
f 6067/7648/1265 6065/7644/1267 6068/7646/1250 6069/7649/1251
f 6069/7649/1251 6068/7646/1250 6070/7650/1247 6071/7651/1249
f 6068/7646/1250 6064/7645/1246 6073/7652/1245 6070/7650/1247
f 6075/7653/1248 6071/7654/1249 6070/7655/1247 6072/7656/1244
f 6072/7656/1244 6070/7655/1247 6073/7657/1245 6074/7658/1242
f 6061/7637/1243 6074/7659/1242 6073/7660/1245 6064/7640/1246
f 6043/7613/1236 6072/7656/1244 6074/7658/1242 6046/7615/1238
f 6058/7623/1241 6046/7622/1238 6074/7659/1242 6061/7637/1243
f 6041/7612/1235 6075/7653/1248 6072/7656/1244 6043/7613/1236
f 6076/7661/1254 6078/7662/1253 6071/7654/1249 6075/7653/1248
f 6077/7614/1237 6076/7661/1254 6075/7653/1248 6041/7612/1235
f 6077/7614/1237 6080/7663/1258 6079/7664/1257 6076/7661/1254
f 6076/7661/1254 6079/7664/1257 6081/7665/1256 6078/7662/1253
f 6078/7666/1253 6081/7667/1256 6082/7668/1255 6083/7669/1252
f 6083/7669/1252 6082/7668/1255 6084/7670/1260 6085/7671/1261
f 6085/7671/1261 6084/7670/1260 6086/7672/1262 6088/7673/1263
f 6086/7672/1172 6087/7674/1172 6089/7675/1172 6088/7673/1172
f 6091/7676/1174 6090/7647/1264 6088/7673/1263 6089/7675/1173
f 6088/7673/1263 6090/7647/1264 6067/7648/1265 6085/7671/1261
f 6092/7677/1175 6066/7641/1266 6090/7647/1264 6091/7676/1174
f 6091/7676/1174 6093/7678/1174 6094/7679/1175 6092/7677/1175
f 6089/7675/1173 6096/7680/1173 6093/7678/1174 6091/7676/1174
f 6130/7681/1175 6094/7679/1175 6093/7678/1174 6095/7682/1174
f 6095/7682/1174 6093/7678/1174 6096/7680/1173 6097/7683/1173
f 6098/7684/1172 6099/7685/1172 6097/7683/1172 6096/7680/1172
f 6087/7674/1172 6098/7684/1172 6096/7680/1172 6089/7675/1172
f 6099/7685/1172 6100/7686/1172 6101/7687/1172 6097/7683/1172
f 6100/7686/1172 5634/7107/1172 6102/7110/1172 6101/7687/1172
f 6103/7688/1174 6095/7682/1174 6097/7683/1173 6101/7687/1173
f 6105/7689/1174 6103/7688/1174 6101/7687/1173 6102/7110/1173
f 6104/7690/1175 6130/7691/1175 6095/7682/1174 6103/7688/1174
f 6106/7692/1175 6104/7690/1175 6103/7688/1174 6105/7689/1174
f 6105/7689/1174 5641/7117/1174 6108/7119/1175 6106/7692/1175
f 6102/7110/1173 5635/7109/1173 5641/7117/1174 6105/7689/1174
f 6107/7693/1191 6128/7694/1191 6104/7690/1175 6106/7692/1175
f 6106/7692/1175 6108/7119/1175 6109/7695/1191 6107/7693/1191
f 6111/7696/1191 6109/7695/1191 6108/7119/1175 5642/7118/1175
f 6107/7697/1191 6109/7698/1191 6110/7699/1192 6125/7700/1192
f 6112/7701/1192 6110/7702/1192 6109/7698/1191 6111/7703/1191
f 6111/7703/1191 5657/7140/1191 5659/7704/1192 6112/7705/1192
f 5642/7118/1175 5644/7120/1175 5657/7137/1191 6111/7696/1191
f 6113/7706/1194 6114/7707/1194 6110/7702/1192 6112/7701/1192
f 6112/7705/1192 5659/7704/1192 5661/7142/1194 6113/7706/1194
f 6115/7708/1197 6118/7709/1197 6114/7707/1194 6113/7706/1194
f 6113/7706/1194 5661/7142/1194 6116/7145/1197 6115/7708/1197
f 6115/7708/1507 6116/7145/1507 6177/7710/1507 6117/7711/1507
f 6118/7709/1507 6115/7708/1507 6117/7711/1507 6119/7712/1507
f 6120/7713/1507 6118/7709/1507 6119/7712/1507 6122/7714/1507
f 6123/7715/1194 6114/7707/1194 6118/7709/1197 6120/7713/1197
f 6120/7713/1197 6121/7716/1197 6124/7717/1194 6123/7715/1194
f 6121/7716/1507 6120/7713/1507 6122/7714/1507 6142/7718/1507
f 6123/7715/1194 6124/7717/1194 6126/7719/1192 6125/7720/1192
f 6125/7700/1192 6110/7699/1192 6114/7707/1194 6123/7715/1194
f 6125/7720/1192 6126/7719/1192 6128/7721/1191 6107/7697/1191
f 6126/7722/1192 6127/7723/1192 6129/7724/1191 6128/7721/1191
f 6124/7717/1194 6139/7725/1194 6127/7723/1192 6126/7722/1192
f 6128/7694/1191 6129/7726/1191 6130/7691/1175 6104/7690/1175
f 6127/7727/1192 6132/7728/1192 6131/7729/1191 6129/7724/1191
f 6129/7726/1191 6131/7730/1191 6094/7679/1175 6130/7681/1175
f 6133/7731/1191 6131/7729/1191 6132/7732/1192 6134/7733/1192
f 6092/7677/1175 6094/7679/1175 6131/7730/1191 6133/7734/1191
f 6133/7734/1191 6063/7642/1506 6066/7641/1266 6092/7677/1175
f 6134/7735/1192 6060/7636/1504 6063/7639/1506 6133/7731/1191
f 6135/7736/1194 6057/7634/1502 6060/7636/1504 6134/7735/1192
f 6134/7733/1192 6132/7732/1192 6137/7737/1194 6135/7736/1194
f 6136/7738/1197 6055/7632/1500 6057/7634/1502 6135/7736/1194
f 6135/7736/1194 6137/7737/1194 6138/7739/1197 6136/7738/1197
f 6140/7740/1197 6138/7739/1197 6137/7737/1194 6139/7725/1194
f 6139/7725/1194 6137/7737/1194 6132/7728/1192 6127/7727/1192
f 6121/7716/1197 6140/7740/1197 6139/7725/1194 6124/7717/1194
f 6140/7740/1507 6121/7716/1507 6142/7718/1507 6141/7741/1507
f 6138/7739/1507 6140/7740/1507 6141/7741/1507 6143/7742/1507
f 6141/7741/1508 6142/7718/1508 6145/7743/1509 6144/7744/1509
f 6144/7745/1509 6147/7746/1509 6143/7742/1508 6141/7741/1508
f 6144/7744/1509 6145/7743/1509 6155/7747/1510 6146/7748/1510
f 6146/7749/1510 6149/7750/1510 6147/7746/1509 6144/7745/1509
f 6200/7751/1508 6143/7742/1508 6147/7752/1509 6148/7753/1509
f 6148/7753/1509 6147/7752/1509 6149/7754/1510 6150/7755/1510
f 6150/7755/1510 6149/7754/1510 6151/7756/1511 6152/7757/1511
f 6153/7758/1511 6151/7756/1511 6149/7750/1510 6146/7749/1510
f 6152/7759/1511 6151/7760/1511 6014/7579/1485 6179/7581/1485
f 6011/7575/1485 6014/7579/1485 6151/7760/1511 6153/7761/1511
f 6153/7761/1511 6154/7762/1511 6009/7574/1485 6011/7575/1485
f 6146/7748/1510 6155/7747/1510 6154/7561/1511 6153/7758/1511
f 6156/7763/1511 6154/7561/1511 6155/7764/1510 6158/7765/1510
f 6007/7572/1485 6009/7574/1485 6154/7762/1511 6156/7766/1511
f 6169/7573/1485 6007/7572/1485 6156/7766/1511 6157/7767/1511
f 6157/7768/1511 6156/7763/1511 6158/7769/1510 6159/7770/1510
f 6159/7770/1510 6158/7769/1510 6160/7771/1509 6161/7772/1509
f 6158/7765/1510 6155/7764/1510 6145/7773/1509 6160/7774/1509
f 6161/7772/1509 6160/7771/1509 6122/7714/1508 6119/7712/1508
f 6160/7774/1509 6145/7773/1509 6142/7718/1508 6122/7714/1508
f 6164/7775/1510 6159/7776/1510 6161/7777/1509 6162/7778/1509
f 6162/7778/1509 6161/7777/1509 6119/7712/1508 6117/7711/1508
f 6162/7779/1509 6163/7780/1509 6165/7781/1510 6164/7782/1510
f 6117/7711/1508 6177/7710/1508 6163/7780/1509 6162/7779/1509
f 6164/7782/1510 6165/7781/1510 6167/7783/1511 6166/7568/1511
f 6166/7568/1511 6157/7768/1511 6159/7776/1510 6164/7775/1510
f 6166/7784/1511 6167/7785/1511 5993/7557/1485 6168/7556/1485
f 6168/7556/1485 6169/7573/1485 6157/7767/1511 6166/7784/1511
f 5994/7558/1484 6006/7564/1484 6169/7573/1485 6168/7556/1485
f 6170/7786/1511 6167/7783/1511 6165/7787/1510 6172/7788/1510
f 5990/7549/1485 5993/7554/1485 6167/7785/1511 6170/7789/1511
f 6170/7789/1511 6171/7790/1511 5988/7550/1485 5990/7549/1485
f 6172/7791/1510 6173/7792/1510 6171/7793/1511 6170/7786/1511
f 6174/7794/1509 6175/7795/1509 6173/7792/1510 6172/7791/1510
f 6172/7788/1510 6165/7787/1510 6163/7796/1509 6174/7797/1509
f 6176/7798/1508 6178/7799/1508 6175/7795/1509 6174/7794/1509
f 6174/7797/1509 6163/7796/1509 6177/7710/1508 6176/7798/1508
f 5662/7144/1507 5664/7146/1507 6178/7799/1507 6176/7798/1507
f 6116/7145/1507 5662/7144/1507 6176/7798/1507 6177/7710/1507
f 5664/7800/1507 5949/7503/1507 5951/7502/1507 6178/7799/1507
f 5953/7505/1481 6175/7801/1509 6178/7799/1508 5951/7502/1480
f 5956/7507/1315 6173/7802/1510 6175/7801/1509 5953/7505/1481
f 5959/7510/1318 6171/7793/1511 6173/7802/1510 5956/7507/1315
f 5986/7512/1320 5988/7548/1485 6171/7790/1511 5959/7513/1318
f 6152/7757/1511 6180/7542/1352 6183/7803/1353 6150/7804/1510
f 6179/7581/1485 6182/7805/1347 6180/7806/1352 6152/7759/1511
f 6183/7803/1353 6180/7542/1352 6181/7807/1351 6185/7808/1354
f 6182/7805/1347 6195/7809/1349 6181/7810/1351 6180/7806/1352
f 6150/7804/1510 6183/7803/1353 6184/7631/1355 6148/7811/1509
f 6184/7631/1355 6183/7803/1353 6185/7808/1354 6052/7628/1356
f 6052/7628/1356 6185/7808/1354 6186/7812/1357 6050/7625/1358
f 6185/7808/1354 6181/7807/1351 6187/7813/1359 6186/7812/1357
f 6050/7625/1358 6186/7812/1357 6188/7814/1360 6048/7626/1361
f 6186/7812/1357 6187/7813/1359 6190/7815/1362 6188/7814/1360
f 6199/7610/1363 6048/7624/1361 6188/7816/1360 6189/7817/1364
f 6189/7817/1364 6188/7816/1360 6190/7818/1362 6191/7819/1365
f 6193/7820/1366 6191/7821/1365 6190/7822/1362 6187/7823/1359
f 6198/7824/1367 6189/7817/1364 6191/7819/1365 6192/7825/1368
f 6194/7826/1369 6192/7827/1368 6191/7821/1365 6193/7820/1366
f 6196/7828/1348 6194/7826/1369 6193/7820/1366 6195/7809/1349
f 6195/7809/1349 6193/7820/1366 6187/7823/1359 6181/7810/1351
f 6197/7829/1512 6196/7828/1348 6195/7809/1349 6182/7805/1347
f 6024/7591/1350 6026/7593/1370 6194/7826/1369 6196/7828/1348
f 6022/7589/1343 6024/7591/1350 6196/7828/1348 6197/7829/1512
f 6017/7584/1483 6022/7589/1343 6197/7829/1512 6015/7582/1484
f 6015/7582/1484 6197/7829/1512 6182/7805/1347 6179/7581/1485
f 6026/7593/1370 6028/7595/1371 6192/7827/1368 6194/7826/1369
f 6030/7599/1376 6198/7824/1367 6192/7825/1368 6028/7596/1371
f 6038/7608/1384 6199/7610/1363 6189/7817/1364 6198/7824/1367
f 6032/7601/1378 6038/7608/1384 6198/7824/1367 6030/7599/1376
f 6148/7811/1509 6184/7631/1355 6053/7630/1499 6200/7751/1508
f 6136/7738/1507 6138/7739/1507 6143/7742/1507 6200/7751/1507
f 6055/7632/1507 6136/7738/1507 6200/7751/1507 6053/7630/1507
f 6085/7671/1261 6067/7648/1265 6069/7649/1251 6083/7669/1252
f 6083/7669/1252 6069/7649/1251 6071/7651/1249 6078/7666/1253
f 6036/7605/1488 6034/7604/1259 6080/7663/1258 6077/7614/1237
f 5982/7544/1342 6201/7562/1342 5991/7552/1342 5984/7545/1342
f 6202/7830/1507 6204/7831/1507 5867/7832/1507 5949/7501/1507
f 6203/7833/1507 6202/7830/1507 5949/7834/1507 5664/7146/1507
f 5869/7450/1401 5908/7449/1440 5949/7501/1479 5867/7832/1399
f 6202/7830/1197 6203/7833/1513 6206/7835/1502 6205/7836/1194
f 6205/7836/1194 6208/7837/1194 6204/7831/1197 6202/7830/1197
f 6205/7836/1194 6206/7835/1502 6217/7838/1504 6207/7839/1192
f 6207/7839/1192 6210/7840/1192 6208/7837/1194 6205/7836/1194
f 6242/7289/1310 6204/7831/1197 6208/7837/1194 6209/7841/1514
f 6209/7841/1514 6208/7837/1194 6210/7840/1192 6211/7842/1515
f 6211/7842/1515 6210/7840/1192 6212/7843/1191 6213/7844/1516
f 6214/7845/1191 6212/7843/1191 6210/7840/1192 6207/7839/1192
f 6213/7846/1516 6212/7847/1191 5739/7237/1175 6224/7239/1268
f 5737/7235/1175 5739/7237/1175 6212/7847/1191 6214/7848/1191
f 6214/7848/1191 6215/7849/1506 5735/7233/1266 5737/7235/1175
f 6207/7839/1192 6217/7838/1504 6215/7850/1506 6214/7845/1191
f 5735/7233/1266 6215/7849/1506 6216/7851/1505 6221/7234/1267
f 6217/7838/1504 6218/7852/1503 6216/7853/1505 6215/7850/1506
f 6206/7835/1502 6219/7854/1501 6218/7852/1503 6217/7838/1504
f 6219/7854/1501 5709/7198/1241 5711/7200/1243 6218/7852/1503
f 6218/7852/1503 5711/7200/1243 6222/7204/1246 6216/7853/1505
f 6220/7855/1517 5707/7194/1240 5709/7198/1241 6219/7854/1501
f 6203/7833/1513 6220/7855/1517 6219/7854/1501 6206/7835/1502
f 6203/7833/1513 5664/7146/1198 5666/7856/1200 6220/7855/1517
f 6220/7855/1517 5666/7856/1200 5669/7195/1202 5707/7194/1240
f 6221/7234/1267 6216/7851/1505 6222/7210/1246 5716/7209/1250
f 5734/7232/1265 6221/7234/1267 5716/7209/1250 5718/7213/1251
f 6211/7842/1515 6213/7844/1516 6223/7857/1518 6241/7858/1519
f 6224/7239/1268 6225/7859/1520 6223/7860/1518 6213/7846/1516
f 5740/7240/1269 6226/7861/1521 6225/7859/1520 6224/7239/1268
f 6226/7861/1521 6228/7862/1522 6227/7863/1523 6225/7859/1520
f 6225/7859/1520 6227/7863/1523 6230/7864/1524 6223/7860/1518
f 6228/7862/1522 6238/7865/1525 6229/7866/1526 6227/7863/1523
f 6227/7863/1523 6229/7866/1526 6232/7867/1527 6230/7864/1524
f 6241/7858/1519 6223/7857/1518 6230/7868/1524 6231/7869/1528
f 6231/7869/1528 6230/7868/1524 6232/7870/1527 6233/7871/1529
f 6235/7872/1530 6233/7873/1529 6232/7874/1527 6229/7875/1526
f 6239/7876/1531 6231/7869/1528 6233/7871/1529 6234/7877/1532
f 6236/7264/1290 6234/7878/1532 6233/7873/1529 6235/7872/1530
f 5760/7262/1288 6236/7264/1290 6235/7872/1530 6237/7879/1533
f 6237/7879/1533 6235/7872/1530 6229/7875/1526 6238/7880/1525
f 5754/7255/1281 5760/7262/1288 6237/7879/1533 5752/7253/1279
f 5752/7253/1279 6237/7879/1533 6238/7880/1525 5750/7250/1277
f 5748/7247/1275 5750/7249/1277 6238/7865/1525 6228/7862/1522
f 5761/7263/1289 5773/7282/1304 6234/7878/1532 6236/7264/1290
f 5775/7283/1305 6239/7876/1531 6234/7877/1532 5773/7284/1304
f 6240/7881/1534 6241/7858/1519 6231/7869/1528 6239/7876/1531
f 5777/7286/1307 6240/7881/1534 6239/7876/1531 5775/7283/1305
f 6209/7841/1514 6211/7842/1515 6241/7858/1519 6240/7881/1534
f 6242/7289/1310 6209/7841/1514 6240/7881/1534 5777/7286/1307
f 5746/7245/1273 5748/7247/1275 6228/7862/1522 6226/7861/1521
f 5742/7241/1270 5746/7245/1273 6226/7861/1521 5740/7240/1269
f 6204/7831/1507 6242/7289/1507 5778/7288/1507 5867/7882/1507
f 5937/7486/1470 6243/7456/1448 5916/7459/1449 6244/7465/1452
f 5931/7479/1464 5937/7486/1470 6244/7465/1452 5929/7475/1462
f 5929/7475/1462 6244/7465/1452 5919/7466/1453 5924/7476/1456
f 5893/7432/1425 5899/7439/1431 5886/7423/1419 5888/7425/1420
f 5899/7439/1431 5876/7412/1409 5878/7414/1410 5886/7423/1419
f 6246/7390/1389 6245/7883/1535 5890/7429/1423 5884/7421/1417
f 5851/7382/1381 5849/7381/1536 6245/7883/1535 6246/7390/1389
f 5867/7401/1507 5778/7288/1507 5780/7290/1507 5865/7400/1507
f 5782/7292/1313 5824/7346/1355 5865/7400/1398 5780/7290/1311
f 5853/7385/1384 6247/7354/1363 5832/7357/1364 6248/7364/1367
f 5847/7378/1378 5853/7385/1384 6248/7364/1367 5845/7376/1376
f 5845/7376/1376 6248/7364/1367 5835/7365/1368 5840/7373/1371
f 5813/7332/1343 5811/7331/1486 5842/7370/1372 5839/7339/1350
f 5809/7328/1339 5815/7335/1346 5799/7317/1331 5801/7319/1332
f 5815/7335/1346 5789/7302/1321 5791/7304/1322 5799/7317/1331
f 5728/7225/1261 5734/7232/1265 5718/7213/1251 5720/7215/1252
f 5694/7180/1226 5700/7187/1233 5683/7168/1218 5685/7170/1219
f 5700/7187/1233 5673/7157/1208 5675/7159/1209 5683/7168/1218
